ISO-10303-21;
HEADER;
FILE_DESCRIPTION(('KiCad electronic assembly'),'2;1');
FILE_NAME('B-MC34063A-BRK_R1.0_Step.step','2026-02-20T13:09:12',(
    'Pcbnew'),('Kicad'),'Open CASCADE STEP processor 7.6',
  'KiCad to STEP converter','Unknown');
FILE_SCHEMA(('AUTOMOTIVE_DESIGN { 1 0 10303 214 1 1 1 1 }'));
ENDSEC;
DATA;
#1 = APPLICATION_PROTOCOL_DEFINITION('international standard',
  'automotive_design',2000,#2);
#2 = APPLICATION_CONTEXT(
  'core data for automotive mechanical design processes');
#3 = SHAPE_DEFINITION_REPRESENTATION(#4,#10);
#4 = PRODUCT_DEFINITION_SHAPE('','',#5);
#5 = PRODUCT_DEFINITION('design','',#6,#9);
#6 = PRODUCT_DEFINITION_FORMATION('','',#7);
#7 = PRODUCT('B-MC34063A-BRK_R1.0_Step 1','B-MC34063A-BRK_R1.0_Step 1',
  '',(#8));
#8 = PRODUCT_CONTEXT('',#2,'mechanical');
#9 = PRODUCT_DEFINITION_CONTEXT('part definition',#2,'design');
#10 = SHAPE_REPRESENTATION('',(#11,#15,#19,#23,#27,#31,#35,#39,#43,#47,
    #51,#55,#59,#63,#67,#71),#75);
#11 = AXIS2_PLACEMENT_3D('',#12,#13,#14);
#12 = CARTESIAN_POINT('',(0.,0.,0.));
#13 = DIRECTION('',(0.,0.,1.));
#14 = DIRECTION('',(1.,0.,-0.));
#15 = AXIS2_PLACEMENT_3D('',#16,#17,#18);
#16 = CARTESIAN_POINT('',(0.3,8.E-02,1.595));
#17 = DIRECTION('',(0.,0.,1.));
#18 = DIRECTION('',(-1.,1.224646799147E-16,0.));
#19 = AXIS2_PLACEMENT_3D('',#20,#21,#22);
#20 = CARTESIAN_POINT('',(16.8225,11.255,1.595));
#21 = DIRECTION('',(0.,-0.,1.));
#22 = DIRECTION('',(1.110223024625E-16,1.,0.));
#23 = AXIS2_PLACEMENT_3D('',#24,#25,#26);
#24 = CARTESIAN_POINT('',(17.295,6.,1.595));
#25 = DIRECTION('',(-0.,0.,1.));
#26 = DIRECTION('',(1.110223024625E-16,-1.,0.));
#27 = AXIS2_PLACEMENT_3D('',#28,#29,#30);
#28 = CARTESIAN_POINT('',(6.72,0.21,1.595));
#29 = DIRECTION('',(0.,-0.,1.));
#30 = DIRECTION('',(1.110223024625E-16,1.,0.));
#31 = AXIS2_PLACEMENT_3D('',#32,#33,#34);
#32 = CARTESIAN_POINT('',(8.27,0.21,1.595));
#33 = DIRECTION('',(-0.,0.,1.));
#34 = DIRECTION('',(1.110223024625E-16,-1.,0.));
#35 = AXIS2_PLACEMENT_3D('',#36,#37,#38);
#36 = CARTESIAN_POINT('',(-4.93,1.69,1.595));
#37 = DIRECTION('',(0.,-0.,1.));
#38 = DIRECTION('',(1.110223024625E-16,1.,0.));
#39 = AXIS2_PLACEMENT_3D('',#40,#41,#42);
#40 = CARTESIAN_POINT('',(15.0825,11.215,1.595));
#41 = DIRECTION('',(0.,-0.,1.));
#42 = DIRECTION('',(1.110223024625E-16,1.,0.));
#43 = AXIS2_PLACEMENT_3D('',#44,#45,#46);
#44 = CARTESIAN_POINT('',(-4.93,-2.21,1.595));
#45 = DIRECTION('',(0.,-0.,1.));
#46 = DIRECTION('',(1.110223024625E-16,1.,0.));
#47 = AXIS2_PLACEMENT_3D('',#48,#49,#50);
#48 = CARTESIAN_POINT('',(8.35,-2.53,1.595));
#49 = DIRECTION('',(0.,0.,1.));
#50 = DIRECTION('',(-1.,1.224646799147E-16,0.));
#51 = AXIS2_PLACEMENT_3D('',#52,#53,#54);
#52 = CARTESIAN_POINT('',(-16.98,3.49,1.595));
#53 = DIRECTION('',(0.,-0.,1.));
#54 = DIRECTION('',(1.110223024625E-16,1.,0.));
#55 = AXIS2_PLACEMENT_3D('',#56,#57,#58);
#56 = CARTESIAN_POINT('',(-8.32,0.21,1.595));
#57 = DIRECTION('',(0.,0.,1.));
#58 = DIRECTION('',(-1.,1.224646799147E-16,0.));
#59 = AXIS2_PLACEMENT_3D('',#60,#61,#62);
#60 = CARTESIAN_POINT('',(-7.07,9.67,1.595));
#61 = DIRECTION('',(0.,0.,1.));
#62 = DIRECTION('',(-1.,-1.224646799147E-16,0.));
#63 = AXIS2_PLACEMENT_3D('',#64,#65,#66);
#64 = CARTESIAN_POINT('',(5.18,0.2,1.595));
#65 = DIRECTION('',(-0.,0.,1.));
#66 = DIRECTION('',(1.110223024625E-16,-1.,0.));
#67 = AXIS2_PLACEMENT_3D('',#68,#69,#70);
#68 = CARTESIAN_POINT('',(8.903959,8.89,1.595));
#69 = DIRECTION('',(0.,0.,1.));
#70 = DIRECTION('',(-1.,1.224646799147E-16,0.));
#71 = AXIS2_PLACEMENT_3D('',#72,#73,#74);
#72 = CARTESIAN_POINT('',(0.,0.,0.));
#73 = DIRECTION('',(0.,0.,1.));
#74 = DIRECTION('',(1.,0.,-0.));
#75 = ( GEOMETRIC_REPRESENTATION_CONTEXT(3) 
GLOBAL_UNCERTAINTY_ASSIGNED_CONTEXT((#79)) GLOBAL_UNIT_ASSIGNED_CONTEXT(
(#76,#77,#78)) REPRESENTATION_CONTEXT('Context #1',
  '3D Context with UNIT and UNCERTAINTY') );
#76 = ( LENGTH_UNIT() NAMED_UNIT(*) SI_UNIT(.MILLI.,.METRE.) );
#77 = ( NAMED_UNIT(*) PLANE_ANGLE_UNIT() SI_UNIT($,.RADIAN.) );
#78 = ( NAMED_UNIT(*) SI_UNIT($,.STERADIAN.) SOLID_ANGLE_UNIT() );
#79 = UNCERTAINTY_MEASURE_WITH_UNIT(LENGTH_MEASURE(5.E-07),#76,
  'distance_accuracy_value','confusion accuracy');
#80 = PRODUCT_RELATED_PRODUCT_CATEGORY('part',$,(#7));
#81 = SHAPE_DEFINITION_REPRESENTATION(#82,#88);
#82 = PRODUCT_DEFINITION_SHAPE('','',#83);
#83 = PRODUCT_DEFINITION('design','',#84,#87);
#84 = PRODUCT_DEFINITION_FORMATION('','',#85);
#85 = PRODUCT('SOIC-8_3.9x4.9mm_P1.27mm','SOIC-8_3.9x4.9mm_P1.27mm','',(
    #86));
#86 = PRODUCT_CONTEXT('',#2,'mechanical');
#87 = PRODUCT_DEFINITION_CONTEXT('part definition',#2,'design');
#88 = ADVANCED_BREP_SHAPE_REPRESENTATION('',(#11,#89),#4557);
#89 = MANIFOLD_SOLID_BREP('',#90);
#90 = CLOSED_SHELL('',(#91,#129,#192,#215,#244,#267,#354,#441,#464,#487,
    #504,#527,#615,#631,#661,#692,#723,#754,#785,#816,#847,#878,#895,
    #912,#943,#974,#1005,#1036,#1067,#1098,#1129,#1159,#1182,#1205,#1222
    ,#1267,#1353,#1376,#1399,#1422,#1509,#1547,#1596,#1688,#1713,#1797,
    #1819,#1911,#1936,#2020,#2042,#2134,#2159,#2243,#2260,#2345,#2370,
    #2447,#2532,#2557,#2634,#2651,#2743,#2768,#2852,#2874,#2966,#2991,
    #3075,#3097,#3189,#3214,#3298,#3315,#3334,#3353,#3372,#3418,#3434,
    #3453,#3472,#3491,#3507,#3524,#3536,#3553,#3570,#3587,#3604,#3621,
    #3638,#3655,#3667,#3684,#3701,#3718,#3735,#3752,#3769,#3786,#3798,
    #3815,#3832,#3849,#3866,#3883,#3900,#3917,#3929,#3946,#3963,#3980,
    #3997,#4014,#4031,#4043,#4060,#4077,#4094,#4111,#4128,#4145,#4157,
    #4174,#4191,#4208,#4225,#4242,#4259,#4276,#4288,#4305,#4322,#4339,
    #4356,#4373,#4390,#4407,#4419,#4436,#4453,#4470,#4487,#4504,#4521,
    #4538,#4550));
#91 = ADVANCED_FACE('',(#92),#124,.F.);
#92 = FACE_BOUND('',#93,.F.);
#93 = EDGE_LOOP('',(#94,#104,#111,#119));
#94 = ORIENTED_EDGE('',*,*,#95,.T.);
#95 = EDGE_CURVE('',#96,#98,#100,.T.);
#96 = VERTEX_POINT('',#97);
#97 = CARTESIAN_POINT('',(-1.717585640382,2.335171280765,0.1));
#98 = VERTEX_POINT('',#99);
#99 = CARTESIAN_POINT('',(1.717585640382,2.335171280765,0.1));
#100 = LINE('',#101,#102);
#101 = CARTESIAN_POINT('',(-1.717585640382,2.335171280765,0.1));
#102 = VECTOR('',#103,1.);
#103 = DIRECTION('',(1.,1.110223024625E-16,0.));
#104 = ORIENTED_EDGE('',*,*,#105,.T.);
#105 = EDGE_CURVE('',#98,#106,#108,.T.);
#106 = VERTEX_POINT('',#107);
#107 = CARTESIAN_POINT('',(1.775,2.45,0.825));
#108 = B_SPLINE_CURVE_WITH_KNOTS('',1,(#109,#110),.UNSPECIFIED.,.F.,.F.,
  (2,2),(0.,1.),.PIECEWISE_BEZIER_KNOTS.);
#109 = CARTESIAN_POINT('',(1.717585640382,2.335171280765,0.1));
#110 = CARTESIAN_POINT('',(1.775,2.45,0.825));
#111 = ORIENTED_EDGE('',*,*,#112,.F.);
#112 = EDGE_CURVE('',#113,#106,#115,.T.);
#113 = VERTEX_POINT('',#114);
#114 = CARTESIAN_POINT('',(-1.775,2.45,0.825));
#115 = LINE('',#116,#117);
#116 = CARTESIAN_POINT('',(-1.775,2.45,0.825));
#117 = VECTOR('',#118,1.);
#118 = DIRECTION('',(1.,1.110223024625E-16,0.));
#119 = ORIENTED_EDGE('',*,*,#120,.F.);
#120 = EDGE_CURVE('',#96,#113,#121,.T.);
#121 = B_SPLINE_CURVE_WITH_KNOTS('',1,(#122,#123),.UNSPECIFIED.,.F.,.F.,
  (2,2),(0.,1.),.PIECEWISE_BEZIER_KNOTS.);
#122 = CARTESIAN_POINT('',(-1.717585640382,2.335171280765,0.1));
#123 = CARTESIAN_POINT('',(-1.775,2.45,0.825));
#124 = B_SPLINE_SURFACE_WITH_KNOTS('',1,1,(
    (#125,#126)
    ,(#127,#128
    )),.UNSPECIFIED.,.F.,.F.,.F.,(2,2),(2,2),(0.,3.55),(0.,1.),
  .PIECEWISE_BEZIER_KNOTS.);
#125 = CARTESIAN_POINT('',(-1.717585640382,2.335171280765,0.1));
#126 = CARTESIAN_POINT('',(-1.775,2.45,0.825));
#127 = CARTESIAN_POINT('',(1.717585640382,2.335171280765,0.1));
#128 = CARTESIAN_POINT('',(1.775,2.45,0.825));
#129 = ADVANCED_FACE('',(#130),#187,.F.);
#130 = FACE_BOUND('',#131,.T.);
#131 = EDGE_LOOP('',(#132,#133,#141,#149,#157,#165,#173,#181));
#132 = ORIENTED_EDGE('',*,*,#95,.T.);
#133 = ORIENTED_EDGE('',*,*,#134,.T.);
#134 = EDGE_CURVE('',#98,#135,#137,.T.);
#135 = VERTEX_POINT('',#136);
#136 = CARTESIAN_POINT('',(1.835171280765,2.217585640382,0.1));
#137 = LINE('',#138,#139);
#138 = CARTESIAN_POINT('',(1.717585640382,2.335171280765,0.1));
#139 = VECTOR('',#140,1.);
#140 = DIRECTION('',(0.707106781187,-0.707106781187,0.));
#141 = ORIENTED_EDGE('',*,*,#142,.T.);
#142 = EDGE_CURVE('',#135,#143,#145,.T.);
#143 = VERTEX_POINT('',#144);
#144 = CARTESIAN_POINT('',(1.835171280765,-2.217585640382,0.1));
#145 = LINE('',#146,#147);
#146 = CARTESIAN_POINT('',(1.835171280765,2.217585640382,0.1));
#147 = VECTOR('',#148,1.);
#148 = DIRECTION('',(1.110223024625E-16,-1.,0.));
#149 = ORIENTED_EDGE('',*,*,#150,.T.);
#150 = EDGE_CURVE('',#143,#151,#153,.T.);
#151 = VERTEX_POINT('',#152);
#152 = CARTESIAN_POINT('',(1.717585640382,-2.335171280765,0.1));
#153 = LINE('',#154,#155);
#154 = CARTESIAN_POINT('',(1.835171280765,-2.217585640382,0.1));
#155 = VECTOR('',#156,1.);
#156 = DIRECTION('',(-0.707106781187,-0.707106781187,0.));
#157 = ORIENTED_EDGE('',*,*,#158,.T.);
#158 = EDGE_CURVE('',#151,#159,#161,.T.);
#159 = VERTEX_POINT('',#160);
#160 = CARTESIAN_POINT('',(-1.717585640382,-2.335171280765,0.1));
#161 = LINE('',#162,#163);
#162 = CARTESIAN_POINT('',(1.717585640382,-2.335171280765,0.1));
#163 = VECTOR('',#164,1.);
#164 = DIRECTION('',(-1.,-1.110223024625E-16,0.));
#165 = ORIENTED_EDGE('',*,*,#166,.T.);
#166 = EDGE_CURVE('',#159,#167,#169,.T.);
#167 = VERTEX_POINT('',#168);
#168 = CARTESIAN_POINT('',(-1.835171280765,-2.217585640382,0.1));
#169 = LINE('',#170,#171);
#170 = CARTESIAN_POINT('',(-1.717585640382,-2.335171280765,0.1));
#171 = VECTOR('',#172,1.);
#172 = DIRECTION('',(-0.707106781187,0.707106781187,0.));
#173 = ORIENTED_EDGE('',*,*,#174,.T.);
#174 = EDGE_CURVE('',#167,#175,#177,.T.);
#175 = VERTEX_POINT('',#176);
#176 = CARTESIAN_POINT('',(-1.835171280765,2.217585640382,0.1));
#177 = LINE('',#178,#179);
#178 = CARTESIAN_POINT('',(-1.835171280765,-2.217585640382,0.1));
#179 = VECTOR('',#180,1.);
#180 = DIRECTION('',(-1.110223024625E-16,1.,0.));
#181 = ORIENTED_EDGE('',*,*,#182,.T.);
#182 = EDGE_CURVE('',#175,#96,#183,.T.);
#183 = LINE('',#184,#185);
#184 = CARTESIAN_POINT('',(-1.835171280765,2.217585640382,0.1));
#185 = VECTOR('',#186,1.);
#186 = DIRECTION('',(0.707106781187,0.707106781187,0.));
#187 = PLANE('',#188);
#188 = AXIS2_PLACEMENT_3D('',#189,#190,#191);
#189 = CARTESIAN_POINT('',(-1.717585640382,2.335171280765,0.1));
#190 = DIRECTION('',(0.,0.,1.));
#191 = DIRECTION('',(0.592513131498,-0.805560791625,0.));
#192 = ADVANCED_FACE('',(#193),#210,.F.);
#193 = FACE_BOUND('',#194,.F.);
#194 = EDGE_LOOP('',(#195,#196,#203,#209));
#195 = ORIENTED_EDGE('',*,*,#134,.T.);
#196 = ORIENTED_EDGE('',*,*,#197,.T.);
#197 = EDGE_CURVE('',#135,#198,#200,.T.);
#198 = VERTEX_POINT('',#199);
#199 = CARTESIAN_POINT('',(1.95,2.275,0.825));
#200 = B_SPLINE_CURVE_WITH_KNOTS('',1,(#201,#202),.UNSPECIFIED.,.F.,.F.,
  (2,2),(0.,1.),.PIECEWISE_BEZIER_KNOTS.);
#201 = CARTESIAN_POINT('',(1.835171280765,2.217585640382,0.1));
#202 = CARTESIAN_POINT('',(1.95,2.275,0.825));
#203 = ORIENTED_EDGE('',*,*,#204,.F.);
#204 = EDGE_CURVE('',#106,#198,#205,.T.);
#205 = LINE('',#206,#207);
#206 = CARTESIAN_POINT('',(1.775,2.45,0.825));
#207 = VECTOR('',#208,1.);
#208 = DIRECTION('',(0.707106781187,-0.707106781187,0.));
#209 = ORIENTED_EDGE('',*,*,#105,.F.);
#210 = B_SPLINE_SURFACE_WITH_KNOTS('',1,1,(
    (#211,#212)
    ,(#213,#214
    )),.UNSPECIFIED.,.F.,.F.,.F.,(2,2),(2,2),(0.,0.247487373415),(0.,1.)
  ,.PIECEWISE_BEZIER_KNOTS.);
#211 = CARTESIAN_POINT('',(1.717585640382,2.335171280765,0.1));
#212 = CARTESIAN_POINT('',(1.775,2.45,0.825));
#213 = CARTESIAN_POINT('',(1.835171280765,2.217585640382,0.1));
#214 = CARTESIAN_POINT('',(1.95,2.275,0.825));
#215 = ADVANCED_FACE('',(#216),#239,.F.);
#216 = FACE_BOUND('',#217,.F.);
#217 = EDGE_LOOP('',(#218,#219,#226,#234));
#218 = ORIENTED_EDGE('',*,*,#112,.T.);
#219 = ORIENTED_EDGE('',*,*,#220,.T.);
#220 = EDGE_CURVE('',#106,#221,#223,.T.);
#221 = VERTEX_POINT('',#222);
#222 = CARTESIAN_POINT('',(1.775,2.45,1.025));
#223 = B_SPLINE_CURVE_WITH_KNOTS('',1,(#224,#225),.UNSPECIFIED.,.F.,.F.,
  (2,2),(0.,1.),.PIECEWISE_BEZIER_KNOTS.);
#224 = CARTESIAN_POINT('',(1.775,2.45,0.825));
#225 = CARTESIAN_POINT('',(1.775,2.45,1.025));
#226 = ORIENTED_EDGE('',*,*,#227,.F.);
#227 = EDGE_CURVE('',#228,#221,#230,.T.);
#228 = VERTEX_POINT('',#229);
#229 = CARTESIAN_POINT('',(-1.775,2.45,1.025));
#230 = LINE('',#231,#232);
#231 = CARTESIAN_POINT('',(-1.775,2.45,1.025));
#232 = VECTOR('',#233,1.);
#233 = DIRECTION('',(1.,1.110223024625E-16,0.));
#234 = ORIENTED_EDGE('',*,*,#235,.F.);
#235 = EDGE_CURVE('',#113,#228,#236,.T.);
#236 = B_SPLINE_CURVE_WITH_KNOTS('',1,(#237,#238),.UNSPECIFIED.,.F.,.F.,
  (2,2),(0.,1.),.PIECEWISE_BEZIER_KNOTS.);
#237 = CARTESIAN_POINT('',(-1.775,2.45,0.825));
#238 = CARTESIAN_POINT('',(-1.775,2.45,1.025));
#239 = PLANE('',#240);
#240 = AXIS2_PLACEMENT_3D('',#241,#242,#243);
#241 = CARTESIAN_POINT('',(-1.775,2.45,1.025));
#242 = DIRECTION('',(1.110223024625E-16,-1.,0.));
#243 = DIRECTION('',(1.,1.110223024625E-16,0.));
#244 = ADVANCED_FACE('',(#245),#262,.F.);
#245 = FACE_BOUND('',#246,.F.);
#246 = EDGE_LOOP('',(#247,#248,#249,#257));
#247 = ORIENTED_EDGE('',*,*,#182,.T.);
#248 = ORIENTED_EDGE('',*,*,#120,.T.);
#249 = ORIENTED_EDGE('',*,*,#250,.F.);
#250 = EDGE_CURVE('',#251,#113,#253,.T.);
#251 = VERTEX_POINT('',#252);
#252 = CARTESIAN_POINT('',(-1.95,2.275,0.825));
#253 = LINE('',#254,#255);
#254 = CARTESIAN_POINT('',(-1.95,2.275,0.825));
#255 = VECTOR('',#256,1.);
#256 = DIRECTION('',(0.707106781187,0.707106781187,0.));
#257 = ORIENTED_EDGE('',*,*,#258,.F.);
#258 = EDGE_CURVE('',#175,#251,#259,.T.);
#259 = B_SPLINE_CURVE_WITH_KNOTS('',1,(#260,#261),.UNSPECIFIED.,.F.,.F.,
  (2,2),(0.,1.),.PIECEWISE_BEZIER_KNOTS.);
#260 = CARTESIAN_POINT('',(-1.835171280765,2.217585640382,0.1));
#261 = CARTESIAN_POINT('',(-1.95,2.275,0.825));
#262 = B_SPLINE_SURFACE_WITH_KNOTS('',1,1,(
    (#263,#264)
    ,(#265,#266
    )),.UNSPECIFIED.,.F.,.F.,.F.,(2,2),(2,2),(0.,0.247487373415),(0.,1.)
  ,.PIECEWISE_BEZIER_KNOTS.);
#263 = CARTESIAN_POINT('',(-1.835171280765,2.217585640382,0.1));
#264 = CARTESIAN_POINT('',(-1.95,2.275,0.825));
#265 = CARTESIAN_POINT('',(-1.717585640382,2.335171280765,0.1));
#266 = CARTESIAN_POINT('',(-1.775,2.45,0.825));
#267 = ADVANCED_FACE('',(#268),#349,.F.);
#268 = FACE_BOUND('',#269,.F.);
#269 = EDGE_LOOP('',(#270,#271,#272,#280,#288,#296,#304,#312,#320,#328,
    #336,#344));
#270 = ORIENTED_EDGE('',*,*,#174,.T.);
#271 = ORIENTED_EDGE('',*,*,#258,.T.);
#272 = ORIENTED_EDGE('',*,*,#273,.F.);
#273 = EDGE_CURVE('',#274,#251,#276,.T.);
#274 = VERTEX_POINT('',#275);
#275 = CARTESIAN_POINT('',(-1.95,2.11,0.825));
#276 = LINE('',#277,#278);
#277 = CARTESIAN_POINT('',(-1.95,-2.275,0.825));
#278 = VECTOR('',#279,1.);
#279 = DIRECTION('',(-1.110223024625E-16,1.,0.));
#280 = ORIENTED_EDGE('',*,*,#281,.F.);
#281 = EDGE_CURVE('',#282,#274,#284,.T.);
#282 = VERTEX_POINT('',#283);
#283 = CARTESIAN_POINT('',(-1.95,1.7,0.825));
#284 = LINE('',#285,#286);
#285 = CARTESIAN_POINT('',(-1.95,-2.275,0.825));
#286 = VECTOR('',#287,1.);
#287 = DIRECTION('',(-1.110223024625E-16,1.,0.));
#288 = ORIENTED_EDGE('',*,*,#289,.F.);
#289 = EDGE_CURVE('',#290,#282,#292,.T.);
#290 = VERTEX_POINT('',#291);
#291 = CARTESIAN_POINT('',(-1.95,0.84,0.825));
#292 = LINE('',#293,#294);
#293 = CARTESIAN_POINT('',(-1.95,-2.275,0.825));
#294 = VECTOR('',#295,1.);
#295 = DIRECTION('',(-1.110223024625E-16,1.,0.));
#296 = ORIENTED_EDGE('',*,*,#297,.F.);
#297 = EDGE_CURVE('',#298,#290,#300,.T.);
#298 = VERTEX_POINT('',#299);
#299 = CARTESIAN_POINT('',(-1.95,0.43,0.825));
#300 = LINE('',#301,#302);
#301 = CARTESIAN_POINT('',(-1.95,-2.275,0.825));
#302 = VECTOR('',#303,1.);
#303 = DIRECTION('',(-1.110223024625E-16,1.,0.));
#304 = ORIENTED_EDGE('',*,*,#305,.F.);
#305 = EDGE_CURVE('',#306,#298,#308,.T.);
#306 = VERTEX_POINT('',#307);
#307 = CARTESIAN_POINT('',(-1.95,-0.43,0.825));
#308 = LINE('',#309,#310);
#309 = CARTESIAN_POINT('',(-1.95,-2.275,0.825));
#310 = VECTOR('',#311,1.);
#311 = DIRECTION('',(-1.110223024625E-16,1.,0.));
#312 = ORIENTED_EDGE('',*,*,#313,.F.);
#313 = EDGE_CURVE('',#314,#306,#316,.T.);
#314 = VERTEX_POINT('',#315);
#315 = CARTESIAN_POINT('',(-1.95,-0.84,0.825));
#316 = LINE('',#317,#318);
#317 = CARTESIAN_POINT('',(-1.95,-2.275,0.825));
#318 = VECTOR('',#319,1.);
#319 = DIRECTION('',(-1.110223024625E-16,1.,0.));
#320 = ORIENTED_EDGE('',*,*,#321,.F.);
#321 = EDGE_CURVE('',#322,#314,#324,.T.);
#322 = VERTEX_POINT('',#323);
#323 = CARTESIAN_POINT('',(-1.95,-1.7,0.825));
#324 = LINE('',#325,#326);
#325 = CARTESIAN_POINT('',(-1.95,-2.275,0.825));
#326 = VECTOR('',#327,1.);
#327 = DIRECTION('',(-1.110223024625E-16,1.,0.));
#328 = ORIENTED_EDGE('',*,*,#329,.F.);
#329 = EDGE_CURVE('',#330,#322,#332,.T.);
#330 = VERTEX_POINT('',#331);
#331 = CARTESIAN_POINT('',(-1.95,-2.11,0.825));
#332 = LINE('',#333,#334);
#333 = CARTESIAN_POINT('',(-1.95,-2.275,0.825));
#334 = VECTOR('',#335,1.);
#335 = DIRECTION('',(-1.110223024625E-16,1.,0.));
#336 = ORIENTED_EDGE('',*,*,#337,.F.);
#337 = EDGE_CURVE('',#338,#330,#340,.T.);
#338 = VERTEX_POINT('',#339);
#339 = CARTESIAN_POINT('',(-1.95,-2.275,0.825));
#340 = LINE('',#341,#342);
#341 = CARTESIAN_POINT('',(-1.95,-2.275,0.825));
#342 = VECTOR('',#343,1.);
#343 = DIRECTION('',(-1.110223024625E-16,1.,0.));
#344 = ORIENTED_EDGE('',*,*,#345,.F.);
#345 = EDGE_CURVE('',#167,#338,#346,.T.);
#346 = B_SPLINE_CURVE_WITH_KNOTS('',1,(#347,#348),.UNSPECIFIED.,.F.,.F.,
  (2,2),(0.,1.),.PIECEWISE_BEZIER_KNOTS.);
#347 = CARTESIAN_POINT('',(-1.835171280765,-2.217585640382,0.1));
#348 = CARTESIAN_POINT('',(-1.95,-2.275,0.825));
#349 = B_SPLINE_SURFACE_WITH_KNOTS('',1,1,(
    (#350,#351)
    ,(#352,#353
    )),.UNSPECIFIED.,.F.,.F.,.F.,(2,2),(2,2),(0.,4.55),(0.,1.),
  .PIECEWISE_BEZIER_KNOTS.);
#350 = CARTESIAN_POINT('',(-1.835171280765,-2.217585640382,0.1));
#351 = CARTESIAN_POINT('',(-1.95,-2.275,0.825));
#352 = CARTESIAN_POINT('',(-1.835171280765,2.217585640382,0.1));
#353 = CARTESIAN_POINT('',(-1.95,2.275,0.825));
#354 = ADVANCED_FACE('',(#355),#436,.F.);
#355 = FACE_BOUND('',#356,.F.);
#356 = EDGE_LOOP('',(#357,#358,#365,#373,#381,#389,#397,#405,#413,#421,
    #429,#435));
#357 = ORIENTED_EDGE('',*,*,#142,.T.);
#358 = ORIENTED_EDGE('',*,*,#359,.T.);
#359 = EDGE_CURVE('',#143,#360,#362,.T.);
#360 = VERTEX_POINT('',#361);
#361 = CARTESIAN_POINT('',(1.95,-2.275,0.825));
#362 = B_SPLINE_CURVE_WITH_KNOTS('',1,(#363,#364),.UNSPECIFIED.,.F.,.F.,
  (2,2),(0.,1.),.PIECEWISE_BEZIER_KNOTS.);
#363 = CARTESIAN_POINT('',(1.835171280765,-2.217585640382,0.1));
#364 = CARTESIAN_POINT('',(1.95,-2.275,0.825));
#365 = ORIENTED_EDGE('',*,*,#366,.F.);
#366 = EDGE_CURVE('',#367,#360,#369,.T.);
#367 = VERTEX_POINT('',#368);
#368 = CARTESIAN_POINT('',(1.95,-2.11,0.825));
#369 = LINE('',#370,#371);
#370 = CARTESIAN_POINT('',(1.95,2.275,0.825));
#371 = VECTOR('',#372,1.);
#372 = DIRECTION('',(1.110223024625E-16,-1.,0.));
#373 = ORIENTED_EDGE('',*,*,#374,.F.);
#374 = EDGE_CURVE('',#375,#367,#377,.T.);
#375 = VERTEX_POINT('',#376);
#376 = CARTESIAN_POINT('',(1.95,-1.7,0.825));
#377 = LINE('',#378,#379);
#378 = CARTESIAN_POINT('',(1.95,2.275,0.825));
#379 = VECTOR('',#380,1.);
#380 = DIRECTION('',(1.110223024625E-16,-1.,0.));
#381 = ORIENTED_EDGE('',*,*,#382,.F.);
#382 = EDGE_CURVE('',#383,#375,#385,.T.);
#383 = VERTEX_POINT('',#384);
#384 = CARTESIAN_POINT('',(1.95,-0.84,0.825));
#385 = LINE('',#386,#387);
#386 = CARTESIAN_POINT('',(1.95,2.275,0.825));
#387 = VECTOR('',#388,1.);
#388 = DIRECTION('',(1.110223024625E-16,-1.,0.));
#389 = ORIENTED_EDGE('',*,*,#390,.F.);
#390 = EDGE_CURVE('',#391,#383,#393,.T.);
#391 = VERTEX_POINT('',#392);
#392 = CARTESIAN_POINT('',(1.95,-0.43,0.825));
#393 = LINE('',#394,#395);
#394 = CARTESIAN_POINT('',(1.95,2.275,0.825));
#395 = VECTOR('',#396,1.);
#396 = DIRECTION('',(1.110223024625E-16,-1.,0.));
#397 = ORIENTED_EDGE('',*,*,#398,.F.);
#398 = EDGE_CURVE('',#399,#391,#401,.T.);
#399 = VERTEX_POINT('',#400);
#400 = CARTESIAN_POINT('',(1.95,0.43,0.825));
#401 = LINE('',#402,#403);
#402 = CARTESIAN_POINT('',(1.95,2.275,0.825));
#403 = VECTOR('',#404,1.);
#404 = DIRECTION('',(1.110223024625E-16,-1.,0.));
#405 = ORIENTED_EDGE('',*,*,#406,.F.);
#406 = EDGE_CURVE('',#407,#399,#409,.T.);
#407 = VERTEX_POINT('',#408);
#408 = CARTESIAN_POINT('',(1.95,0.84,0.825));
#409 = LINE('',#410,#411);
#410 = CARTESIAN_POINT('',(1.95,2.275,0.825));
#411 = VECTOR('',#412,1.);
#412 = DIRECTION('',(1.110223024625E-16,-1.,0.));
#413 = ORIENTED_EDGE('',*,*,#414,.F.);
#414 = EDGE_CURVE('',#415,#407,#417,.T.);
#415 = VERTEX_POINT('',#416);
#416 = CARTESIAN_POINT('',(1.95,1.7,0.825));
#417 = LINE('',#418,#419);
#418 = CARTESIAN_POINT('',(1.95,2.275,0.825));
#419 = VECTOR('',#420,1.);
#420 = DIRECTION('',(1.110223024625E-16,-1.,0.));
#421 = ORIENTED_EDGE('',*,*,#422,.F.);
#422 = EDGE_CURVE('',#423,#415,#425,.T.);
#423 = VERTEX_POINT('',#424);
#424 = CARTESIAN_POINT('',(1.95,2.11,0.825));
#425 = LINE('',#426,#427);
#426 = CARTESIAN_POINT('',(1.95,2.275,0.825));
#427 = VECTOR('',#428,1.);
#428 = DIRECTION('',(1.110223024625E-16,-1.,0.));
#429 = ORIENTED_EDGE('',*,*,#430,.F.);
#430 = EDGE_CURVE('',#198,#423,#431,.T.);
#431 = LINE('',#432,#433);
#432 = CARTESIAN_POINT('',(1.95,2.275,0.825));
#433 = VECTOR('',#434,1.);
#434 = DIRECTION('',(1.110223024625E-16,-1.,0.));
#435 = ORIENTED_EDGE('',*,*,#197,.F.);
#436 = B_SPLINE_SURFACE_WITH_KNOTS('',1,1,(
    (#437,#438)
    ,(#439,#440
    )),.UNSPECIFIED.,.F.,.F.,.F.,(2,2),(2,2),(0.,4.55),(0.,1.),
  .PIECEWISE_BEZIER_KNOTS.);
#437 = CARTESIAN_POINT('',(1.835171280765,2.217585640382,0.1));
#438 = CARTESIAN_POINT('',(1.95,2.275,0.825));
#439 = CARTESIAN_POINT('',(1.835171280765,-2.217585640382,0.1));
#440 = CARTESIAN_POINT('',(1.95,-2.275,0.825));
#441 = ADVANCED_FACE('',(#442),#459,.F.);
#442 = FACE_BOUND('',#443,.F.);
#443 = EDGE_LOOP('',(#444,#445,#446,#454));
#444 = ORIENTED_EDGE('',*,*,#166,.T.);
#445 = ORIENTED_EDGE('',*,*,#345,.T.);
#446 = ORIENTED_EDGE('',*,*,#447,.F.);
#447 = EDGE_CURVE('',#448,#338,#450,.T.);
#448 = VERTEX_POINT('',#449);
#449 = CARTESIAN_POINT('',(-1.775,-2.45,0.825));
#450 = LINE('',#451,#452);
#451 = CARTESIAN_POINT('',(-1.775,-2.45,0.825));
#452 = VECTOR('',#453,1.);
#453 = DIRECTION('',(-0.707106781187,0.707106781187,0.));
#454 = ORIENTED_EDGE('',*,*,#455,.F.);
#455 = EDGE_CURVE('',#159,#448,#456,.T.);
#456 = B_SPLINE_CURVE_WITH_KNOTS('',1,(#457,#458),.UNSPECIFIED.,.F.,.F.,
  (2,2),(0.,1.),.PIECEWISE_BEZIER_KNOTS.);
#457 = CARTESIAN_POINT('',(-1.717585640382,-2.335171280765,0.1));
#458 = CARTESIAN_POINT('',(-1.775,-2.45,0.825));
#459 = B_SPLINE_SURFACE_WITH_KNOTS('',1,1,(
    (#460,#461)
    ,(#462,#463
    )),.UNSPECIFIED.,.F.,.F.,.F.,(2,2),(2,2),(0.,0.247487373415),(0.,1.)
  ,.PIECEWISE_BEZIER_KNOTS.);
#460 = CARTESIAN_POINT('',(-1.717585640382,-2.335171280765,0.1));
#461 = CARTESIAN_POINT('',(-1.775,-2.45,0.825));
#462 = CARTESIAN_POINT('',(-1.835171280765,-2.217585640382,0.1));
#463 = CARTESIAN_POINT('',(-1.95,-2.275,0.825));
#464 = ADVANCED_FACE('',(#465),#482,.F.);
#465 = FACE_BOUND('',#466,.F.);
#466 = EDGE_LOOP('',(#467,#468,#475,#481));
#467 = ORIENTED_EDGE('',*,*,#150,.T.);
#468 = ORIENTED_EDGE('',*,*,#469,.T.);
#469 = EDGE_CURVE('',#151,#470,#472,.T.);
#470 = VERTEX_POINT('',#471);
#471 = CARTESIAN_POINT('',(1.775,-2.45,0.825));
#472 = B_SPLINE_CURVE_WITH_KNOTS('',1,(#473,#474),.UNSPECIFIED.,.F.,.F.,
  (2,2),(0.,1.),.PIECEWISE_BEZIER_KNOTS.);
#473 = CARTESIAN_POINT('',(1.717585640382,-2.335171280765,0.1));
#474 = CARTESIAN_POINT('',(1.775,-2.45,0.825));
#475 = ORIENTED_EDGE('',*,*,#476,.F.);
#476 = EDGE_CURVE('',#360,#470,#477,.T.);
#477 = LINE('',#478,#479);
#478 = CARTESIAN_POINT('',(1.95,-2.275,0.825));
#479 = VECTOR('',#480,1.);
#480 = DIRECTION('',(-0.707106781187,-0.707106781187,0.));
#481 = ORIENTED_EDGE('',*,*,#359,.F.);
#482 = B_SPLINE_SURFACE_WITH_KNOTS('',1,1,(
    (#483,#484)
    ,(#485,#486
    )),.UNSPECIFIED.,.F.,.F.,.F.,(2,2),(2,2),(0.,0.247487373415),(0.,1.)
  ,.PIECEWISE_BEZIER_KNOTS.);
#483 = CARTESIAN_POINT('',(1.835171280765,-2.217585640382,0.1));
#484 = CARTESIAN_POINT('',(1.95,-2.275,0.825));
#485 = CARTESIAN_POINT('',(1.717585640382,-2.335171280765,0.1));
#486 = CARTESIAN_POINT('',(1.775,-2.45,0.825));
#487 = ADVANCED_FACE('',(#488),#499,.F.);
#488 = FACE_BOUND('',#489,.F.);
#489 = EDGE_LOOP('',(#490,#491,#492,#498));
#490 = ORIENTED_EDGE('',*,*,#158,.T.);
#491 = ORIENTED_EDGE('',*,*,#455,.T.);
#492 = ORIENTED_EDGE('',*,*,#493,.F.);
#493 = EDGE_CURVE('',#470,#448,#494,.T.);
#494 = LINE('',#495,#496);
#495 = CARTESIAN_POINT('',(1.775,-2.45,0.825));
#496 = VECTOR('',#497,1.);
#497 = DIRECTION('',(-1.,-1.110223024625E-16,0.));
#498 = ORIENTED_EDGE('',*,*,#469,.F.);
#499 = B_SPLINE_SURFACE_WITH_KNOTS('',1,1,(
    (#500,#501)
    ,(#502,#503
    )),.UNSPECIFIED.,.F.,.F.,.F.,(2,2),(2,2),(0.,3.55),(0.,1.),
  .PIECEWISE_BEZIER_KNOTS.);
#500 = CARTESIAN_POINT('',(1.717585640382,-2.335171280765,0.1));
#501 = CARTESIAN_POINT('',(1.775,-2.45,0.825));
#502 = CARTESIAN_POINT('',(-1.717585640382,-2.335171280765,0.1));
#503 = CARTESIAN_POINT('',(-1.775,-2.45,0.825));
#504 = ADVANCED_FACE('',(#505),#522,.F.);
#505 = FACE_BOUND('',#506,.F.);
#506 = EDGE_LOOP('',(#507,#508,#515,#521));
#507 = ORIENTED_EDGE('',*,*,#204,.T.);
#508 = ORIENTED_EDGE('',*,*,#509,.T.);
#509 = EDGE_CURVE('',#198,#510,#512,.T.);
#510 = VERTEX_POINT('',#511);
#511 = CARTESIAN_POINT('',(1.95,2.275,1.025));
#512 = B_SPLINE_CURVE_WITH_KNOTS('',1,(#513,#514),.UNSPECIFIED.,.F.,.F.,
  (2,2),(0.,1.),.PIECEWISE_BEZIER_KNOTS.);
#513 = CARTESIAN_POINT('',(1.95,2.275,0.825));
#514 = CARTESIAN_POINT('',(1.95,2.275,1.025));
#515 = ORIENTED_EDGE('',*,*,#516,.F.);
#516 = EDGE_CURVE('',#221,#510,#517,.T.);
#517 = LINE('',#518,#519);
#518 = CARTESIAN_POINT('',(1.775,2.45,1.025));
#519 = VECTOR('',#520,1.);
#520 = DIRECTION('',(0.707106781187,-0.707106781187,0.));
#521 = ORIENTED_EDGE('',*,*,#220,.F.);
#522 = PLANE('',#523);
#523 = AXIS2_PLACEMENT_3D('',#524,#525,#526);
#524 = CARTESIAN_POINT('',(1.775,2.45,1.025));
#525 = DIRECTION('',(-0.707106781187,-0.707106781187,0.));
#526 = DIRECTION('',(0.707106781187,-0.707106781187,0.));
#527 = ADVANCED_FACE('',(#528),#610,.F.);
#528 = FACE_BOUND('',#529,.F.);
#529 = EDGE_LOOP('',(#530,#538,#539,#540,#548,#556,#564,#572,#580,#588,
    #596,#604));
#530 = ORIENTED_EDGE('',*,*,#531,.T.);
#531 = EDGE_CURVE('',#532,#228,#534,.T.);
#532 = VERTEX_POINT('',#533);
#533 = CARTESIAN_POINT('',(-1.95,2.275,1.025));
#534 = LINE('',#535,#536);
#535 = CARTESIAN_POINT('',(-1.95,2.275,1.025));
#536 = VECTOR('',#537,1.);
#537 = DIRECTION('',(0.707106781187,0.707106781187,0.));
#538 = ORIENTED_EDGE('',*,*,#227,.T.);
#539 = ORIENTED_EDGE('',*,*,#516,.T.);
#540 = ORIENTED_EDGE('',*,*,#541,.T.);
#541 = EDGE_CURVE('',#510,#542,#544,.T.);
#542 = VERTEX_POINT('',#543);
#543 = CARTESIAN_POINT('',(1.95,2.11,1.025));
#544 = LINE('',#545,#546);
#545 = CARTESIAN_POINT('',(1.95,2.275,1.025));
#546 = VECTOR('',#547,1.);
#547 = DIRECTION('',(1.110223024625E-16,-1.,0.));
#548 = ORIENTED_EDGE('',*,*,#549,.T.);
#549 = EDGE_CURVE('',#542,#550,#552,.T.);
#550 = VERTEX_POINT('',#551);
#551 = CARTESIAN_POINT('',(1.875,2.11,1.025));
#552 = LINE('',#553,#554);
#553 = CARTESIAN_POINT('',(2.25,2.11,1.025));
#554 = VECTOR('',#555,1.);
#555 = DIRECTION('',(-1.,-1.110223024625E-16,0.));
#556 = ORIENTED_EDGE('',*,*,#557,.F.);
#557 = EDGE_CURVE('',#558,#550,#560,.T.);
#558 = VERTEX_POINT('',#559);
#559 = CARTESIAN_POINT('',(1.875,2.2375,1.025));
#560 = LINE('',#561,#562);
#561 = CARTESIAN_POINT('',(1.875,2.2375,1.025));
#562 = VECTOR('',#563,1.);
#563 = DIRECTION('',(1.110223024625E-16,-1.,0.));
#564 = ORIENTED_EDGE('',*,*,#565,.F.);
#565 = EDGE_CURVE('',#566,#558,#568,.T.);
#566 = VERTEX_POINT('',#567);
#567 = CARTESIAN_POINT('',(1.7375,2.375,1.025));
#568 = LINE('',#569,#570);
#569 = CARTESIAN_POINT('',(1.7375,2.375,1.025));
#570 = VECTOR('',#571,1.);
#571 = DIRECTION('',(0.707106781187,-0.707106781187,0.));
#572 = ORIENTED_EDGE('',*,*,#573,.F.);
#573 = EDGE_CURVE('',#574,#566,#576,.T.);
#574 = VERTEX_POINT('',#575);
#575 = CARTESIAN_POINT('',(-1.7375,2.375,1.025));
#576 = LINE('',#577,#578);
#577 = CARTESIAN_POINT('',(-1.7375,2.375,1.025));
#578 = VECTOR('',#579,1.);
#579 = DIRECTION('',(1.,1.110223024625E-16,0.));
#580 = ORIENTED_EDGE('',*,*,#581,.F.);
#581 = EDGE_CURVE('',#582,#574,#584,.T.);
#582 = VERTEX_POINT('',#583);
#583 = CARTESIAN_POINT('',(-1.875,2.2375,1.025));
#584 = LINE('',#585,#586);
#585 = CARTESIAN_POINT('',(-1.875,2.2375,1.025));
#586 = VECTOR('',#587,1.);
#587 = DIRECTION('',(0.707106781187,0.707106781187,0.));
#588 = ORIENTED_EDGE('',*,*,#589,.F.);
#589 = EDGE_CURVE('',#590,#582,#592,.T.);
#590 = VERTEX_POINT('',#591);
#591 = CARTESIAN_POINT('',(-1.875,2.11,1.025));
#592 = LINE('',#593,#594);
#593 = CARTESIAN_POINT('',(-1.875,-2.2375,1.025));
#594 = VECTOR('',#595,1.);
#595 = DIRECTION('',(-1.110223024625E-16,1.,0.));
#596 = ORIENTED_EDGE('',*,*,#597,.F.);
#597 = EDGE_CURVE('',#598,#590,#600,.T.);
#598 = VERTEX_POINT('',#599);
#599 = CARTESIAN_POINT('',(-1.95,2.11,1.025));
#600 = LINE('',#601,#602);
#601 = CARTESIAN_POINT('',(-2.25,2.11,1.025));
#602 = VECTOR('',#603,1.);
#603 = DIRECTION('',(1.,-1.144237745222E-17,0.));
#604 = ORIENTED_EDGE('',*,*,#605,.T.);
#605 = EDGE_CURVE('',#598,#532,#606,.T.);
#606 = LINE('',#607,#608);
#607 = CARTESIAN_POINT('',(-1.95,-2.275,1.025));
#608 = VECTOR('',#609,1.);
#609 = DIRECTION('',(-1.110223024625E-16,1.,0.));
#610 = PLANE('',#611);
#611 = AXIS2_PLACEMENT_3D('',#612,#613,#614);
#612 = CARTESIAN_POINT('',(-3.027078129022E-16,2.4125,1.025));
#613 = DIRECTION('',(2.007919022429E-31,-7.713306628828E-27,-1.));
#614 = DIRECTION('',(1.,1.112083013911E-16,2.00791902242E-31));
#615 = ADVANCED_FACE('',(#616),#626,.F.);
#616 = FACE_BOUND('',#617,.F.);
#617 = EDGE_LOOP('',(#618,#619,#620,#621));
#618 = ORIENTED_EDGE('',*,*,#250,.T.);
#619 = ORIENTED_EDGE('',*,*,#235,.T.);
#620 = ORIENTED_EDGE('',*,*,#531,.F.);
#621 = ORIENTED_EDGE('',*,*,#622,.F.);
#622 = EDGE_CURVE('',#251,#532,#623,.T.);
#623 = B_SPLINE_CURVE_WITH_KNOTS('',1,(#624,#625),.UNSPECIFIED.,.F.,.F.,
  (2,2),(0.,1.),.PIECEWISE_BEZIER_KNOTS.);
#624 = CARTESIAN_POINT('',(-1.95,2.275,0.825));
#625 = CARTESIAN_POINT('',(-1.95,2.275,1.025));
#626 = PLANE('',#627);
#627 = AXIS2_PLACEMENT_3D('',#628,#629,#630);
#628 = CARTESIAN_POINT('',(-1.95,2.275,1.025));
#629 = DIRECTION('',(0.707106781187,-0.707106781187,0.));
#630 = DIRECTION('',(0.707106781187,0.707106781187,0.));
#631 = ADVANCED_FACE('',(#632),#656,.F.);
#632 = FACE_BOUND('',#633,.F.);
#633 = EDGE_LOOP('',(#634,#641,#642,#650));
#634 = ORIENTED_EDGE('',*,*,#635,.F.);
#635 = EDGE_CURVE('',#338,#636,#638,.T.);
#636 = VERTEX_POINT('',#637);
#637 = CARTESIAN_POINT('',(-1.95,-2.275,1.025));
#638 = B_SPLINE_CURVE_WITH_KNOTS('',1,(#639,#640),.UNSPECIFIED.,.F.,.F.,
  (2,2),(0.,1.),.PIECEWISE_BEZIER_KNOTS.);
#639 = CARTESIAN_POINT('',(-1.95,-2.275,0.825));
#640 = CARTESIAN_POINT('',(-1.95,-2.275,1.025));
#641 = ORIENTED_EDGE('',*,*,#337,.T.);
#642 = ORIENTED_EDGE('',*,*,#643,.T.);
#643 = EDGE_CURVE('',#330,#644,#646,.T.);
#644 = VERTEX_POINT('',#645);
#645 = CARTESIAN_POINT('',(-1.95,-2.11,1.025));
#646 = LINE('',#647,#648);
#647 = CARTESIAN_POINT('',(-1.95,-2.11,0.786976568901));
#648 = VECTOR('',#649,1.);
#649 = DIRECTION('',(0.,0.,1.));
#650 = ORIENTED_EDGE('',*,*,#651,.F.);
#651 = EDGE_CURVE('',#636,#644,#652,.T.);
#652 = LINE('',#653,#654);
#653 = CARTESIAN_POINT('',(-1.95,-2.275,1.025));
#654 = VECTOR('',#655,1.);
#655 = DIRECTION('',(-1.110223024625E-16,1.,0.));
#656 = PLANE('',#657);
#657 = AXIS2_PLACEMENT_3D('',#658,#659,#660);
#658 = CARTESIAN_POINT('',(-1.95,-2.275,1.025));
#659 = DIRECTION('',(1.,1.110223024625E-16,0.));
#660 = DIRECTION('',(-1.110223024625E-16,1.,0.));
#661 = ADVANCED_FACE('',(#662),#687,.F.);
#662 = FACE_BOUND('',#663,.F.);
#663 = EDGE_LOOP('',(#664,#672,#673,#681));
#664 = ORIENTED_EDGE('',*,*,#665,.F.);
#665 = EDGE_CURVE('',#330,#666,#668,.T.);
#666 = VERTEX_POINT('',#667);
#667 = CARTESIAN_POINT('',(-2.25,-2.11,0.825));
#668 = LINE('',#669,#670);
#669 = CARTESIAN_POINT('',(-1.8,-2.11,0.825));
#670 = VECTOR('',#671,1.);
#671 = DIRECTION('',(-1.,1.144237745222E-17,0.));
#672 = ORIENTED_EDGE('',*,*,#329,.T.);
#673 = ORIENTED_EDGE('',*,*,#674,.T.);
#674 = EDGE_CURVE('',#322,#675,#677,.T.);
#675 = VERTEX_POINT('',#676);
#676 = CARTESIAN_POINT('',(-2.25,-1.7,0.825));
#677 = LINE('',#678,#679);
#678 = CARTESIAN_POINT('',(-1.8,-1.7,0.825));
#679 = VECTOR('',#680,1.);
#680 = DIRECTION('',(-1.,1.144237745222E-17,0.));
#681 = ORIENTED_EDGE('',*,*,#682,.F.);
#682 = EDGE_CURVE('',#666,#675,#683,.T.);
#683 = LINE('',#684,#685);
#684 = CARTESIAN_POINT('',(-2.25,-2.11,0.825));
#685 = VECTOR('',#686,1.);
#686 = DIRECTION('',(1.144237745222E-17,1.,0.));
#687 = PLANE('',#688);
#688 = AXIS2_PLACEMENT_3D('',#689,#690,#691);
#689 = CARTESIAN_POINT('',(-1.8,-2.11,0.825));
#690 = DIRECTION('',(0.,0.,1.));
#691 = DIRECTION('',(-1.,1.144237745222E-17,0.));
#692 = ADVANCED_FACE('',(#693),#718,.F.);
#693 = FACE_BOUND('',#694,.F.);
#694 = EDGE_LOOP('',(#695,#703,#704,#712));
#695 = ORIENTED_EDGE('',*,*,#696,.F.);
#696 = EDGE_CURVE('',#322,#697,#699,.T.);
#697 = VERTEX_POINT('',#698);
#698 = CARTESIAN_POINT('',(-1.95,-1.7,1.025));
#699 = LINE('',#700,#701);
#700 = CARTESIAN_POINT('',(-1.95,-1.7,0.786976568901));
#701 = VECTOR('',#702,1.);
#702 = DIRECTION('',(0.,0.,1.));
#703 = ORIENTED_EDGE('',*,*,#321,.T.);
#704 = ORIENTED_EDGE('',*,*,#705,.T.);
#705 = EDGE_CURVE('',#314,#706,#708,.T.);
#706 = VERTEX_POINT('',#707);
#707 = CARTESIAN_POINT('',(-1.95,-0.84,1.025));
#708 = LINE('',#709,#710);
#709 = CARTESIAN_POINT('',(-1.95,-0.84,0.786976568901));
#710 = VECTOR('',#711,1.);
#711 = DIRECTION('',(0.,0.,1.));
#712 = ORIENTED_EDGE('',*,*,#713,.F.);
#713 = EDGE_CURVE('',#697,#706,#714,.T.);
#714 = LINE('',#715,#716);
#715 = CARTESIAN_POINT('',(-1.95,-2.275,1.025));
#716 = VECTOR('',#717,1.);
#717 = DIRECTION('',(-1.110223024625E-16,1.,0.));
#718 = PLANE('',#719);
#719 = AXIS2_PLACEMENT_3D('',#720,#721,#722);
#720 = CARTESIAN_POINT('',(-1.95,-2.275,1.025));
#721 = DIRECTION('',(1.,1.110223024625E-16,0.));
#722 = DIRECTION('',(-1.110223024625E-16,1.,0.));
#723 = ADVANCED_FACE('',(#724),#749,.F.);
#724 = FACE_BOUND('',#725,.F.);
#725 = EDGE_LOOP('',(#726,#734,#735,#743));
#726 = ORIENTED_EDGE('',*,*,#727,.F.);
#727 = EDGE_CURVE('',#314,#728,#730,.T.);
#728 = VERTEX_POINT('',#729);
#729 = CARTESIAN_POINT('',(-2.25,-0.84,0.825));
#730 = LINE('',#731,#732);
#731 = CARTESIAN_POINT('',(-1.8,-0.84,0.825));
#732 = VECTOR('',#733,1.);
#733 = DIRECTION('',(-1.,1.144237745222E-17,0.));
#734 = ORIENTED_EDGE('',*,*,#313,.T.);
#735 = ORIENTED_EDGE('',*,*,#736,.T.);
#736 = EDGE_CURVE('',#306,#737,#739,.T.);
#737 = VERTEX_POINT('',#738);
#738 = CARTESIAN_POINT('',(-2.25,-0.43,0.825));
#739 = LINE('',#740,#741);
#740 = CARTESIAN_POINT('',(-1.8,-0.43,0.825));
#741 = VECTOR('',#742,1.);
#742 = DIRECTION('',(-1.,1.144237745222E-17,0.));
#743 = ORIENTED_EDGE('',*,*,#744,.F.);
#744 = EDGE_CURVE('',#728,#737,#745,.T.);
#745 = LINE('',#746,#747);
#746 = CARTESIAN_POINT('',(-2.25,-0.84,0.825));
#747 = VECTOR('',#748,1.);
#748 = DIRECTION('',(1.144237745222E-17,1.,0.));
#749 = PLANE('',#750);
#750 = AXIS2_PLACEMENT_3D('',#751,#752,#753);
#751 = CARTESIAN_POINT('',(-1.8,-0.84,0.825));
#752 = DIRECTION('',(0.,0.,1.));
#753 = DIRECTION('',(-1.,1.144237745222E-17,0.));
#754 = ADVANCED_FACE('',(#755),#780,.F.);
#755 = FACE_BOUND('',#756,.F.);
#756 = EDGE_LOOP('',(#757,#765,#766,#774));
#757 = ORIENTED_EDGE('',*,*,#758,.F.);
#758 = EDGE_CURVE('',#306,#759,#761,.T.);
#759 = VERTEX_POINT('',#760);
#760 = CARTESIAN_POINT('',(-1.95,-0.43,1.025));
#761 = LINE('',#762,#763);
#762 = CARTESIAN_POINT('',(-1.95,-0.43,0.786976568901));
#763 = VECTOR('',#764,1.);
#764 = DIRECTION('',(0.,0.,1.));
#765 = ORIENTED_EDGE('',*,*,#305,.T.);
#766 = ORIENTED_EDGE('',*,*,#767,.T.);
#767 = EDGE_CURVE('',#298,#768,#770,.T.);
#768 = VERTEX_POINT('',#769);
#769 = CARTESIAN_POINT('',(-1.95,0.43,1.025));
#770 = LINE('',#771,#772);
#771 = CARTESIAN_POINT('',(-1.95,0.43,0.786976568901));
#772 = VECTOR('',#773,1.);
#773 = DIRECTION('',(0.,0.,1.));
#774 = ORIENTED_EDGE('',*,*,#775,.F.);
#775 = EDGE_CURVE('',#759,#768,#776,.T.);
#776 = LINE('',#777,#778);
#777 = CARTESIAN_POINT('',(-1.95,-2.275,1.025));
#778 = VECTOR('',#779,1.);
#779 = DIRECTION('',(-1.110223024625E-16,1.,0.));
#780 = PLANE('',#781);
#781 = AXIS2_PLACEMENT_3D('',#782,#783,#784);
#782 = CARTESIAN_POINT('',(-1.95,-2.275,1.025));
#783 = DIRECTION('',(1.,1.110223024625E-16,0.));
#784 = DIRECTION('',(-1.110223024625E-16,1.,0.));
#785 = ADVANCED_FACE('',(#786),#811,.F.);
#786 = FACE_BOUND('',#787,.F.);
#787 = EDGE_LOOP('',(#788,#796,#797,#805));
#788 = ORIENTED_EDGE('',*,*,#789,.F.);
#789 = EDGE_CURVE('',#298,#790,#792,.T.);
#790 = VERTEX_POINT('',#791);
#791 = CARTESIAN_POINT('',(-2.25,0.43,0.825));
#792 = LINE('',#793,#794);
#793 = CARTESIAN_POINT('',(-1.8,0.43,0.825));
#794 = VECTOR('',#795,1.);
#795 = DIRECTION('',(-1.,1.144237745222E-17,0.));
#796 = ORIENTED_EDGE('',*,*,#297,.T.);
#797 = ORIENTED_EDGE('',*,*,#798,.T.);
#798 = EDGE_CURVE('',#290,#799,#801,.T.);
#799 = VERTEX_POINT('',#800);
#800 = CARTESIAN_POINT('',(-2.25,0.84,0.825));
#801 = LINE('',#802,#803);
#802 = CARTESIAN_POINT('',(-1.8,0.84,0.825));
#803 = VECTOR('',#804,1.);
#804 = DIRECTION('',(-1.,1.144237745222E-17,0.));
#805 = ORIENTED_EDGE('',*,*,#806,.F.);
#806 = EDGE_CURVE('',#790,#799,#807,.T.);
#807 = LINE('',#808,#809);
#808 = CARTESIAN_POINT('',(-2.25,0.43,0.825));
#809 = VECTOR('',#810,1.);
#810 = DIRECTION('',(1.144237745222E-17,1.,0.));
#811 = PLANE('',#812);
#812 = AXIS2_PLACEMENT_3D('',#813,#814,#815);
#813 = CARTESIAN_POINT('',(-1.8,0.43,0.825));
#814 = DIRECTION('',(0.,0.,1.));
#815 = DIRECTION('',(-1.,1.144237745222E-17,0.));
#816 = ADVANCED_FACE('',(#817),#842,.F.);
#817 = FACE_BOUND('',#818,.F.);
#818 = EDGE_LOOP('',(#819,#827,#828,#836));
#819 = ORIENTED_EDGE('',*,*,#820,.F.);
#820 = EDGE_CURVE('',#290,#821,#823,.T.);
#821 = VERTEX_POINT('',#822);
#822 = CARTESIAN_POINT('',(-1.95,0.84,1.025));
#823 = LINE('',#824,#825);
#824 = CARTESIAN_POINT('',(-1.95,0.84,0.786976568901));
#825 = VECTOR('',#826,1.);
#826 = DIRECTION('',(0.,0.,1.));
#827 = ORIENTED_EDGE('',*,*,#289,.T.);
#828 = ORIENTED_EDGE('',*,*,#829,.T.);
#829 = EDGE_CURVE('',#282,#830,#832,.T.);
#830 = VERTEX_POINT('',#831);
#831 = CARTESIAN_POINT('',(-1.95,1.7,1.025));
#832 = LINE('',#833,#834);
#833 = CARTESIAN_POINT('',(-1.95,1.7,0.786976568901));
#834 = VECTOR('',#835,1.);
#835 = DIRECTION('',(0.,0.,1.));
#836 = ORIENTED_EDGE('',*,*,#837,.F.);
#837 = EDGE_CURVE('',#821,#830,#838,.T.);
#838 = LINE('',#839,#840);
#839 = CARTESIAN_POINT('',(-1.95,-2.275,1.025));
#840 = VECTOR('',#841,1.);
#841 = DIRECTION('',(-1.110223024625E-16,1.,0.));
#842 = PLANE('',#843);
#843 = AXIS2_PLACEMENT_3D('',#844,#845,#846);
#844 = CARTESIAN_POINT('',(-1.95,-2.275,1.025));
#845 = DIRECTION('',(1.,1.110223024625E-16,0.));
#846 = DIRECTION('',(-1.110223024625E-16,1.,0.));
#847 = ADVANCED_FACE('',(#848),#873,.F.);
#848 = FACE_BOUND('',#849,.F.);
#849 = EDGE_LOOP('',(#850,#858,#859,#867));
#850 = ORIENTED_EDGE('',*,*,#851,.F.);
#851 = EDGE_CURVE('',#282,#852,#854,.T.);
#852 = VERTEX_POINT('',#853);
#853 = CARTESIAN_POINT('',(-2.25,1.7,0.825));
#854 = LINE('',#855,#856);
#855 = CARTESIAN_POINT('',(-1.8,1.7,0.825));
#856 = VECTOR('',#857,1.);
#857 = DIRECTION('',(-1.,1.144237745222E-17,0.));
#858 = ORIENTED_EDGE('',*,*,#281,.T.);
#859 = ORIENTED_EDGE('',*,*,#860,.T.);
#860 = EDGE_CURVE('',#274,#861,#863,.T.);
#861 = VERTEX_POINT('',#862);
#862 = CARTESIAN_POINT('',(-2.25,2.11,0.825));
#863 = LINE('',#864,#865);
#864 = CARTESIAN_POINT('',(-1.8,2.11,0.825));
#865 = VECTOR('',#866,1.);
#866 = DIRECTION('',(-1.,1.144237745222E-17,0.));
#867 = ORIENTED_EDGE('',*,*,#868,.F.);
#868 = EDGE_CURVE('',#852,#861,#869,.T.);
#869 = LINE('',#870,#871);
#870 = CARTESIAN_POINT('',(-2.25,1.7,0.825));
#871 = VECTOR('',#872,1.);
#872 = DIRECTION('',(1.144237745222E-17,1.,0.));
#873 = PLANE('',#874);
#874 = AXIS2_PLACEMENT_3D('',#875,#876,#877);
#875 = CARTESIAN_POINT('',(-1.8,1.7,0.825));
#876 = DIRECTION('',(0.,0.,1.));
#877 = DIRECTION('',(-1.,1.144237745222E-17,0.));
#878 = ADVANCED_FACE('',(#879),#890,.F.);
#879 = FACE_BOUND('',#880,.F.);
#880 = EDGE_LOOP('',(#881,#887,#888,#889));
#881 = ORIENTED_EDGE('',*,*,#882,.F.);
#882 = EDGE_CURVE('',#274,#598,#883,.T.);
#883 = LINE('',#884,#885);
#884 = CARTESIAN_POINT('',(-1.95,2.11,0.786976568901));
#885 = VECTOR('',#886,1.);
#886 = DIRECTION('',(0.,0.,1.));
#887 = ORIENTED_EDGE('',*,*,#273,.T.);
#888 = ORIENTED_EDGE('',*,*,#622,.T.);
#889 = ORIENTED_EDGE('',*,*,#605,.F.);
#890 = PLANE('',#891);
#891 = AXIS2_PLACEMENT_3D('',#892,#893,#894);
#892 = CARTESIAN_POINT('',(-1.95,-2.275,1.025));
#893 = DIRECTION('',(1.,1.110223024625E-16,0.));
#894 = DIRECTION('',(-1.110223024625E-16,1.,0.));
#895 = ADVANCED_FACE('',(#896),#907,.F.);
#896 = FACE_BOUND('',#897,.F.);
#897 = EDGE_LOOP('',(#898,#899,#900,#906));
#898 = ORIENTED_EDGE('',*,*,#509,.F.);
#899 = ORIENTED_EDGE('',*,*,#430,.T.);
#900 = ORIENTED_EDGE('',*,*,#901,.T.);
#901 = EDGE_CURVE('',#423,#542,#902,.T.);
#902 = LINE('',#903,#904);
#903 = CARTESIAN_POINT('',(1.95,2.11,0.786976568901));
#904 = VECTOR('',#905,1.);
#905 = DIRECTION('',(0.,0.,1.));
#906 = ORIENTED_EDGE('',*,*,#541,.F.);
#907 = PLANE('',#908);
#908 = AXIS2_PLACEMENT_3D('',#909,#910,#911);
#909 = CARTESIAN_POINT('',(1.95,2.275,1.025));
#910 = DIRECTION('',(-1.,-1.110223024625E-16,0.));
#911 = DIRECTION('',(1.110223024625E-16,-1.,0.));
#912 = ADVANCED_FACE('',(#913),#938,.F.);
#913 = FACE_BOUND('',#914,.F.);
#914 = EDGE_LOOP('',(#915,#923,#924,#932));
#915 = ORIENTED_EDGE('',*,*,#916,.F.);
#916 = EDGE_CURVE('',#423,#917,#919,.T.);
#917 = VERTEX_POINT('',#918);
#918 = CARTESIAN_POINT('',(2.25,2.11,0.825));
#919 = LINE('',#920,#921);
#920 = CARTESIAN_POINT('',(1.8,2.11,0.825));
#921 = VECTOR('',#922,1.);
#922 = DIRECTION('',(1.,1.110223024625E-16,0.));
#923 = ORIENTED_EDGE('',*,*,#422,.T.);
#924 = ORIENTED_EDGE('',*,*,#925,.T.);
#925 = EDGE_CURVE('',#415,#926,#928,.T.);
#926 = VERTEX_POINT('',#927);
#927 = CARTESIAN_POINT('',(2.25,1.7,0.825));
#928 = LINE('',#929,#930);
#929 = CARTESIAN_POINT('',(1.8,1.7,0.825));
#930 = VECTOR('',#931,1.);
#931 = DIRECTION('',(1.,1.110223024625E-16,0.));
#932 = ORIENTED_EDGE('',*,*,#933,.F.);
#933 = EDGE_CURVE('',#917,#926,#934,.T.);
#934 = LINE('',#935,#936);
#935 = CARTESIAN_POINT('',(2.25,2.11,0.825));
#936 = VECTOR('',#937,1.);
#937 = DIRECTION('',(1.110223024625E-16,-1.,0.));
#938 = PLANE('',#939);
#939 = AXIS2_PLACEMENT_3D('',#940,#941,#942);
#940 = CARTESIAN_POINT('',(1.8,2.11,0.825));
#941 = DIRECTION('',(0.,0.,1.));
#942 = DIRECTION('',(1.,1.110223024625E-16,-0.));
#943 = ADVANCED_FACE('',(#944),#969,.F.);
#944 = FACE_BOUND('',#945,.F.);
#945 = EDGE_LOOP('',(#946,#954,#955,#963));
#946 = ORIENTED_EDGE('',*,*,#947,.F.);
#947 = EDGE_CURVE('',#415,#948,#950,.T.);
#948 = VERTEX_POINT('',#949);
#949 = CARTESIAN_POINT('',(1.95,1.7,1.025));
#950 = LINE('',#951,#952);
#951 = CARTESIAN_POINT('',(1.95,1.7,0.786976568901));
#952 = VECTOR('',#953,1.);
#953 = DIRECTION('',(0.,0.,1.));
#954 = ORIENTED_EDGE('',*,*,#414,.T.);
#955 = ORIENTED_EDGE('',*,*,#956,.T.);
#956 = EDGE_CURVE('',#407,#957,#959,.T.);
#957 = VERTEX_POINT('',#958);
#958 = CARTESIAN_POINT('',(1.95,0.84,1.025));
#959 = LINE('',#960,#961);
#960 = CARTESIAN_POINT('',(1.95,0.84,0.786976568901));
#961 = VECTOR('',#962,1.);
#962 = DIRECTION('',(0.,0.,1.));
#963 = ORIENTED_EDGE('',*,*,#964,.F.);
#964 = EDGE_CURVE('',#948,#957,#965,.T.);
#965 = LINE('',#966,#967);
#966 = CARTESIAN_POINT('',(1.95,2.275,1.025));
#967 = VECTOR('',#968,1.);
#968 = DIRECTION('',(1.110223024625E-16,-1.,0.));
#969 = PLANE('',#970);
#970 = AXIS2_PLACEMENT_3D('',#971,#972,#973);
#971 = CARTESIAN_POINT('',(1.95,2.275,1.025));
#972 = DIRECTION('',(-1.,-1.110223024625E-16,0.));
#973 = DIRECTION('',(1.110223024625E-16,-1.,0.));
#974 = ADVANCED_FACE('',(#975),#1000,.F.);
#975 = FACE_BOUND('',#976,.F.);
#976 = EDGE_LOOP('',(#977,#985,#986,#994));
#977 = ORIENTED_EDGE('',*,*,#978,.F.);
#978 = EDGE_CURVE('',#407,#979,#981,.T.);
#979 = VERTEX_POINT('',#980);
#980 = CARTESIAN_POINT('',(2.25,0.84,0.825));
#981 = LINE('',#982,#983);
#982 = CARTESIAN_POINT('',(1.8,0.84,0.825));
#983 = VECTOR('',#984,1.);
#984 = DIRECTION('',(1.,1.110223024625E-16,0.));
#985 = ORIENTED_EDGE('',*,*,#406,.T.);
#986 = ORIENTED_EDGE('',*,*,#987,.T.);
#987 = EDGE_CURVE('',#399,#988,#990,.T.);
#988 = VERTEX_POINT('',#989);
#989 = CARTESIAN_POINT('',(2.25,0.43,0.825));
#990 = LINE('',#991,#992);
#991 = CARTESIAN_POINT('',(1.8,0.43,0.825));
#992 = VECTOR('',#993,1.);
#993 = DIRECTION('',(1.,1.110223024625E-16,0.));
#994 = ORIENTED_EDGE('',*,*,#995,.F.);
#995 = EDGE_CURVE('',#979,#988,#996,.T.);
#996 = LINE('',#997,#998);
#997 = CARTESIAN_POINT('',(2.25,0.84,0.825));
#998 = VECTOR('',#999,1.);
#999 = DIRECTION('',(1.110223024625E-16,-1.,0.));
#1000 = PLANE('',#1001);
#1001 = AXIS2_PLACEMENT_3D('',#1002,#1003,#1004);
#1002 = CARTESIAN_POINT('',(1.8,0.84,0.825));
#1003 = DIRECTION('',(0.,0.,1.));
#1004 = DIRECTION('',(1.,1.110223024625E-16,-0.));
#1005 = ADVANCED_FACE('',(#1006),#1031,.F.);
#1006 = FACE_BOUND('',#1007,.F.);
#1007 = EDGE_LOOP('',(#1008,#1016,#1017,#1025));
#1008 = ORIENTED_EDGE('',*,*,#1009,.F.);
#1009 = EDGE_CURVE('',#399,#1010,#1012,.T.);
#1010 = VERTEX_POINT('',#1011);
#1011 = CARTESIAN_POINT('',(1.95,0.43,1.025));
#1012 = LINE('',#1013,#1014);
#1013 = CARTESIAN_POINT('',(1.95,0.43,0.786976568901));
#1014 = VECTOR('',#1015,1.);
#1015 = DIRECTION('',(0.,0.,1.));
#1016 = ORIENTED_EDGE('',*,*,#398,.T.);
#1017 = ORIENTED_EDGE('',*,*,#1018,.T.);
#1018 = EDGE_CURVE('',#391,#1019,#1021,.T.);
#1019 = VERTEX_POINT('',#1020);
#1020 = CARTESIAN_POINT('',(1.95,-0.43,1.025));
#1021 = LINE('',#1022,#1023);
#1022 = CARTESIAN_POINT('',(1.95,-0.43,0.786976568901));
#1023 = VECTOR('',#1024,1.);
#1024 = DIRECTION('',(0.,0.,1.));
#1025 = ORIENTED_EDGE('',*,*,#1026,.F.);
#1026 = EDGE_CURVE('',#1010,#1019,#1027,.T.);
#1027 = LINE('',#1028,#1029);
#1028 = CARTESIAN_POINT('',(1.95,2.275,1.025));
#1029 = VECTOR('',#1030,1.);
#1030 = DIRECTION('',(1.110223024625E-16,-1.,0.));
#1031 = PLANE('',#1032);
#1032 = AXIS2_PLACEMENT_3D('',#1033,#1034,#1035);
#1033 = CARTESIAN_POINT('',(1.95,2.275,1.025));
#1034 = DIRECTION('',(-1.,-1.110223024625E-16,0.));
#1035 = DIRECTION('',(1.110223024625E-16,-1.,0.));
#1036 = ADVANCED_FACE('',(#1037),#1062,.F.);
#1037 = FACE_BOUND('',#1038,.F.);
#1038 = EDGE_LOOP('',(#1039,#1047,#1048,#1056));
#1039 = ORIENTED_EDGE('',*,*,#1040,.F.);
#1040 = EDGE_CURVE('',#391,#1041,#1043,.T.);
#1041 = VERTEX_POINT('',#1042);
#1042 = CARTESIAN_POINT('',(2.25,-0.43,0.825));
#1043 = LINE('',#1044,#1045);
#1044 = CARTESIAN_POINT('',(1.8,-0.43,0.825));
#1045 = VECTOR('',#1046,1.);
#1046 = DIRECTION('',(1.,1.110223024625E-16,0.));
#1047 = ORIENTED_EDGE('',*,*,#390,.T.);
#1048 = ORIENTED_EDGE('',*,*,#1049,.T.);
#1049 = EDGE_CURVE('',#383,#1050,#1052,.T.);
#1050 = VERTEX_POINT('',#1051);
#1051 = CARTESIAN_POINT('',(2.25,-0.84,0.825));
#1052 = LINE('',#1053,#1054);
#1053 = CARTESIAN_POINT('',(1.8,-0.84,0.825));
#1054 = VECTOR('',#1055,1.);
#1055 = DIRECTION('',(1.,1.110223024625E-16,0.));
#1056 = ORIENTED_EDGE('',*,*,#1057,.F.);
#1057 = EDGE_CURVE('',#1041,#1050,#1058,.T.);
#1058 = LINE('',#1059,#1060);
#1059 = CARTESIAN_POINT('',(2.25,-0.43,0.825));
#1060 = VECTOR('',#1061,1.);
#1061 = DIRECTION('',(1.110223024625E-16,-1.,0.));
#1062 = PLANE('',#1063);
#1063 = AXIS2_PLACEMENT_3D('',#1064,#1065,#1066);
#1064 = CARTESIAN_POINT('',(1.8,-0.43,0.825));
#1065 = DIRECTION('',(0.,0.,1.));
#1066 = DIRECTION('',(1.,1.110223024625E-16,-0.));
#1067 = ADVANCED_FACE('',(#1068),#1093,.F.);
#1068 = FACE_BOUND('',#1069,.F.);
#1069 = EDGE_LOOP('',(#1070,#1078,#1079,#1087));
#1070 = ORIENTED_EDGE('',*,*,#1071,.F.);
#1071 = EDGE_CURVE('',#383,#1072,#1074,.T.);
#1072 = VERTEX_POINT('',#1073);
#1073 = CARTESIAN_POINT('',(1.95,-0.84,1.025));
#1074 = LINE('',#1075,#1076);
#1075 = CARTESIAN_POINT('',(1.95,-0.84,0.786976568901));
#1076 = VECTOR('',#1077,1.);
#1077 = DIRECTION('',(0.,0.,1.));
#1078 = ORIENTED_EDGE('',*,*,#382,.T.);
#1079 = ORIENTED_EDGE('',*,*,#1080,.T.);
#1080 = EDGE_CURVE('',#375,#1081,#1083,.T.);
#1081 = VERTEX_POINT('',#1082);
#1082 = CARTESIAN_POINT('',(1.95,-1.7,1.025));
#1083 = LINE('',#1084,#1085);
#1084 = CARTESIAN_POINT('',(1.95,-1.7,0.786976568901));
#1085 = VECTOR('',#1086,1.);
#1086 = DIRECTION('',(0.,0.,1.));
#1087 = ORIENTED_EDGE('',*,*,#1088,.F.);
#1088 = EDGE_CURVE('',#1072,#1081,#1089,.T.);
#1089 = LINE('',#1090,#1091);
#1090 = CARTESIAN_POINT('',(1.95,2.275,1.025));
#1091 = VECTOR('',#1092,1.);
#1092 = DIRECTION('',(1.110223024625E-16,-1.,0.));
#1093 = PLANE('',#1094);
#1094 = AXIS2_PLACEMENT_3D('',#1095,#1096,#1097);
#1095 = CARTESIAN_POINT('',(1.95,2.275,1.025));
#1096 = DIRECTION('',(-1.,-1.110223024625E-16,0.));
#1097 = DIRECTION('',(1.110223024625E-16,-1.,0.));
#1098 = ADVANCED_FACE('',(#1099),#1124,.F.);
#1099 = FACE_BOUND('',#1100,.F.);
#1100 = EDGE_LOOP('',(#1101,#1109,#1110,#1118));
#1101 = ORIENTED_EDGE('',*,*,#1102,.F.);
#1102 = EDGE_CURVE('',#375,#1103,#1105,.T.);
#1103 = VERTEX_POINT('',#1104);
#1104 = CARTESIAN_POINT('',(2.25,-1.7,0.825));
#1105 = LINE('',#1106,#1107);
#1106 = CARTESIAN_POINT('',(1.8,-1.7,0.825));
#1107 = VECTOR('',#1108,1.);
#1108 = DIRECTION('',(1.,1.110223024625E-16,0.));
#1109 = ORIENTED_EDGE('',*,*,#374,.T.);
#1110 = ORIENTED_EDGE('',*,*,#1111,.T.);
#1111 = EDGE_CURVE('',#367,#1112,#1114,.T.);
#1112 = VERTEX_POINT('',#1113);
#1113 = CARTESIAN_POINT('',(2.25,-2.11,0.825));
#1114 = LINE('',#1115,#1116);
#1115 = CARTESIAN_POINT('',(1.8,-2.11,0.825));
#1116 = VECTOR('',#1117,1.);
#1117 = DIRECTION('',(1.,1.110223024625E-16,0.));
#1118 = ORIENTED_EDGE('',*,*,#1119,.F.);
#1119 = EDGE_CURVE('',#1103,#1112,#1120,.T.);
#1120 = LINE('',#1121,#1122);
#1121 = CARTESIAN_POINT('',(2.25,-1.7,0.825));
#1122 = VECTOR('',#1123,1.);
#1123 = DIRECTION('',(1.110223024625E-16,-1.,0.));
#1124 = PLANE('',#1125);
#1125 = AXIS2_PLACEMENT_3D('',#1126,#1127,#1128);
#1126 = CARTESIAN_POINT('',(1.8,-1.7,0.825));
#1127 = DIRECTION('',(0.,0.,1.));
#1128 = DIRECTION('',(1.,1.110223024625E-16,-0.));
#1129 = ADVANCED_FACE('',(#1130),#1154,.F.);
#1130 = FACE_BOUND('',#1131,.F.);
#1131 = EDGE_LOOP('',(#1132,#1140,#1141,#1148));
#1132 = ORIENTED_EDGE('',*,*,#1133,.F.);
#1133 = EDGE_CURVE('',#367,#1134,#1136,.T.);
#1134 = VERTEX_POINT('',#1135);
#1135 = CARTESIAN_POINT('',(1.95,-2.11,1.025));
#1136 = LINE('',#1137,#1138);
#1137 = CARTESIAN_POINT('',(1.95,-2.11,0.786976568901));
#1138 = VECTOR('',#1139,1.);
#1139 = DIRECTION('',(0.,0.,1.));
#1140 = ORIENTED_EDGE('',*,*,#366,.T.);
#1141 = ORIENTED_EDGE('',*,*,#1142,.T.);
#1142 = EDGE_CURVE('',#360,#1143,#1145,.T.);
#1143 = VERTEX_POINT('',#1144);
#1144 = CARTESIAN_POINT('',(1.95,-2.275,1.025));
#1145 = B_SPLINE_CURVE_WITH_KNOTS('',1,(#1146,#1147),.UNSPECIFIED.,.F.,
  .F.,(2,2),(0.,1.),.PIECEWISE_BEZIER_KNOTS.);
#1146 = CARTESIAN_POINT('',(1.95,-2.275,0.825));
#1147 = CARTESIAN_POINT('',(1.95,-2.275,1.025));
#1148 = ORIENTED_EDGE('',*,*,#1149,.F.);
#1149 = EDGE_CURVE('',#1134,#1143,#1150,.T.);
#1150 = LINE('',#1151,#1152);
#1151 = CARTESIAN_POINT('',(1.95,2.275,1.025));
#1152 = VECTOR('',#1153,1.);
#1153 = DIRECTION('',(1.110223024625E-16,-1.,0.));
#1154 = PLANE('',#1155);
#1155 = AXIS2_PLACEMENT_3D('',#1156,#1157,#1158);
#1156 = CARTESIAN_POINT('',(1.95,2.275,1.025));
#1157 = DIRECTION('',(-1.,-1.110223024625E-16,0.));
#1158 = DIRECTION('',(1.110223024625E-16,-1.,0.));
#1159 = ADVANCED_FACE('',(#1160),#1177,.F.);
#1160 = FACE_BOUND('',#1161,.F.);
#1161 = EDGE_LOOP('',(#1162,#1163,#1164,#1172));
#1162 = ORIENTED_EDGE('',*,*,#447,.T.);
#1163 = ORIENTED_EDGE('',*,*,#635,.T.);
#1164 = ORIENTED_EDGE('',*,*,#1165,.F.);
#1165 = EDGE_CURVE('',#1166,#636,#1168,.T.);
#1166 = VERTEX_POINT('',#1167);
#1167 = CARTESIAN_POINT('',(-1.775,-2.45,1.025));
#1168 = LINE('',#1169,#1170);
#1169 = CARTESIAN_POINT('',(-1.775,-2.45,1.025));
#1170 = VECTOR('',#1171,1.);
#1171 = DIRECTION('',(-0.707106781187,0.707106781187,0.));
#1172 = ORIENTED_EDGE('',*,*,#1173,.F.);
#1173 = EDGE_CURVE('',#448,#1166,#1174,.T.);
#1174 = B_SPLINE_CURVE_WITH_KNOTS('',1,(#1175,#1176),.UNSPECIFIED.,.F.,
  .F.,(2,2),(0.,1.),.PIECEWISE_BEZIER_KNOTS.);
#1175 = CARTESIAN_POINT('',(-1.775,-2.45,0.825));
#1176 = CARTESIAN_POINT('',(-1.775,-2.45,1.025));
#1177 = PLANE('',#1178);
#1178 = AXIS2_PLACEMENT_3D('',#1179,#1180,#1181);
#1179 = CARTESIAN_POINT('',(-1.775,-2.45,1.025));
#1180 = DIRECTION('',(0.707106781187,0.707106781187,0.));
#1181 = DIRECTION('',(-0.707106781187,0.707106781187,0.));
#1182 = ADVANCED_FACE('',(#1183),#1200,.F.);
#1183 = FACE_BOUND('',#1184,.F.);
#1184 = EDGE_LOOP('',(#1185,#1186,#1193,#1199));
#1185 = ORIENTED_EDGE('',*,*,#476,.T.);
#1186 = ORIENTED_EDGE('',*,*,#1187,.T.);
#1187 = EDGE_CURVE('',#470,#1188,#1190,.T.);
#1188 = VERTEX_POINT('',#1189);
#1189 = CARTESIAN_POINT('',(1.775,-2.45,1.025));
#1190 = B_SPLINE_CURVE_WITH_KNOTS('',1,(#1191,#1192),.UNSPECIFIED.,.F.,
  .F.,(2,2),(0.,1.),.PIECEWISE_BEZIER_KNOTS.);
#1191 = CARTESIAN_POINT('',(1.775,-2.45,0.825));
#1192 = CARTESIAN_POINT('',(1.775,-2.45,1.025));
#1193 = ORIENTED_EDGE('',*,*,#1194,.F.);
#1194 = EDGE_CURVE('',#1143,#1188,#1195,.T.);
#1195 = LINE('',#1196,#1197);
#1196 = CARTESIAN_POINT('',(1.95,-2.275,1.025));
#1197 = VECTOR('',#1198,1.);
#1198 = DIRECTION('',(-0.707106781187,-0.707106781187,0.));
#1199 = ORIENTED_EDGE('',*,*,#1142,.F.);
#1200 = PLANE('',#1201);
#1201 = AXIS2_PLACEMENT_3D('',#1202,#1203,#1204);
#1202 = CARTESIAN_POINT('',(1.95,-2.275,1.025));
#1203 = DIRECTION('',(-0.707106781187,0.707106781187,0.));
#1204 = DIRECTION('',(-0.707106781187,-0.707106781187,0.));
#1205 = ADVANCED_FACE('',(#1206),#1217,.F.);
#1206 = FACE_BOUND('',#1207,.F.);
#1207 = EDGE_LOOP('',(#1208,#1209,#1210,#1216));
#1208 = ORIENTED_EDGE('',*,*,#493,.T.);
#1209 = ORIENTED_EDGE('',*,*,#1173,.T.);
#1210 = ORIENTED_EDGE('',*,*,#1211,.F.);
#1211 = EDGE_CURVE('',#1188,#1166,#1212,.T.);
#1212 = LINE('',#1213,#1214);
#1213 = CARTESIAN_POINT('',(1.775,-2.45,1.025));
#1214 = VECTOR('',#1215,1.);
#1215 = DIRECTION('',(-1.,-1.110223024625E-16,0.));
#1216 = ORIENTED_EDGE('',*,*,#1187,.F.);
#1217 = PLANE('',#1218);
#1218 = AXIS2_PLACEMENT_3D('',#1219,#1220,#1221);
#1219 = CARTESIAN_POINT('',(1.775,-2.45,1.025));
#1220 = DIRECTION('',(-1.110223024625E-16,1.,0.));
#1221 = DIRECTION('',(-1.,-1.110223024625E-16,0.));
#1222 = ADVANCED_FACE('',(#1223),#1262,.F.);
#1223 = FACE_BOUND('',#1224,.F.);
#1224 = EDGE_LOOP('',(#1225,#1233,#1241,#1247,#1248,#1256));
#1225 = ORIENTED_EDGE('',*,*,#1226,.F.);
#1226 = EDGE_CURVE('',#1227,#830,#1229,.T.);
#1227 = VERTEX_POINT('',#1228);
#1228 = CARTESIAN_POINT('',(-2.25,1.7,1.025));
#1229 = LINE('',#1230,#1231);
#1230 = CARTESIAN_POINT('',(-2.25,1.7,1.025));
#1231 = VECTOR('',#1232,1.);
#1232 = DIRECTION('',(1.,-1.144237745222E-17,0.));
#1233 = ORIENTED_EDGE('',*,*,#1234,.T.);
#1234 = EDGE_CURVE('',#1227,#1235,#1237,.T.);
#1235 = VERTEX_POINT('',#1236);
#1236 = CARTESIAN_POINT('',(-2.25,2.11,1.025));
#1237 = LINE('',#1238,#1239);
#1238 = CARTESIAN_POINT('',(-2.25,1.7,1.025));
#1239 = VECTOR('',#1240,1.);
#1240 = DIRECTION('',(1.144237745222E-17,1.,0.));
#1241 = ORIENTED_EDGE('',*,*,#1242,.T.);
#1242 = EDGE_CURVE('',#1235,#598,#1243,.T.);
#1243 = LINE('',#1244,#1245);
#1244 = CARTESIAN_POINT('',(-2.25,2.11,1.025));
#1245 = VECTOR('',#1246,1.);
#1246 = DIRECTION('',(1.,-1.144237745222E-17,0.));
#1247 = ORIENTED_EDGE('',*,*,#597,.T.);
#1248 = ORIENTED_EDGE('',*,*,#1249,.F.);
#1249 = EDGE_CURVE('',#1250,#590,#1252,.T.);
#1250 = VERTEX_POINT('',#1251);
#1251 = CARTESIAN_POINT('',(-1.875,1.7,1.025));
#1252 = LINE('',#1253,#1254);
#1253 = CARTESIAN_POINT('',(-1.875,-2.2375,1.025));
#1254 = VECTOR('',#1255,1.);
#1255 = DIRECTION('',(-1.110223024625E-16,1.,0.));
#1256 = ORIENTED_EDGE('',*,*,#1257,.F.);
#1257 = EDGE_CURVE('',#830,#1250,#1258,.T.);
#1258 = LINE('',#1259,#1260);
#1259 = CARTESIAN_POINT('',(-2.25,1.7,1.025));
#1260 = VECTOR('',#1261,1.);
#1261 = DIRECTION('',(1.,-1.144237745222E-17,0.));
#1262 = PLANE('',#1263);
#1263 = AXIS2_PLACEMENT_3D('',#1264,#1265,#1266);
#1264 = CARTESIAN_POINT('',(-2.25,1.7,1.025));
#1265 = DIRECTION('',(0.,0.,-1.));
#1266 = DIRECTION('',(1.,-1.144237745222E-17,0.));
#1267 = ADVANCED_FACE('',(#1268),#1348,.F.);
#1268 = FACE_BOUND('',#1269,.F.);
#1269 = EDGE_LOOP('',(#1270,#1280,#1288,#1296,#1304,#1312,#1320,#1326,
    #1327,#1328,#1335,#1343));
#1270 = ORIENTED_EDGE('',*,*,#1271,.T.);
#1271 = EDGE_CURVE('',#1272,#1274,#1276,.T.);
#1272 = VERTEX_POINT('',#1273);
#1273 = CARTESIAN_POINT('',(-1.875,-2.2375,1.025));
#1274 = VERTEX_POINT('',#1275);
#1275 = CARTESIAN_POINT('',(-1.875,-2.11,1.025));
#1276 = LINE('',#1277,#1278);
#1277 = CARTESIAN_POINT('',(-1.875,-2.2375,1.025));
#1278 = VECTOR('',#1279,1.);
#1279 = DIRECTION('',(-1.110223024625E-16,1.,0.));
#1280 = ORIENTED_EDGE('',*,*,#1281,.T.);
#1281 = EDGE_CURVE('',#1274,#1282,#1284,.T.);
#1282 = VERTEX_POINT('',#1283);
#1283 = CARTESIAN_POINT('',(-1.875,-1.7,1.025));
#1284 = LINE('',#1285,#1286);
#1285 = CARTESIAN_POINT('',(-1.875,-2.2375,1.025));
#1286 = VECTOR('',#1287,1.);
#1287 = DIRECTION('',(-1.110223024625E-16,1.,0.));
#1288 = ORIENTED_EDGE('',*,*,#1289,.T.);
#1289 = EDGE_CURVE('',#1282,#1290,#1292,.T.);
#1290 = VERTEX_POINT('',#1291);
#1291 = CARTESIAN_POINT('',(-1.875,-0.84,1.025));
#1292 = LINE('',#1293,#1294);
#1293 = CARTESIAN_POINT('',(-1.875,-2.2375,1.025));
#1294 = VECTOR('',#1295,1.);
#1295 = DIRECTION('',(-1.110223024625E-16,1.,0.));
#1296 = ORIENTED_EDGE('',*,*,#1297,.T.);
#1297 = EDGE_CURVE('',#1290,#1298,#1300,.T.);
#1298 = VERTEX_POINT('',#1299);
#1299 = CARTESIAN_POINT('',(-1.875,-0.43,1.025));
#1300 = LINE('',#1301,#1302);
#1301 = CARTESIAN_POINT('',(-1.875,-2.2375,1.025));
#1302 = VECTOR('',#1303,1.);
#1303 = DIRECTION('',(-1.110223024625E-16,1.,0.));
#1304 = ORIENTED_EDGE('',*,*,#1305,.T.);
#1305 = EDGE_CURVE('',#1298,#1306,#1308,.T.);
#1306 = VERTEX_POINT('',#1307);
#1307 = CARTESIAN_POINT('',(-1.875,0.43,1.025));
#1308 = LINE('',#1309,#1310);
#1309 = CARTESIAN_POINT('',(-1.875,-2.2375,1.025));
#1310 = VECTOR('',#1311,1.);
#1311 = DIRECTION('',(-1.110223024625E-16,1.,0.));
#1312 = ORIENTED_EDGE('',*,*,#1313,.T.);
#1313 = EDGE_CURVE('',#1306,#1314,#1316,.T.);
#1314 = VERTEX_POINT('',#1315);
#1315 = CARTESIAN_POINT('',(-1.875,0.84,1.025));
#1316 = LINE('',#1317,#1318);
#1317 = CARTESIAN_POINT('',(-1.875,-2.2375,1.025));
#1318 = VECTOR('',#1319,1.);
#1319 = DIRECTION('',(-1.110223024625E-16,1.,0.));
#1320 = ORIENTED_EDGE('',*,*,#1321,.T.);
#1321 = EDGE_CURVE('',#1314,#1250,#1322,.T.);
#1322 = LINE('',#1323,#1324);
#1323 = CARTESIAN_POINT('',(-1.875,-2.2375,1.025));
#1324 = VECTOR('',#1325,1.);
#1325 = DIRECTION('',(-1.110223024625E-16,1.,0.));
#1326 = ORIENTED_EDGE('',*,*,#1249,.T.);
#1327 = ORIENTED_EDGE('',*,*,#589,.T.);
#1328 = ORIENTED_EDGE('',*,*,#1329,.T.);
#1329 = EDGE_CURVE('',#582,#1330,#1332,.T.);
#1330 = VERTEX_POINT('',#1331);
#1331 = CARTESIAN_POINT('',(-1.760171280765,2.180085640382,1.75));
#1332 = B_SPLINE_CURVE_WITH_KNOTS('',1,(#1333,#1334),.UNSPECIFIED.,.F.,
  .F.,(2,2),(0.,1.),.PIECEWISE_BEZIER_KNOTS.);
#1333 = CARTESIAN_POINT('',(-1.875,2.2375,1.025));
#1334 = CARTESIAN_POINT('',(-1.760171280765,2.180085640382,1.75));
#1335 = ORIENTED_EDGE('',*,*,#1336,.F.);
#1336 = EDGE_CURVE('',#1337,#1330,#1339,.T.);
#1337 = VERTEX_POINT('',#1338);
#1338 = CARTESIAN_POINT('',(-1.760171280765,-2.180085640382,1.75));
#1339 = LINE('',#1340,#1341);
#1340 = CARTESIAN_POINT('',(-1.760171280765,-2.180085640382,1.75));
#1341 = VECTOR('',#1342,1.);
#1342 = DIRECTION('',(-1.110223024625E-16,1.,0.));
#1343 = ORIENTED_EDGE('',*,*,#1344,.F.);
#1344 = EDGE_CURVE('',#1272,#1337,#1345,.T.);
#1345 = B_SPLINE_CURVE_WITH_KNOTS('',1,(#1346,#1347),.UNSPECIFIED.,.F.,
  .F.,(2,2),(0.,1.),.PIECEWISE_BEZIER_KNOTS.);
#1346 = CARTESIAN_POINT('',(-1.875,-2.2375,1.025));
#1347 = CARTESIAN_POINT('',(-1.760171280765,-2.180085640382,1.75));
#1348 = B_SPLINE_SURFACE_WITH_KNOTS('',1,1,(
    (#1349,#1350)
    ,(#1351,#1352
    )),.UNSPECIFIED.,.F.,.F.,.F.,(2,2),(2,2),(0.,4.475),(0.,1.),
  .PIECEWISE_BEZIER_KNOTS.);
#1349 = CARTESIAN_POINT('',(-1.875,-2.2375,1.025));
#1350 = CARTESIAN_POINT('',(-1.760171280765,-2.180085640382,1.75));
#1351 = CARTESIAN_POINT('',(-1.875,2.2375,1.025));
#1352 = CARTESIAN_POINT('',(-1.760171280765,2.180085640382,1.75));
#1353 = ADVANCED_FACE('',(#1354),#1371,.F.);
#1354 = FACE_BOUND('',#1355,.F.);
#1355 = EDGE_LOOP('',(#1356,#1357,#1364,#1370));
#1356 = ORIENTED_EDGE('',*,*,#581,.T.);
#1357 = ORIENTED_EDGE('',*,*,#1358,.T.);
#1358 = EDGE_CURVE('',#574,#1359,#1361,.T.);
#1359 = VERTEX_POINT('',#1360);
#1360 = CARTESIAN_POINT('',(-1.680085640382,2.260171280765,1.75));
#1361 = B_SPLINE_CURVE_WITH_KNOTS('',1,(#1362,#1363),.UNSPECIFIED.,.F.,
  .F.,(2,2),(0.,1.),.PIECEWISE_BEZIER_KNOTS.);
#1362 = CARTESIAN_POINT('',(-1.7375,2.375,1.025));
#1363 = CARTESIAN_POINT('',(-1.680085640382,2.260171280765,1.75));
#1364 = ORIENTED_EDGE('',*,*,#1365,.F.);
#1365 = EDGE_CURVE('',#1330,#1359,#1366,.T.);
#1366 = LINE('',#1367,#1368);
#1367 = CARTESIAN_POINT('',(-1.760171280765,2.180085640382,1.75));
#1368 = VECTOR('',#1369,1.);
#1369 = DIRECTION('',(0.707106781187,0.707106781187,0.));
#1370 = ORIENTED_EDGE('',*,*,#1329,.F.);
#1371 = B_SPLINE_SURFACE_WITH_KNOTS('',1,1,(
    (#1372,#1373)
    ,(#1374,#1375
    )),.UNSPECIFIED.,.F.,.F.,.F.,(2,2),(2,2),(0.,0.194454364826),(0.,1.)
  ,.PIECEWISE_BEZIER_KNOTS.);
#1372 = CARTESIAN_POINT('',(-1.875,2.2375,1.025));
#1373 = CARTESIAN_POINT('',(-1.760171280765,2.180085640382,1.75));
#1374 = CARTESIAN_POINT('',(-1.7375,2.375,1.025));
#1375 = CARTESIAN_POINT('',(-1.680085640382,2.260171280765,1.75));
#1376 = ADVANCED_FACE('',(#1377),#1394,.F.);
#1377 = FACE_BOUND('',#1378,.F.);
#1378 = EDGE_LOOP('',(#1379,#1380,#1387,#1393));
#1379 = ORIENTED_EDGE('',*,*,#573,.T.);
#1380 = ORIENTED_EDGE('',*,*,#1381,.T.);
#1381 = EDGE_CURVE('',#566,#1382,#1384,.T.);
#1382 = VERTEX_POINT('',#1383);
#1383 = CARTESIAN_POINT('',(1.680085640382,2.260171280765,1.75));
#1384 = B_SPLINE_CURVE_WITH_KNOTS('',1,(#1385,#1386),.UNSPECIFIED.,.F.,
  .F.,(2,2),(0.,1.),.PIECEWISE_BEZIER_KNOTS.);
#1385 = CARTESIAN_POINT('',(1.7375,2.375,1.025));
#1386 = CARTESIAN_POINT('',(1.680085640382,2.260171280765,1.75));
#1387 = ORIENTED_EDGE('',*,*,#1388,.F.);
#1388 = EDGE_CURVE('',#1359,#1382,#1389,.T.);
#1389 = LINE('',#1390,#1391);
#1390 = CARTESIAN_POINT('',(-1.680085640382,2.260171280765,1.75));
#1391 = VECTOR('',#1392,1.);
#1392 = DIRECTION('',(1.,1.110223024625E-16,0.));
#1393 = ORIENTED_EDGE('',*,*,#1358,.F.);
#1394 = B_SPLINE_SURFACE_WITH_KNOTS('',1,1,(
    (#1395,#1396)
    ,(#1397,#1398
    )),.UNSPECIFIED.,.F.,.F.,.F.,(2,2),(2,2),(0.,3.475),(0.,1.),
  .PIECEWISE_BEZIER_KNOTS.);
#1395 = CARTESIAN_POINT('',(-1.7375,2.375,1.025));
#1396 = CARTESIAN_POINT('',(-1.680085640382,2.260171280765,1.75));
#1397 = CARTESIAN_POINT('',(1.7375,2.375,1.025));
#1398 = CARTESIAN_POINT('',(1.680085640382,2.260171280765,1.75));
#1399 = ADVANCED_FACE('',(#1400),#1417,.F.);
#1400 = FACE_BOUND('',#1401,.F.);
#1401 = EDGE_LOOP('',(#1402,#1403,#1410,#1416));
#1402 = ORIENTED_EDGE('',*,*,#565,.T.);
#1403 = ORIENTED_EDGE('',*,*,#1404,.T.);
#1404 = EDGE_CURVE('',#558,#1405,#1407,.T.);
#1405 = VERTEX_POINT('',#1406);
#1406 = CARTESIAN_POINT('',(1.760171280765,2.180085640382,1.75));
#1407 = B_SPLINE_CURVE_WITH_KNOTS('',1,(#1408,#1409),.UNSPECIFIED.,.F.,
  .F.,(2,2),(0.,1.),.PIECEWISE_BEZIER_KNOTS.);
#1408 = CARTESIAN_POINT('',(1.875,2.2375,1.025));
#1409 = CARTESIAN_POINT('',(1.760171280765,2.180085640382,1.75));
#1410 = ORIENTED_EDGE('',*,*,#1411,.F.);
#1411 = EDGE_CURVE('',#1382,#1405,#1412,.T.);
#1412 = LINE('',#1413,#1414);
#1413 = CARTESIAN_POINT('',(1.680085640382,2.260171280765,1.75));
#1414 = VECTOR('',#1415,1.);
#1415 = DIRECTION('',(0.707106781187,-0.707106781187,0.));
#1416 = ORIENTED_EDGE('',*,*,#1381,.F.);
#1417 = B_SPLINE_SURFACE_WITH_KNOTS('',1,1,(
    (#1418,#1419)
    ,(#1420,#1421
    )),.UNSPECIFIED.,.F.,.F.,.F.,(2,2),(2,2),(0.,0.194454364826),(0.,1.)
  ,.PIECEWISE_BEZIER_KNOTS.);
#1418 = CARTESIAN_POINT('',(1.7375,2.375,1.025));
#1419 = CARTESIAN_POINT('',(1.680085640382,2.260171280765,1.75));
#1420 = CARTESIAN_POINT('',(1.875,2.2375,1.025));
#1421 = CARTESIAN_POINT('',(1.760171280765,2.180085640382,1.75));
#1422 = ADVANCED_FACE('',(#1423),#1504,.F.);
#1423 = FACE_BOUND('',#1424,.F.);
#1424 = EDGE_LOOP('',(#1425,#1426,#1434,#1442,#1450,#1458,#1466,#1474,
    #1482,#1490,#1497,#1503));
#1425 = ORIENTED_EDGE('',*,*,#557,.T.);
#1426 = ORIENTED_EDGE('',*,*,#1427,.T.);
#1427 = EDGE_CURVE('',#550,#1428,#1430,.T.);
#1428 = VERTEX_POINT('',#1429);
#1429 = CARTESIAN_POINT('',(1.875,1.7,1.025));
#1430 = LINE('',#1431,#1432);
#1431 = CARTESIAN_POINT('',(1.875,2.2375,1.025));
#1432 = VECTOR('',#1433,1.);
#1433 = DIRECTION('',(1.110223024625E-16,-1.,0.));
#1434 = ORIENTED_EDGE('',*,*,#1435,.T.);
#1435 = EDGE_CURVE('',#1428,#1436,#1438,.T.);
#1436 = VERTEX_POINT('',#1437);
#1437 = CARTESIAN_POINT('',(1.875,0.84,1.025));
#1438 = LINE('',#1439,#1440);
#1439 = CARTESIAN_POINT('',(1.875,2.2375,1.025));
#1440 = VECTOR('',#1441,1.);
#1441 = DIRECTION('',(1.110223024625E-16,-1.,0.));
#1442 = ORIENTED_EDGE('',*,*,#1443,.T.);
#1443 = EDGE_CURVE('',#1436,#1444,#1446,.T.);
#1444 = VERTEX_POINT('',#1445);
#1445 = CARTESIAN_POINT('',(1.875,0.43,1.025));
#1446 = LINE('',#1447,#1448);
#1447 = CARTESIAN_POINT('',(1.875,2.2375,1.025));
#1448 = VECTOR('',#1449,1.);
#1449 = DIRECTION('',(1.110223024625E-16,-1.,0.));
#1450 = ORIENTED_EDGE('',*,*,#1451,.T.);
#1451 = EDGE_CURVE('',#1444,#1452,#1454,.T.);
#1452 = VERTEX_POINT('',#1453);
#1453 = CARTESIAN_POINT('',(1.875,-0.43,1.025));
#1454 = LINE('',#1455,#1456);
#1455 = CARTESIAN_POINT('',(1.875,2.2375,1.025));
#1456 = VECTOR('',#1457,1.);
#1457 = DIRECTION('',(1.110223024625E-16,-1.,0.));
#1458 = ORIENTED_EDGE('',*,*,#1459,.T.);
#1459 = EDGE_CURVE('',#1452,#1460,#1462,.T.);
#1460 = VERTEX_POINT('',#1461);
#1461 = CARTESIAN_POINT('',(1.875,-0.84,1.025));
#1462 = LINE('',#1463,#1464);
#1463 = CARTESIAN_POINT('',(1.875,2.2375,1.025));
#1464 = VECTOR('',#1465,1.);
#1465 = DIRECTION('',(1.110223024625E-16,-1.,0.));
#1466 = ORIENTED_EDGE('',*,*,#1467,.T.);
#1467 = EDGE_CURVE('',#1460,#1468,#1470,.T.);
#1468 = VERTEX_POINT('',#1469);
#1469 = CARTESIAN_POINT('',(1.875,-1.7,1.025));
#1470 = LINE('',#1471,#1472);
#1471 = CARTESIAN_POINT('',(1.875,2.2375,1.025));
#1472 = VECTOR('',#1473,1.);
#1473 = DIRECTION('',(1.110223024625E-16,-1.,0.));
#1474 = ORIENTED_EDGE('',*,*,#1475,.T.);
#1475 = EDGE_CURVE('',#1468,#1476,#1478,.T.);
#1476 = VERTEX_POINT('',#1477);
#1477 = CARTESIAN_POINT('',(1.875,-2.11,1.025));
#1478 = LINE('',#1479,#1480);
#1479 = CARTESIAN_POINT('',(1.875,2.2375,1.025));
#1480 = VECTOR('',#1481,1.);
#1481 = DIRECTION('',(1.110223024625E-16,-1.,0.));
#1482 = ORIENTED_EDGE('',*,*,#1483,.T.);
#1483 = EDGE_CURVE('',#1476,#1484,#1486,.T.);
#1484 = VERTEX_POINT('',#1485);
#1485 = CARTESIAN_POINT('',(1.875,-2.2375,1.025));
#1486 = LINE('',#1487,#1488);
#1487 = CARTESIAN_POINT('',(1.875,2.2375,1.025));
#1488 = VECTOR('',#1489,1.);
#1489 = DIRECTION('',(1.110223024625E-16,-1.,0.));
#1490 = ORIENTED_EDGE('',*,*,#1491,.T.);
#1491 = EDGE_CURVE('',#1484,#1492,#1494,.T.);
#1492 = VERTEX_POINT('',#1493);
#1493 = CARTESIAN_POINT('',(1.760171280765,-2.180085640382,1.75));
#1494 = B_SPLINE_CURVE_WITH_KNOTS('',1,(#1495,#1496),.UNSPECIFIED.,.F.,
  .F.,(2,2),(0.,1.),.PIECEWISE_BEZIER_KNOTS.);
#1495 = CARTESIAN_POINT('',(1.875,-2.2375,1.025));
#1496 = CARTESIAN_POINT('',(1.760171280765,-2.180085640382,1.75));
#1497 = ORIENTED_EDGE('',*,*,#1498,.F.);
#1498 = EDGE_CURVE('',#1405,#1492,#1499,.T.);
#1499 = LINE('',#1500,#1501);
#1500 = CARTESIAN_POINT('',(1.760171280765,2.180085640382,1.75));
#1501 = VECTOR('',#1502,1.);
#1502 = DIRECTION('',(1.110223024625E-16,-1.,0.));
#1503 = ORIENTED_EDGE('',*,*,#1404,.F.);
#1504 = B_SPLINE_SURFACE_WITH_KNOTS('',1,1,(
    (#1505,#1506)
    ,(#1507,#1508
    )),.UNSPECIFIED.,.F.,.F.,.F.,(2,2),(2,2),(0.,4.475),(0.,1.),
  .PIECEWISE_BEZIER_KNOTS.);
#1505 = CARTESIAN_POINT('',(1.875,2.2375,1.025));
#1506 = CARTESIAN_POINT('',(1.760171280765,2.180085640382,1.75));
#1507 = CARTESIAN_POINT('',(1.875,-2.2375,1.025));
#1508 = CARTESIAN_POINT('',(1.760171280765,-2.180085640382,1.75));
#1509 = ADVANCED_FACE('',(#1510),#1542,.F.);
#1510 = FACE_BOUND('',#1511,.F.);
#1511 = EDGE_LOOP('',(#1512,#1520,#1528,#1534,#1540,#1541));
#1512 = ORIENTED_EDGE('',*,*,#1513,.F.);
#1513 = EDGE_CURVE('',#1514,#542,#1516,.T.);
#1514 = VERTEX_POINT('',#1515);
#1515 = CARTESIAN_POINT('',(2.25,2.11,1.025));
#1516 = LINE('',#1517,#1518);
#1517 = CARTESIAN_POINT('',(2.25,2.11,1.025));
#1518 = VECTOR('',#1519,1.);
#1519 = DIRECTION('',(-1.,-1.110223024625E-16,0.));
#1520 = ORIENTED_EDGE('',*,*,#1521,.T.);
#1521 = EDGE_CURVE('',#1514,#1522,#1524,.T.);
#1522 = VERTEX_POINT('',#1523);
#1523 = CARTESIAN_POINT('',(2.25,1.7,1.025));
#1524 = LINE('',#1525,#1526);
#1525 = CARTESIAN_POINT('',(2.25,2.11,1.025));
#1526 = VECTOR('',#1527,1.);
#1527 = DIRECTION('',(1.110223024625E-16,-1.,0.));
#1528 = ORIENTED_EDGE('',*,*,#1529,.T.);
#1529 = EDGE_CURVE('',#1522,#948,#1530,.T.);
#1530 = LINE('',#1531,#1532);
#1531 = CARTESIAN_POINT('',(2.25,1.7,1.025));
#1532 = VECTOR('',#1533,1.);
#1533 = DIRECTION('',(-1.,-1.110223024625E-16,0.));
#1534 = ORIENTED_EDGE('',*,*,#1535,.T.);
#1535 = EDGE_CURVE('',#948,#1428,#1536,.T.);
#1536 = LINE('',#1537,#1538);
#1537 = CARTESIAN_POINT('',(2.25,1.7,1.025));
#1538 = VECTOR('',#1539,1.);
#1539 = DIRECTION('',(-1.,-1.110223024625E-16,0.));
#1540 = ORIENTED_EDGE('',*,*,#1427,.F.);
#1541 = ORIENTED_EDGE('',*,*,#549,.F.);
#1542 = PLANE('',#1543);
#1543 = AXIS2_PLACEMENT_3D('',#1544,#1545,#1546);
#1544 = CARTESIAN_POINT('',(2.25,2.11,1.025));
#1545 = DIRECTION('',(0.,0.,-1.));
#1546 = DIRECTION('',(-1.,-1.110223024625E-16,-0.));
#1547 = ADVANCED_FACE('',(#1548),#1591,.F.);
#1548 = FACE_BOUND('',#1549,.F.);
#1549 = EDGE_LOOP('',(#1550,#1551,#1557,#1558,#1566,#1574,#1580,#1581,
    #1587,#1588,#1589,#1590));
#1550 = ORIENTED_EDGE('',*,*,#651,.T.);
#1551 = ORIENTED_EDGE('',*,*,#1552,.T.);
#1552 = EDGE_CURVE('',#644,#1274,#1553,.T.);
#1553 = LINE('',#1554,#1555);
#1554 = CARTESIAN_POINT('',(-2.25,-2.11,1.025));
#1555 = VECTOR('',#1556,1.);
#1556 = DIRECTION('',(1.,-1.144237745222E-17,0.));
#1557 = ORIENTED_EDGE('',*,*,#1271,.F.);
#1558 = ORIENTED_EDGE('',*,*,#1559,.F.);
#1559 = EDGE_CURVE('',#1560,#1272,#1562,.T.);
#1560 = VERTEX_POINT('',#1561);
#1561 = CARTESIAN_POINT('',(-1.7375,-2.375,1.025));
#1562 = LINE('',#1563,#1564);
#1563 = CARTESIAN_POINT('',(-1.7375,-2.375,1.025));
#1564 = VECTOR('',#1565,1.);
#1565 = DIRECTION('',(-0.707106781187,0.707106781187,0.));
#1566 = ORIENTED_EDGE('',*,*,#1567,.F.);
#1567 = EDGE_CURVE('',#1568,#1560,#1570,.T.);
#1568 = VERTEX_POINT('',#1569);
#1569 = CARTESIAN_POINT('',(1.7375,-2.375,1.025));
#1570 = LINE('',#1571,#1572);
#1571 = CARTESIAN_POINT('',(1.7375,-2.375,1.025));
#1572 = VECTOR('',#1573,1.);
#1573 = DIRECTION('',(-1.,-1.110223024625E-16,0.));
#1574 = ORIENTED_EDGE('',*,*,#1575,.F.);
#1575 = EDGE_CURVE('',#1484,#1568,#1576,.T.);
#1576 = LINE('',#1577,#1578);
#1577 = CARTESIAN_POINT('',(1.875,-2.2375,1.025));
#1578 = VECTOR('',#1579,1.);
#1579 = DIRECTION('',(-0.707106781187,-0.707106781187,0.));
#1580 = ORIENTED_EDGE('',*,*,#1483,.F.);
#1581 = ORIENTED_EDGE('',*,*,#1582,.F.);
#1582 = EDGE_CURVE('',#1134,#1476,#1583,.T.);
#1583 = LINE('',#1584,#1585);
#1584 = CARTESIAN_POINT('',(2.25,-2.11,1.025));
#1585 = VECTOR('',#1586,1.);
#1586 = DIRECTION('',(-1.,-1.110223024625E-16,0.));
#1587 = ORIENTED_EDGE('',*,*,#1149,.T.);
#1588 = ORIENTED_EDGE('',*,*,#1194,.T.);
#1589 = ORIENTED_EDGE('',*,*,#1211,.T.);
#1590 = ORIENTED_EDGE('',*,*,#1165,.T.);
#1591 = PLANE('',#1592);
#1592 = AXIS2_PLACEMENT_3D('',#1593,#1594,#1595);
#1593 = CARTESIAN_POINT('',(-3.027078129022E-16,2.4125,1.025));
#1594 = DIRECTION('',(2.007919022429E-31,-7.713306628828E-27,-1.));
#1595 = DIRECTION('',(1.,1.112083013911E-16,2.00791902242E-31));
#1596 = ADVANCED_FACE('',(#1597),#1683,.F.);
#1597 = FACE_BOUND('',#1598,.F.);
#1598 = EDGE_LOOP('',(#1599,#1600,#1601,#1610,#1618,#1627,#1635,#1643,
    #1651,#1660,#1668,#1677));
#1599 = ORIENTED_EDGE('',*,*,#643,.F.);
#1600 = ORIENTED_EDGE('',*,*,#665,.T.);
#1601 = ORIENTED_EDGE('',*,*,#1602,.T.);
#1602 = EDGE_CURVE('',#666,#1603,#1605,.T.);
#1603 = VERTEX_POINT('',#1604);
#1604 = CARTESIAN_POINT('',(-2.348480775301,-2.11,0.742364817767));
#1605 = CIRCLE('',#1606,0.1);
#1606 = AXIS2_PLACEMENT_3D('',#1607,#1608,#1609);
#1607 = CARTESIAN_POINT('',(-2.25,-2.11,0.725));
#1608 = DIRECTION('',(-1.144237745222E-17,-1.,3.284293275761E-47));
#1609 = DIRECTION('',(-4.440892098501E-15,5.081436361563E-32,1.));
#1610 = ORIENTED_EDGE('',*,*,#1611,.T.);
#1611 = EDGE_CURVE('',#1603,#1612,#1614,.T.);
#1612 = VERTEX_POINT('',#1613);
#1613 = CARTESIAN_POINT('',(-2.429496640897,-2.11,0.2479055467));
#1614 = LINE('',#1615,#1616);
#1615 = CARTESIAN_POINT('',(-2.348480775301,-2.11,0.742364817767));
#1616 = VECTOR('',#1617,1.);
#1617 = DIRECTION('',(-0.161691392282,1.85013394127E-18,-0.986841372087)
  );
#1618 = ORIENTED_EDGE('',*,*,#1619,.T.);
#1619 = EDGE_CURVE('',#1612,#1620,#1622,.T.);
#1620 = VERTEX_POINT('',#1621);
#1621 = CARTESIAN_POINT('',(-2.724938966801,-2.11,-1.665334536938E-16));
#1622 = CIRCLE('',#1623,0.3);
#1623 = AXIS2_PLACEMENT_3D('',#1624,#1625,#1626);
#1624 = CARTESIAN_POINT('',(-2.724938966801,-2.11,0.3));
#1625 = DIRECTION('',(1.144237745222E-17,1.,7.703719777549E-34));
#1626 = DIRECTION('',(0.984807753012,-1.126854202784E-17,-0.173648177667
    ));
#1627 = ORIENTED_EDGE('',*,*,#1628,.T.);
#1628 = EDGE_CURVE('',#1620,#1629,#1631,.T.);
#1629 = VERTEX_POINT('',#1630);
#1630 = CARTESIAN_POINT('',(-3.,-2.11,-1.665334536938E-16));
#1631 = LINE('',#1632,#1633);
#1632 = CARTESIAN_POINT('',(-2.724938966801,-2.11,-1.665334536938E-16));
#1633 = VECTOR('',#1634,1.);
#1634 = DIRECTION('',(-1.,1.144237745222E-17,0.));
#1635 = ORIENTED_EDGE('',*,*,#1636,.T.);
#1636 = EDGE_CURVE('',#1629,#1637,#1639,.T.);
#1637 = VERTEX_POINT('',#1638);
#1638 = CARTESIAN_POINT('',(-3.,-2.11,0.2));
#1639 = LINE('',#1640,#1641);
#1640 = CARTESIAN_POINT('',(-3.,-2.11,-1.665334536938E-16));
#1641 = VECTOR('',#1642,1.);
#1642 = DIRECTION('',(0.,0.,1.));
#1643 = ORIENTED_EDGE('',*,*,#1644,.T.);
#1644 = EDGE_CURVE('',#1637,#1645,#1647,.T.);
#1645 = VERTEX_POINT('',#1646);
#1646 = CARTESIAN_POINT('',(-2.724938966801,-2.11,0.2));
#1647 = LINE('',#1648,#1649);
#1648 = CARTESIAN_POINT('',(-3.,-2.11,0.2));
#1649 = VECTOR('',#1650,1.);
#1650 = DIRECTION('',(1.,-1.144237745222E-17,0.));
#1651 = ORIENTED_EDGE('',*,*,#1652,.T.);
#1652 = EDGE_CURVE('',#1645,#1653,#1655,.T.);
#1653 = VERTEX_POINT('',#1654);
#1654 = CARTESIAN_POINT('',(-2.6264581915,-2.11,0.282635182233));
#1655 = CIRCLE('',#1656,0.1);
#1656 = AXIS2_PLACEMENT_3D('',#1657,#1658,#1659);
#1657 = CARTESIAN_POINT('',(-2.724938966801,-2.11,0.3));
#1658 = DIRECTION('',(-1.144237745222E-17,-1.,-0.));
#1659 = DIRECTION('',(0.,0.,-1.));
#1660 = ORIENTED_EDGE('',*,*,#1661,.T.);
#1661 = EDGE_CURVE('',#1653,#1662,#1664,.T.);
#1662 = VERTEX_POINT('',#1663);
#1663 = CARTESIAN_POINT('',(-2.545442325904,-2.11,0.7770944533));
#1664 = LINE('',#1665,#1666);
#1665 = CARTESIAN_POINT('',(-2.6264581915,-2.11,0.282635182233));
#1666 = VECTOR('',#1667,1.);
#1667 = DIRECTION('',(0.161691392282,-1.85013394127E-18,0.986841372087)
  );
#1668 = ORIENTED_EDGE('',*,*,#1669,.T.);
#1669 = EDGE_CURVE('',#1662,#1670,#1672,.T.);
#1670 = VERTEX_POINT('',#1671);
#1671 = CARTESIAN_POINT('',(-2.25,-2.11,1.025));
#1672 = CIRCLE('',#1673,0.3);
#1673 = AXIS2_PLACEMENT_3D('',#1674,#1675,#1676);
#1674 = CARTESIAN_POINT('',(-2.25,-2.11,0.725));
#1675 = DIRECTION('',(1.144237745222E-17,1.,7.703719777549E-34));
#1676 = DIRECTION('',(-0.984807753012,1.126854202784E-17,0.173648177667)
  );
#1677 = ORIENTED_EDGE('',*,*,#1678,.T.);
#1678 = EDGE_CURVE('',#1670,#644,#1679,.T.);
#1679 = LINE('',#1680,#1681);
#1680 = CARTESIAN_POINT('',(-2.25,-2.11,1.025));
#1681 = VECTOR('',#1682,1.);
#1682 = DIRECTION('',(1.,-1.144237745222E-17,0.));
#1683 = PLANE('',#1684);
#1684 = AXIS2_PLACEMENT_3D('',#1685,#1686,#1687);
#1685 = CARTESIAN_POINT('',(-2.42560961319,-2.11,0.548953137803));
#1686 = DIRECTION('',(1.144237745222E-17,1.,0.));
#1687 = DIRECTION('',(0.,-0.,1.));
#1688 = ADVANCED_FACE('',(#1689),#1708,.F.);
#1689 = FACE_BOUND('',#1690,.F.);
#1690 = EDGE_LOOP('',(#1691,#1692,#1701,#1707));
#1691 = ORIENTED_EDGE('',*,*,#682,.T.);
#1692 = ORIENTED_EDGE('',*,*,#1693,.T.);
#1693 = EDGE_CURVE('',#675,#1694,#1696,.T.);
#1694 = VERTEX_POINT('',#1695);
#1695 = CARTESIAN_POINT('',(-2.348480775301,-1.7,0.742364817767));
#1696 = CIRCLE('',#1697,0.1);
#1697 = AXIS2_PLACEMENT_3D('',#1698,#1699,#1700);
#1698 = CARTESIAN_POINT('',(-2.25,-1.7,0.725));
#1699 = DIRECTION('',(-1.144237745222E-17,-1.,3.284293275761E-47));
#1700 = DIRECTION('',(-4.440892098501E-15,5.081436361563E-32,1.));
#1701 = ORIENTED_EDGE('',*,*,#1702,.F.);
#1702 = EDGE_CURVE('',#1603,#1694,#1703,.T.);
#1703 = LINE('',#1704,#1705);
#1704 = CARTESIAN_POINT('',(-2.348480775301,-2.11,0.742364817767));
#1705 = VECTOR('',#1706,1.);
#1706 = DIRECTION('',(1.144237745222E-17,1.,0.));
#1707 = ORIENTED_EDGE('',*,*,#1602,.F.);
#1708 = CYLINDRICAL_SURFACE('',#1709,0.1);
#1709 = AXIS2_PLACEMENT_3D('',#1710,#1711,#1712);
#1710 = CARTESIAN_POINT('',(-2.25,-2.11,0.725));
#1711 = DIRECTION('',(-1.144237745222E-17,-1.,0.));
#1712 = DIRECTION('',(-4.440892098501E-15,5.081436361563E-32,1.));
#1713 = ADVANCED_FACE('',(#1714),#1792,.T.);
#1714 = FACE_BOUND('',#1715,.T.);
#1715 = EDGE_LOOP('',(#1716,#1717,#1718,#1719,#1727,#1736,#1744,#1752,
    #1760,#1769,#1777,#1786));
#1716 = ORIENTED_EDGE('',*,*,#696,.F.);
#1717 = ORIENTED_EDGE('',*,*,#674,.T.);
#1718 = ORIENTED_EDGE('',*,*,#1693,.T.);
#1719 = ORIENTED_EDGE('',*,*,#1720,.T.);
#1720 = EDGE_CURVE('',#1694,#1721,#1723,.T.);
#1721 = VERTEX_POINT('',#1722);
#1722 = CARTESIAN_POINT('',(-2.429496640897,-1.7,0.2479055467));
#1723 = LINE('',#1724,#1725);
#1724 = CARTESIAN_POINT('',(-2.348480775301,-1.7,0.742364817767));
#1725 = VECTOR('',#1726,1.);
#1726 = DIRECTION('',(-0.161691392282,1.85013394127E-18,-0.986841372087)
  );
#1727 = ORIENTED_EDGE('',*,*,#1728,.T.);
#1728 = EDGE_CURVE('',#1721,#1729,#1731,.T.);
#1729 = VERTEX_POINT('',#1730);
#1730 = CARTESIAN_POINT('',(-2.724938966801,-1.7,-1.665334536938E-16));
#1731 = CIRCLE('',#1732,0.3);
#1732 = AXIS2_PLACEMENT_3D('',#1733,#1734,#1735);
#1733 = CARTESIAN_POINT('',(-2.724938966801,-1.7,0.3));
#1734 = DIRECTION('',(1.144237745222E-17,1.,7.703719777549E-34));
#1735 = DIRECTION('',(0.984807753012,-1.126854202784E-17,-0.173648177667
    ));
#1736 = ORIENTED_EDGE('',*,*,#1737,.T.);
#1737 = EDGE_CURVE('',#1729,#1738,#1740,.T.);
#1738 = VERTEX_POINT('',#1739);
#1739 = CARTESIAN_POINT('',(-3.,-1.7,-1.665334536938E-16));
#1740 = LINE('',#1741,#1742);
#1741 = CARTESIAN_POINT('',(-2.724938966801,-1.7,-1.665334536938E-16));
#1742 = VECTOR('',#1743,1.);
#1743 = DIRECTION('',(-1.,1.144237745222E-17,0.));
#1744 = ORIENTED_EDGE('',*,*,#1745,.T.);
#1745 = EDGE_CURVE('',#1738,#1746,#1748,.T.);
#1746 = VERTEX_POINT('',#1747);
#1747 = CARTESIAN_POINT('',(-3.,-1.7,0.2));
#1748 = LINE('',#1749,#1750);
#1749 = CARTESIAN_POINT('',(-3.,-1.7,-1.665334536938E-16));
#1750 = VECTOR('',#1751,1.);
#1751 = DIRECTION('',(0.,0.,1.));
#1752 = ORIENTED_EDGE('',*,*,#1753,.T.);
#1753 = EDGE_CURVE('',#1746,#1754,#1756,.T.);
#1754 = VERTEX_POINT('',#1755);
#1755 = CARTESIAN_POINT('',(-2.724938966801,-1.7,0.2));
#1756 = LINE('',#1757,#1758);
#1757 = CARTESIAN_POINT('',(-3.,-1.7,0.2));
#1758 = VECTOR('',#1759,1.);
#1759 = DIRECTION('',(1.,-1.144237745222E-17,0.));
#1760 = ORIENTED_EDGE('',*,*,#1761,.T.);
#1761 = EDGE_CURVE('',#1754,#1762,#1764,.T.);
#1762 = VERTEX_POINT('',#1763);
#1763 = CARTESIAN_POINT('',(-2.6264581915,-1.7,0.282635182233));
#1764 = CIRCLE('',#1765,0.1);
#1765 = AXIS2_PLACEMENT_3D('',#1766,#1767,#1768);
#1766 = CARTESIAN_POINT('',(-2.724938966801,-1.7,0.3));
#1767 = DIRECTION('',(-1.144237745222E-17,-1.,-0.));
#1768 = DIRECTION('',(0.,0.,-1.));
#1769 = ORIENTED_EDGE('',*,*,#1770,.T.);
#1770 = EDGE_CURVE('',#1762,#1771,#1773,.T.);
#1771 = VERTEX_POINT('',#1772);
#1772 = CARTESIAN_POINT('',(-2.545442325904,-1.7,0.7770944533));
#1773 = LINE('',#1774,#1775);
#1774 = CARTESIAN_POINT('',(-2.6264581915,-1.7,0.282635182233));
#1775 = VECTOR('',#1776,1.);
#1776 = DIRECTION('',(0.161691392282,-1.85013394127E-18,0.986841372087)
  );
#1777 = ORIENTED_EDGE('',*,*,#1778,.T.);
#1778 = EDGE_CURVE('',#1771,#1779,#1781,.T.);
#1779 = VERTEX_POINT('',#1780);
#1780 = CARTESIAN_POINT('',(-2.25,-1.7,1.025));
#1781 = CIRCLE('',#1782,0.3);
#1782 = AXIS2_PLACEMENT_3D('',#1783,#1784,#1785);
#1783 = CARTESIAN_POINT('',(-2.25,-1.7,0.725));
#1784 = DIRECTION('',(1.144237745222E-17,1.,7.703719777549E-34));
#1785 = DIRECTION('',(-0.984807753012,1.126854202784E-17,0.173648177667)
  );
#1786 = ORIENTED_EDGE('',*,*,#1787,.T.);
#1787 = EDGE_CURVE('',#1779,#697,#1788,.T.);
#1788 = LINE('',#1789,#1790);
#1789 = CARTESIAN_POINT('',(-2.25,-1.7,1.025));
#1790 = VECTOR('',#1791,1.);
#1791 = DIRECTION('',(1.,-1.144237745222E-17,0.));
#1792 = PLANE('',#1793);
#1793 = AXIS2_PLACEMENT_3D('',#1794,#1795,#1796);
#1794 = CARTESIAN_POINT('',(-2.42560961319,-1.7,0.548953137803));
#1795 = DIRECTION('',(1.144237745222E-17,1.,0.));
#1796 = DIRECTION('',(0.,-0.,1.));
#1797 = ADVANCED_FACE('',(#1798),#1814,.F.);
#1798 = FACE_BOUND('',#1799,.F.);
#1799 = EDGE_LOOP('',(#1800,#1801,#1807,#1808));
#1800 = ORIENTED_EDGE('',*,*,#713,.T.);
#1801 = ORIENTED_EDGE('',*,*,#1802,.T.);
#1802 = EDGE_CURVE('',#706,#1290,#1803,.T.);
#1803 = LINE('',#1804,#1805);
#1804 = CARTESIAN_POINT('',(-2.25,-0.84,1.025));
#1805 = VECTOR('',#1806,1.);
#1806 = DIRECTION('',(1.,-1.144237745222E-17,0.));
#1807 = ORIENTED_EDGE('',*,*,#1289,.F.);
#1808 = ORIENTED_EDGE('',*,*,#1809,.F.);
#1809 = EDGE_CURVE('',#697,#1282,#1810,.T.);
#1810 = LINE('',#1811,#1812);
#1811 = CARTESIAN_POINT('',(-2.25,-1.7,1.025));
#1812 = VECTOR('',#1813,1.);
#1813 = DIRECTION('',(1.,-1.144237745222E-17,0.));
#1814 = PLANE('',#1815);
#1815 = AXIS2_PLACEMENT_3D('',#1816,#1817,#1818);
#1816 = CARTESIAN_POINT('',(-3.027078129022E-16,2.4125,1.025));
#1817 = DIRECTION('',(2.007919022429E-31,-7.713306628828E-27,-1.));
#1818 = DIRECTION('',(1.,1.112083013911E-16,2.00791902242E-31));
#1819 = ADVANCED_FACE('',(#1820),#1906,.F.);
#1820 = FACE_BOUND('',#1821,.F.);
#1821 = EDGE_LOOP('',(#1822,#1823,#1824,#1833,#1841,#1850,#1858,#1866,
    #1874,#1883,#1891,#1900));
#1822 = ORIENTED_EDGE('',*,*,#705,.F.);
#1823 = ORIENTED_EDGE('',*,*,#727,.T.);
#1824 = ORIENTED_EDGE('',*,*,#1825,.T.);
#1825 = EDGE_CURVE('',#728,#1826,#1828,.T.);
#1826 = VERTEX_POINT('',#1827);
#1827 = CARTESIAN_POINT('',(-2.348480775301,-0.84,0.742364817767));
#1828 = CIRCLE('',#1829,0.1);
#1829 = AXIS2_PLACEMENT_3D('',#1830,#1831,#1832);
#1830 = CARTESIAN_POINT('',(-2.25,-0.84,0.725));
#1831 = DIRECTION('',(-1.144237745222E-17,-1.,3.284293275761E-47));
#1832 = DIRECTION('',(-4.440892098501E-15,5.081436361563E-32,1.));
#1833 = ORIENTED_EDGE('',*,*,#1834,.T.);
#1834 = EDGE_CURVE('',#1826,#1835,#1837,.T.);
#1835 = VERTEX_POINT('',#1836);
#1836 = CARTESIAN_POINT('',(-2.429496640897,-0.84,0.2479055467));
#1837 = LINE('',#1838,#1839);
#1838 = CARTESIAN_POINT('',(-2.348480775301,-0.84,0.742364817767));
#1839 = VECTOR('',#1840,1.);
#1840 = DIRECTION('',(-0.161691392282,1.85013394127E-18,-0.986841372087)
  );
#1841 = ORIENTED_EDGE('',*,*,#1842,.T.);
#1842 = EDGE_CURVE('',#1835,#1843,#1845,.T.);
#1843 = VERTEX_POINT('',#1844);
#1844 = CARTESIAN_POINT('',(-2.724938966801,-0.84,-1.665334536938E-16));
#1845 = CIRCLE('',#1846,0.3);
#1846 = AXIS2_PLACEMENT_3D('',#1847,#1848,#1849);
#1847 = CARTESIAN_POINT('',(-2.724938966801,-0.84,0.3));
#1848 = DIRECTION('',(1.144237745222E-17,1.,7.703719777549E-34));
#1849 = DIRECTION('',(0.984807753012,-1.126854202784E-17,-0.173648177667
    ));
#1850 = ORIENTED_EDGE('',*,*,#1851,.T.);
#1851 = EDGE_CURVE('',#1843,#1852,#1854,.T.);
#1852 = VERTEX_POINT('',#1853);
#1853 = CARTESIAN_POINT('',(-3.,-0.84,-1.665334536938E-16));
#1854 = LINE('',#1855,#1856);
#1855 = CARTESIAN_POINT('',(-2.724938966801,-0.84,-1.665334536938E-16));
#1856 = VECTOR('',#1857,1.);
#1857 = DIRECTION('',(-1.,1.144237745222E-17,0.));
#1858 = ORIENTED_EDGE('',*,*,#1859,.T.);
#1859 = EDGE_CURVE('',#1852,#1860,#1862,.T.);
#1860 = VERTEX_POINT('',#1861);
#1861 = CARTESIAN_POINT('',(-3.,-0.84,0.2));
#1862 = LINE('',#1863,#1864);
#1863 = CARTESIAN_POINT('',(-3.,-0.84,-1.665334536938E-16));
#1864 = VECTOR('',#1865,1.);
#1865 = DIRECTION('',(0.,0.,1.));
#1866 = ORIENTED_EDGE('',*,*,#1867,.T.);
#1867 = EDGE_CURVE('',#1860,#1868,#1870,.T.);
#1868 = VERTEX_POINT('',#1869);
#1869 = CARTESIAN_POINT('',(-2.724938966801,-0.84,0.2));
#1870 = LINE('',#1871,#1872);
#1871 = CARTESIAN_POINT('',(-3.,-0.84,0.2));
#1872 = VECTOR('',#1873,1.);
#1873 = DIRECTION('',(1.,-1.144237745222E-17,0.));
#1874 = ORIENTED_EDGE('',*,*,#1875,.T.);
#1875 = EDGE_CURVE('',#1868,#1876,#1878,.T.);
#1876 = VERTEX_POINT('',#1877);
#1877 = CARTESIAN_POINT('',(-2.6264581915,-0.84,0.282635182233));
#1878 = CIRCLE('',#1879,0.1);
#1879 = AXIS2_PLACEMENT_3D('',#1880,#1881,#1882);
#1880 = CARTESIAN_POINT('',(-2.724938966801,-0.84,0.3));
#1881 = DIRECTION('',(-1.144237745222E-17,-1.,-0.));
#1882 = DIRECTION('',(0.,0.,-1.));
#1883 = ORIENTED_EDGE('',*,*,#1884,.T.);
#1884 = EDGE_CURVE('',#1876,#1885,#1887,.T.);
#1885 = VERTEX_POINT('',#1886);
#1886 = CARTESIAN_POINT('',(-2.545442325904,-0.84,0.7770944533));
#1887 = LINE('',#1888,#1889);
#1888 = CARTESIAN_POINT('',(-2.6264581915,-0.84,0.282635182233));
#1889 = VECTOR('',#1890,1.);
#1890 = DIRECTION('',(0.161691392282,-1.85013394127E-18,0.986841372087)
  );
#1891 = ORIENTED_EDGE('',*,*,#1892,.T.);
#1892 = EDGE_CURVE('',#1885,#1893,#1895,.T.);
#1893 = VERTEX_POINT('',#1894);
#1894 = CARTESIAN_POINT('',(-2.25,-0.84,1.025));
#1895 = CIRCLE('',#1896,0.3);
#1896 = AXIS2_PLACEMENT_3D('',#1897,#1898,#1899);
#1897 = CARTESIAN_POINT('',(-2.25,-0.84,0.725));
#1898 = DIRECTION('',(1.144237745222E-17,1.,7.703719777549E-34));
#1899 = DIRECTION('',(-0.984807753012,1.126854202784E-17,0.173648177667)
  );
#1900 = ORIENTED_EDGE('',*,*,#1901,.T.);
#1901 = EDGE_CURVE('',#1893,#706,#1902,.T.);
#1902 = LINE('',#1903,#1904);
#1903 = CARTESIAN_POINT('',(-2.25,-0.84,1.025));
#1904 = VECTOR('',#1905,1.);
#1905 = DIRECTION('',(1.,-1.144237745222E-17,0.));
#1906 = PLANE('',#1907);
#1907 = AXIS2_PLACEMENT_3D('',#1908,#1909,#1910);
#1908 = CARTESIAN_POINT('',(-2.42560961319,-0.84,0.548953137803));
#1909 = DIRECTION('',(1.144237745222E-17,1.,0.));
#1910 = DIRECTION('',(0.,-0.,1.));
#1911 = ADVANCED_FACE('',(#1912),#1931,.F.);
#1912 = FACE_BOUND('',#1913,.F.);
#1913 = EDGE_LOOP('',(#1914,#1915,#1924,#1930));
#1914 = ORIENTED_EDGE('',*,*,#744,.T.);
#1915 = ORIENTED_EDGE('',*,*,#1916,.T.);
#1916 = EDGE_CURVE('',#737,#1917,#1919,.T.);
#1917 = VERTEX_POINT('',#1918);
#1918 = CARTESIAN_POINT('',(-2.348480775301,-0.43,0.742364817767));
#1919 = CIRCLE('',#1920,0.1);
#1920 = AXIS2_PLACEMENT_3D('',#1921,#1922,#1923);
#1921 = CARTESIAN_POINT('',(-2.25,-0.43,0.725));
#1922 = DIRECTION('',(-1.144237745222E-17,-1.,3.284293275761E-47));
#1923 = DIRECTION('',(-4.440892098501E-15,5.081436361563E-32,1.));
#1924 = ORIENTED_EDGE('',*,*,#1925,.F.);
#1925 = EDGE_CURVE('',#1826,#1917,#1926,.T.);
#1926 = LINE('',#1927,#1928);
#1927 = CARTESIAN_POINT('',(-2.348480775301,-0.84,0.742364817767));
#1928 = VECTOR('',#1929,1.);
#1929 = DIRECTION('',(1.144237745222E-17,1.,0.));
#1930 = ORIENTED_EDGE('',*,*,#1825,.F.);
#1931 = CYLINDRICAL_SURFACE('',#1932,0.1);
#1932 = AXIS2_PLACEMENT_3D('',#1933,#1934,#1935);
#1933 = CARTESIAN_POINT('',(-2.25,-0.84,0.725));
#1934 = DIRECTION('',(-1.144237745222E-17,-1.,0.));
#1935 = DIRECTION('',(-4.440892098501E-15,5.081436361563E-32,1.));
#1936 = ADVANCED_FACE('',(#1937),#2015,.T.);
#1937 = FACE_BOUND('',#1938,.T.);
#1938 = EDGE_LOOP('',(#1939,#1940,#1941,#1942,#1950,#1959,#1967,#1975,
    #1983,#1992,#2000,#2009));
#1939 = ORIENTED_EDGE('',*,*,#758,.F.);
#1940 = ORIENTED_EDGE('',*,*,#736,.T.);
#1941 = ORIENTED_EDGE('',*,*,#1916,.T.);
#1942 = ORIENTED_EDGE('',*,*,#1943,.T.);
#1943 = EDGE_CURVE('',#1917,#1944,#1946,.T.);
#1944 = VERTEX_POINT('',#1945);
#1945 = CARTESIAN_POINT('',(-2.429496640897,-0.43,0.2479055467));
#1946 = LINE('',#1947,#1948);
#1947 = CARTESIAN_POINT('',(-2.348480775301,-0.43,0.742364817767));
#1948 = VECTOR('',#1949,1.);
#1949 = DIRECTION('',(-0.161691392282,1.85013394127E-18,-0.986841372087)
  );
#1950 = ORIENTED_EDGE('',*,*,#1951,.T.);
#1951 = EDGE_CURVE('',#1944,#1952,#1954,.T.);
#1952 = VERTEX_POINT('',#1953);
#1953 = CARTESIAN_POINT('',(-2.724938966801,-0.43,-1.665334536938E-16));
#1954 = CIRCLE('',#1955,0.3);
#1955 = AXIS2_PLACEMENT_3D('',#1956,#1957,#1958);
#1956 = CARTESIAN_POINT('',(-2.724938966801,-0.43,0.3));
#1957 = DIRECTION('',(1.144237745222E-17,1.,7.703719777549E-34));
#1958 = DIRECTION('',(0.984807753012,-1.126854202784E-17,-0.173648177667
    ));
#1959 = ORIENTED_EDGE('',*,*,#1960,.T.);
#1960 = EDGE_CURVE('',#1952,#1961,#1963,.T.);
#1961 = VERTEX_POINT('',#1962);
#1962 = CARTESIAN_POINT('',(-3.,-0.43,-1.665334536938E-16));
#1963 = LINE('',#1964,#1965);
#1964 = CARTESIAN_POINT('',(-2.724938966801,-0.43,-1.665334536938E-16));
#1965 = VECTOR('',#1966,1.);
#1966 = DIRECTION('',(-1.,1.144237745222E-17,0.));
#1967 = ORIENTED_EDGE('',*,*,#1968,.T.);
#1968 = EDGE_CURVE('',#1961,#1969,#1971,.T.);
#1969 = VERTEX_POINT('',#1970);
#1970 = CARTESIAN_POINT('',(-3.,-0.43,0.2));
#1971 = LINE('',#1972,#1973);
#1972 = CARTESIAN_POINT('',(-3.,-0.43,-1.665334536938E-16));
#1973 = VECTOR('',#1974,1.);
#1974 = DIRECTION('',(0.,0.,1.));
#1975 = ORIENTED_EDGE('',*,*,#1976,.T.);
#1976 = EDGE_CURVE('',#1969,#1977,#1979,.T.);
#1977 = VERTEX_POINT('',#1978);
#1978 = CARTESIAN_POINT('',(-2.724938966801,-0.43,0.2));
#1979 = LINE('',#1980,#1981);
#1980 = CARTESIAN_POINT('',(-3.,-0.43,0.2));
#1981 = VECTOR('',#1982,1.);
#1982 = DIRECTION('',(1.,-1.144237745222E-17,0.));
#1983 = ORIENTED_EDGE('',*,*,#1984,.T.);
#1984 = EDGE_CURVE('',#1977,#1985,#1987,.T.);
#1985 = VERTEX_POINT('',#1986);
#1986 = CARTESIAN_POINT('',(-2.6264581915,-0.43,0.282635182233));
#1987 = CIRCLE('',#1988,0.1);
#1988 = AXIS2_PLACEMENT_3D('',#1989,#1990,#1991);
#1989 = CARTESIAN_POINT('',(-2.724938966801,-0.43,0.3));
#1990 = DIRECTION('',(-1.144237745222E-17,-1.,-0.));
#1991 = DIRECTION('',(0.,0.,-1.));
#1992 = ORIENTED_EDGE('',*,*,#1993,.T.);
#1993 = EDGE_CURVE('',#1985,#1994,#1996,.T.);
#1994 = VERTEX_POINT('',#1995);
#1995 = CARTESIAN_POINT('',(-2.545442325904,-0.43,0.7770944533));
#1996 = LINE('',#1997,#1998);
#1997 = CARTESIAN_POINT('',(-2.6264581915,-0.43,0.282635182233));
#1998 = VECTOR('',#1999,1.);
#1999 = DIRECTION('',(0.161691392282,-1.85013394127E-18,0.986841372087)
  );
#2000 = ORIENTED_EDGE('',*,*,#2001,.T.);
#2001 = EDGE_CURVE('',#1994,#2002,#2004,.T.);
#2002 = VERTEX_POINT('',#2003);
#2003 = CARTESIAN_POINT('',(-2.25,-0.43,1.025));
#2004 = CIRCLE('',#2005,0.3);
#2005 = AXIS2_PLACEMENT_3D('',#2006,#2007,#2008);
#2006 = CARTESIAN_POINT('',(-2.25,-0.43,0.725));
#2007 = DIRECTION('',(1.144237745222E-17,1.,7.703719777549E-34));
#2008 = DIRECTION('',(-0.984807753012,1.126854202784E-17,0.173648177667)
  );
#2009 = ORIENTED_EDGE('',*,*,#2010,.T.);
#2010 = EDGE_CURVE('',#2002,#759,#2011,.T.);
#2011 = LINE('',#2012,#2013);
#2012 = CARTESIAN_POINT('',(-2.25,-0.43,1.025));
#2013 = VECTOR('',#2014,1.);
#2014 = DIRECTION('',(1.,-1.144237745222E-17,0.));
#2015 = PLANE('',#2016);
#2016 = AXIS2_PLACEMENT_3D('',#2017,#2018,#2019);
#2017 = CARTESIAN_POINT('',(-2.42560961319,-0.43,0.548953137803));
#2018 = DIRECTION('',(1.144237745222E-17,1.,0.));
#2019 = DIRECTION('',(0.,-0.,1.));
#2020 = ADVANCED_FACE('',(#2021),#2037,.F.);
#2021 = FACE_BOUND('',#2022,.F.);
#2022 = EDGE_LOOP('',(#2023,#2024,#2030,#2031));
#2023 = ORIENTED_EDGE('',*,*,#775,.T.);
#2024 = ORIENTED_EDGE('',*,*,#2025,.T.);
#2025 = EDGE_CURVE('',#768,#1306,#2026,.T.);
#2026 = LINE('',#2027,#2028);
#2027 = CARTESIAN_POINT('',(-2.25,0.43,1.025));
#2028 = VECTOR('',#2029,1.);
#2029 = DIRECTION('',(1.,-1.144237745222E-17,0.));
#2030 = ORIENTED_EDGE('',*,*,#1305,.F.);
#2031 = ORIENTED_EDGE('',*,*,#2032,.F.);
#2032 = EDGE_CURVE('',#759,#1298,#2033,.T.);
#2033 = LINE('',#2034,#2035);
#2034 = CARTESIAN_POINT('',(-2.25,-0.43,1.025));
#2035 = VECTOR('',#2036,1.);
#2036 = DIRECTION('',(1.,-1.144237745222E-17,0.));
#2037 = PLANE('',#2038);
#2038 = AXIS2_PLACEMENT_3D('',#2039,#2040,#2041);
#2039 = CARTESIAN_POINT('',(-3.027078129022E-16,2.4125,1.025));
#2040 = DIRECTION('',(2.007919022429E-31,-7.713306628828E-27,-1.));
#2041 = DIRECTION('',(1.,1.112083013911E-16,2.00791902242E-31));
#2042 = ADVANCED_FACE('',(#2043),#2129,.F.);
#2043 = FACE_BOUND('',#2044,.F.);
#2044 = EDGE_LOOP('',(#2045,#2046,#2047,#2056,#2064,#2073,#2081,#2089,
    #2097,#2106,#2114,#2123));
#2045 = ORIENTED_EDGE('',*,*,#767,.F.);
#2046 = ORIENTED_EDGE('',*,*,#789,.T.);
#2047 = ORIENTED_EDGE('',*,*,#2048,.T.);
#2048 = EDGE_CURVE('',#790,#2049,#2051,.T.);
#2049 = VERTEX_POINT('',#2050);
#2050 = CARTESIAN_POINT('',(-2.348480775301,0.43,0.742364817767));
#2051 = CIRCLE('',#2052,0.1);
#2052 = AXIS2_PLACEMENT_3D('',#2053,#2054,#2055);
#2053 = CARTESIAN_POINT('',(-2.25,0.43,0.725));
#2054 = DIRECTION('',(-1.144237745222E-17,-1.,3.284293275761E-47));
#2055 = DIRECTION('',(-4.440892098501E-15,5.081436361563E-32,1.));
#2056 = ORIENTED_EDGE('',*,*,#2057,.T.);
#2057 = EDGE_CURVE('',#2049,#2058,#2060,.T.);
#2058 = VERTEX_POINT('',#2059);
#2059 = CARTESIAN_POINT('',(-2.429496640897,0.43,0.2479055467));
#2060 = LINE('',#2061,#2062);
#2061 = CARTESIAN_POINT('',(-2.348480775301,0.43,0.742364817767));
#2062 = VECTOR('',#2063,1.);
#2063 = DIRECTION('',(-0.161691392282,1.85013394127E-18,-0.986841372087)
  );
#2064 = ORIENTED_EDGE('',*,*,#2065,.T.);
#2065 = EDGE_CURVE('',#2058,#2066,#2068,.T.);
#2066 = VERTEX_POINT('',#2067);
#2067 = CARTESIAN_POINT('',(-2.724938966801,0.43,-1.665334536938E-16));
#2068 = CIRCLE('',#2069,0.3);
#2069 = AXIS2_PLACEMENT_3D('',#2070,#2071,#2072);
#2070 = CARTESIAN_POINT('',(-2.724938966801,0.43,0.3));
#2071 = DIRECTION('',(1.144237745222E-17,1.,7.703719777549E-34));
#2072 = DIRECTION('',(0.984807753012,-1.126854202784E-17,-0.173648177667
    ));
#2073 = ORIENTED_EDGE('',*,*,#2074,.T.);
#2074 = EDGE_CURVE('',#2066,#2075,#2077,.T.);
#2075 = VERTEX_POINT('',#2076);
#2076 = CARTESIAN_POINT('',(-3.,0.43,-1.665334536938E-16));
#2077 = LINE('',#2078,#2079);
#2078 = CARTESIAN_POINT('',(-2.724938966801,0.43,-1.665334536938E-16));
#2079 = VECTOR('',#2080,1.);
#2080 = DIRECTION('',(-1.,1.144237745222E-17,0.));
#2081 = ORIENTED_EDGE('',*,*,#2082,.T.);
#2082 = EDGE_CURVE('',#2075,#2083,#2085,.T.);
#2083 = VERTEX_POINT('',#2084);
#2084 = CARTESIAN_POINT('',(-3.,0.43,0.2));
#2085 = LINE('',#2086,#2087);
#2086 = CARTESIAN_POINT('',(-3.,0.43,-1.665334536938E-16));
#2087 = VECTOR('',#2088,1.);
#2088 = DIRECTION('',(0.,0.,1.));
#2089 = ORIENTED_EDGE('',*,*,#2090,.T.);
#2090 = EDGE_CURVE('',#2083,#2091,#2093,.T.);
#2091 = VERTEX_POINT('',#2092);
#2092 = CARTESIAN_POINT('',(-2.724938966801,0.43,0.2));
#2093 = LINE('',#2094,#2095);
#2094 = CARTESIAN_POINT('',(-3.,0.43,0.2));
#2095 = VECTOR('',#2096,1.);
#2096 = DIRECTION('',(1.,-1.144237745222E-17,0.));
#2097 = ORIENTED_EDGE('',*,*,#2098,.T.);
#2098 = EDGE_CURVE('',#2091,#2099,#2101,.T.);
#2099 = VERTEX_POINT('',#2100);
#2100 = CARTESIAN_POINT('',(-2.6264581915,0.43,0.282635182233));
#2101 = CIRCLE('',#2102,0.1);
#2102 = AXIS2_PLACEMENT_3D('',#2103,#2104,#2105);
#2103 = CARTESIAN_POINT('',(-2.724938966801,0.43,0.3));
#2104 = DIRECTION('',(-1.144237745222E-17,-1.,-0.));
#2105 = DIRECTION('',(0.,0.,-1.));
#2106 = ORIENTED_EDGE('',*,*,#2107,.T.);
#2107 = EDGE_CURVE('',#2099,#2108,#2110,.T.);
#2108 = VERTEX_POINT('',#2109);
#2109 = CARTESIAN_POINT('',(-2.545442325904,0.43,0.7770944533));
#2110 = LINE('',#2111,#2112);
#2111 = CARTESIAN_POINT('',(-2.6264581915,0.43,0.282635182233));
#2112 = VECTOR('',#2113,1.);
#2113 = DIRECTION('',(0.161691392282,-1.85013394127E-18,0.986841372087)
  );
#2114 = ORIENTED_EDGE('',*,*,#2115,.T.);
#2115 = EDGE_CURVE('',#2108,#2116,#2118,.T.);
#2116 = VERTEX_POINT('',#2117);
#2117 = CARTESIAN_POINT('',(-2.25,0.43,1.025));
#2118 = CIRCLE('',#2119,0.3);
#2119 = AXIS2_PLACEMENT_3D('',#2120,#2121,#2122);
#2120 = CARTESIAN_POINT('',(-2.25,0.43,0.725));
#2121 = DIRECTION('',(1.144237745222E-17,1.,7.703719777549E-34));
#2122 = DIRECTION('',(-0.984807753012,1.126854202784E-17,0.173648177667)
  );
#2123 = ORIENTED_EDGE('',*,*,#2124,.T.);
#2124 = EDGE_CURVE('',#2116,#768,#2125,.T.);
#2125 = LINE('',#2126,#2127);
#2126 = CARTESIAN_POINT('',(-2.25,0.43,1.025));
#2127 = VECTOR('',#2128,1.);
#2128 = DIRECTION('',(1.,-1.144237745222E-17,0.));
#2129 = PLANE('',#2130);
#2130 = AXIS2_PLACEMENT_3D('',#2131,#2132,#2133);
#2131 = CARTESIAN_POINT('',(-2.42560961319,0.43,0.548953137803));
#2132 = DIRECTION('',(1.144237745222E-17,1.,0.));
#2133 = DIRECTION('',(0.,-0.,1.));
#2134 = ADVANCED_FACE('',(#2135),#2154,.F.);
#2135 = FACE_BOUND('',#2136,.F.);
#2136 = EDGE_LOOP('',(#2137,#2138,#2147,#2153));
#2137 = ORIENTED_EDGE('',*,*,#806,.T.);
#2138 = ORIENTED_EDGE('',*,*,#2139,.T.);
#2139 = EDGE_CURVE('',#799,#2140,#2142,.T.);
#2140 = VERTEX_POINT('',#2141);
#2141 = CARTESIAN_POINT('',(-2.348480775301,0.84,0.742364817767));
#2142 = CIRCLE('',#2143,0.1);
#2143 = AXIS2_PLACEMENT_3D('',#2144,#2145,#2146);
#2144 = CARTESIAN_POINT('',(-2.25,0.84,0.725));
#2145 = DIRECTION('',(-1.144237745222E-17,-1.,3.284293275761E-47));
#2146 = DIRECTION('',(-4.440892098501E-15,5.081436361563E-32,1.));
#2147 = ORIENTED_EDGE('',*,*,#2148,.F.);
#2148 = EDGE_CURVE('',#2049,#2140,#2149,.T.);
#2149 = LINE('',#2150,#2151);
#2150 = CARTESIAN_POINT('',(-2.348480775301,0.43,0.742364817767));
#2151 = VECTOR('',#2152,1.);
#2152 = DIRECTION('',(1.144237745222E-17,1.,0.));
#2153 = ORIENTED_EDGE('',*,*,#2048,.F.);
#2154 = CYLINDRICAL_SURFACE('',#2155,0.1);
#2155 = AXIS2_PLACEMENT_3D('',#2156,#2157,#2158);
#2156 = CARTESIAN_POINT('',(-2.25,0.43,0.725));
#2157 = DIRECTION('',(-1.144237745222E-17,-1.,0.));
#2158 = DIRECTION('',(-4.440892098501E-15,5.081436361563E-32,1.));
#2159 = ADVANCED_FACE('',(#2160),#2238,.T.);
#2160 = FACE_BOUND('',#2161,.T.);
#2161 = EDGE_LOOP('',(#2162,#2163,#2164,#2165,#2173,#2182,#2190,#2198,
    #2206,#2215,#2223,#2232));
#2162 = ORIENTED_EDGE('',*,*,#820,.F.);
#2163 = ORIENTED_EDGE('',*,*,#798,.T.);
#2164 = ORIENTED_EDGE('',*,*,#2139,.T.);
#2165 = ORIENTED_EDGE('',*,*,#2166,.T.);
#2166 = EDGE_CURVE('',#2140,#2167,#2169,.T.);
#2167 = VERTEX_POINT('',#2168);
#2168 = CARTESIAN_POINT('',(-2.429496640897,0.84,0.2479055467));
#2169 = LINE('',#2170,#2171);
#2170 = CARTESIAN_POINT('',(-2.348480775301,0.84,0.742364817767));
#2171 = VECTOR('',#2172,1.);
#2172 = DIRECTION('',(-0.161691392282,1.85013394127E-18,-0.986841372087)
  );
#2173 = ORIENTED_EDGE('',*,*,#2174,.T.);
#2174 = EDGE_CURVE('',#2167,#2175,#2177,.T.);
#2175 = VERTEX_POINT('',#2176);
#2176 = CARTESIAN_POINT('',(-2.724938966801,0.84,-1.665334536938E-16));
#2177 = CIRCLE('',#2178,0.3);
#2178 = AXIS2_PLACEMENT_3D('',#2179,#2180,#2181);
#2179 = CARTESIAN_POINT('',(-2.724938966801,0.84,0.3));
#2180 = DIRECTION('',(1.144237745222E-17,1.,7.703719777549E-34));
#2181 = DIRECTION('',(0.984807753012,-1.126854202784E-17,-0.173648177667
    ));
#2182 = ORIENTED_EDGE('',*,*,#2183,.T.);
#2183 = EDGE_CURVE('',#2175,#2184,#2186,.T.);
#2184 = VERTEX_POINT('',#2185);
#2185 = CARTESIAN_POINT('',(-3.,0.84,-1.665334536938E-16));
#2186 = LINE('',#2187,#2188);
#2187 = CARTESIAN_POINT('',(-2.724938966801,0.84,-1.665334536938E-16));
#2188 = VECTOR('',#2189,1.);
#2189 = DIRECTION('',(-1.,1.144237745222E-17,0.));
#2190 = ORIENTED_EDGE('',*,*,#2191,.T.);
#2191 = EDGE_CURVE('',#2184,#2192,#2194,.T.);
#2192 = VERTEX_POINT('',#2193);
#2193 = CARTESIAN_POINT('',(-3.,0.84,0.2));
#2194 = LINE('',#2195,#2196);
#2195 = CARTESIAN_POINT('',(-3.,0.84,-1.665334536938E-16));
#2196 = VECTOR('',#2197,1.);
#2197 = DIRECTION('',(0.,0.,1.));
#2198 = ORIENTED_EDGE('',*,*,#2199,.T.);
#2199 = EDGE_CURVE('',#2192,#2200,#2202,.T.);
#2200 = VERTEX_POINT('',#2201);
#2201 = CARTESIAN_POINT('',(-2.724938966801,0.84,0.2));
#2202 = LINE('',#2203,#2204);
#2203 = CARTESIAN_POINT('',(-3.,0.84,0.2));
#2204 = VECTOR('',#2205,1.);
#2205 = DIRECTION('',(1.,-1.144237745222E-17,0.));
#2206 = ORIENTED_EDGE('',*,*,#2207,.T.);
#2207 = EDGE_CURVE('',#2200,#2208,#2210,.T.);
#2208 = VERTEX_POINT('',#2209);
#2209 = CARTESIAN_POINT('',(-2.6264581915,0.84,0.282635182233));
#2210 = CIRCLE('',#2211,0.1);
#2211 = AXIS2_PLACEMENT_3D('',#2212,#2213,#2214);
#2212 = CARTESIAN_POINT('',(-2.724938966801,0.84,0.3));
#2213 = DIRECTION('',(-1.144237745222E-17,-1.,-0.));
#2214 = DIRECTION('',(0.,0.,-1.));
#2215 = ORIENTED_EDGE('',*,*,#2216,.T.);
#2216 = EDGE_CURVE('',#2208,#2217,#2219,.T.);
#2217 = VERTEX_POINT('',#2218);
#2218 = CARTESIAN_POINT('',(-2.545442325904,0.84,0.7770944533));
#2219 = LINE('',#2220,#2221);
#2220 = CARTESIAN_POINT('',(-2.6264581915,0.84,0.282635182233));
#2221 = VECTOR('',#2222,1.);
#2222 = DIRECTION('',(0.161691392282,-1.85013394127E-18,0.986841372087)
  );
#2223 = ORIENTED_EDGE('',*,*,#2224,.T.);
#2224 = EDGE_CURVE('',#2217,#2225,#2227,.T.);
#2225 = VERTEX_POINT('',#2226);
#2226 = CARTESIAN_POINT('',(-2.25,0.84,1.025));
#2227 = CIRCLE('',#2228,0.3);
#2228 = AXIS2_PLACEMENT_3D('',#2229,#2230,#2231);
#2229 = CARTESIAN_POINT('',(-2.25,0.84,0.725));
#2230 = DIRECTION('',(1.144237745222E-17,1.,7.703719777549E-34));
#2231 = DIRECTION('',(-0.984807753012,1.126854202784E-17,0.173648177667)
  );
#2232 = ORIENTED_EDGE('',*,*,#2233,.T.);
#2233 = EDGE_CURVE('',#2225,#821,#2234,.T.);
#2234 = LINE('',#2235,#2236);
#2235 = CARTESIAN_POINT('',(-2.25,0.84,1.025));
#2236 = VECTOR('',#2237,1.);
#2237 = DIRECTION('',(1.,-1.144237745222E-17,0.));
#2238 = PLANE('',#2239);
#2239 = AXIS2_PLACEMENT_3D('',#2240,#2241,#2242);
#2240 = CARTESIAN_POINT('',(-2.42560961319,0.84,0.548953137803));
#2241 = DIRECTION('',(1.144237745222E-17,1.,0.));
#2242 = DIRECTION('',(0.,-0.,1.));
#2243 = ADVANCED_FACE('',(#2244),#2255,.F.);
#2244 = FACE_BOUND('',#2245,.F.);
#2245 = EDGE_LOOP('',(#2246,#2247,#2248,#2249));
#2246 = ORIENTED_EDGE('',*,*,#837,.T.);
#2247 = ORIENTED_EDGE('',*,*,#1257,.T.);
#2248 = ORIENTED_EDGE('',*,*,#1321,.F.);
#2249 = ORIENTED_EDGE('',*,*,#2250,.F.);
#2250 = EDGE_CURVE('',#821,#1314,#2251,.T.);
#2251 = LINE('',#2252,#2253);
#2252 = CARTESIAN_POINT('',(-2.25,0.84,1.025));
#2253 = VECTOR('',#2254,1.);
#2254 = DIRECTION('',(1.,-1.144237745222E-17,0.));
#2255 = PLANE('',#2256);
#2256 = AXIS2_PLACEMENT_3D('',#2257,#2258,#2259);
#2257 = CARTESIAN_POINT('',(-3.027078129022E-16,2.4125,1.025));
#2258 = DIRECTION('',(2.007919022429E-31,-7.713306628828E-27,-1.));
#2259 = DIRECTION('',(1.,1.112083013911E-16,2.00791902242E-31));
#2260 = ADVANCED_FACE('',(#2261),#2340,.F.);
#2261 = FACE_BOUND('',#2262,.F.);
#2262 = EDGE_LOOP('',(#2263,#2264,#2265,#2274,#2282,#2291,#2299,#2307,
    #2315,#2324,#2332,#2339));
#2263 = ORIENTED_EDGE('',*,*,#829,.F.);
#2264 = ORIENTED_EDGE('',*,*,#851,.T.);
#2265 = ORIENTED_EDGE('',*,*,#2266,.T.);
#2266 = EDGE_CURVE('',#852,#2267,#2269,.T.);
#2267 = VERTEX_POINT('',#2268);
#2268 = CARTESIAN_POINT('',(-2.348480775301,1.7,0.742364817767));
#2269 = CIRCLE('',#2270,0.1);
#2270 = AXIS2_PLACEMENT_3D('',#2271,#2272,#2273);
#2271 = CARTESIAN_POINT('',(-2.25,1.7,0.725));
#2272 = DIRECTION('',(-1.144237745222E-17,-1.,3.284293275761E-47));
#2273 = DIRECTION('',(-4.440892098501E-15,5.081436361563E-32,1.));
#2274 = ORIENTED_EDGE('',*,*,#2275,.T.);
#2275 = EDGE_CURVE('',#2267,#2276,#2278,.T.);
#2276 = VERTEX_POINT('',#2277);
#2277 = CARTESIAN_POINT('',(-2.429496640897,1.7,0.2479055467));
#2278 = LINE('',#2279,#2280);
#2279 = CARTESIAN_POINT('',(-2.348480775301,1.7,0.742364817767));
#2280 = VECTOR('',#2281,1.);
#2281 = DIRECTION('',(-0.161691392282,1.85013394127E-18,-0.986841372087)
  );
#2282 = ORIENTED_EDGE('',*,*,#2283,.T.);
#2283 = EDGE_CURVE('',#2276,#2284,#2286,.T.);
#2284 = VERTEX_POINT('',#2285);
#2285 = CARTESIAN_POINT('',(-2.724938966801,1.7,-1.665334536938E-16));
#2286 = CIRCLE('',#2287,0.3);
#2287 = AXIS2_PLACEMENT_3D('',#2288,#2289,#2290);
#2288 = CARTESIAN_POINT('',(-2.724938966801,1.7,0.3));
#2289 = DIRECTION('',(1.144237745222E-17,1.,7.703719777549E-34));
#2290 = DIRECTION('',(0.984807753012,-1.126854202784E-17,-0.173648177667
    ));
#2291 = ORIENTED_EDGE('',*,*,#2292,.T.);
#2292 = EDGE_CURVE('',#2284,#2293,#2295,.T.);
#2293 = VERTEX_POINT('',#2294);
#2294 = CARTESIAN_POINT('',(-3.,1.7,-1.665334536938E-16));
#2295 = LINE('',#2296,#2297);
#2296 = CARTESIAN_POINT('',(-2.724938966801,1.7,-1.665334536938E-16));
#2297 = VECTOR('',#2298,1.);
#2298 = DIRECTION('',(-1.,1.144237745222E-17,0.));
#2299 = ORIENTED_EDGE('',*,*,#2300,.T.);
#2300 = EDGE_CURVE('',#2293,#2301,#2303,.T.);
#2301 = VERTEX_POINT('',#2302);
#2302 = CARTESIAN_POINT('',(-3.,1.7,0.2));
#2303 = LINE('',#2304,#2305);
#2304 = CARTESIAN_POINT('',(-3.,1.7,-1.665334536938E-16));
#2305 = VECTOR('',#2306,1.);
#2306 = DIRECTION('',(0.,0.,1.));
#2307 = ORIENTED_EDGE('',*,*,#2308,.T.);
#2308 = EDGE_CURVE('',#2301,#2309,#2311,.T.);
#2309 = VERTEX_POINT('',#2310);
#2310 = CARTESIAN_POINT('',(-2.724938966801,1.7,0.2));
#2311 = LINE('',#2312,#2313);
#2312 = CARTESIAN_POINT('',(-3.,1.7,0.2));
#2313 = VECTOR('',#2314,1.);
#2314 = DIRECTION('',(1.,-1.144237745222E-17,0.));
#2315 = ORIENTED_EDGE('',*,*,#2316,.T.);
#2316 = EDGE_CURVE('',#2309,#2317,#2319,.T.);
#2317 = VERTEX_POINT('',#2318);
#2318 = CARTESIAN_POINT('',(-2.6264581915,1.7,0.282635182233));
#2319 = CIRCLE('',#2320,0.1);
#2320 = AXIS2_PLACEMENT_3D('',#2321,#2322,#2323);
#2321 = CARTESIAN_POINT('',(-2.724938966801,1.7,0.3));
#2322 = DIRECTION('',(-1.144237745222E-17,-1.,-0.));
#2323 = DIRECTION('',(0.,0.,-1.));
#2324 = ORIENTED_EDGE('',*,*,#2325,.T.);
#2325 = EDGE_CURVE('',#2317,#2326,#2328,.T.);
#2326 = VERTEX_POINT('',#2327);
#2327 = CARTESIAN_POINT('',(-2.545442325904,1.7,0.7770944533));
#2328 = LINE('',#2329,#2330);
#2329 = CARTESIAN_POINT('',(-2.6264581915,1.7,0.282635182233));
#2330 = VECTOR('',#2331,1.);
#2331 = DIRECTION('',(0.161691392282,-1.85013394127E-18,0.986841372087)
  );
#2332 = ORIENTED_EDGE('',*,*,#2333,.T.);
#2333 = EDGE_CURVE('',#2326,#1227,#2334,.T.);
#2334 = CIRCLE('',#2335,0.3);
#2335 = AXIS2_PLACEMENT_3D('',#2336,#2337,#2338);
#2336 = CARTESIAN_POINT('',(-2.25,1.7,0.725));
#2337 = DIRECTION('',(1.144237745222E-17,1.,7.703719777549E-34));
#2338 = DIRECTION('',(-0.984807753012,1.126854202784E-17,0.173648177667)
  );
#2339 = ORIENTED_EDGE('',*,*,#1226,.T.);
#2340 = PLANE('',#2341);
#2341 = AXIS2_PLACEMENT_3D('',#2342,#2343,#2344);
#2342 = CARTESIAN_POINT('',(-2.42560961319,1.7,0.548953137803));
#2343 = DIRECTION('',(1.144237745222E-17,1.,0.));
#2344 = DIRECTION('',(0.,-0.,1.));
#2345 = ADVANCED_FACE('',(#2346),#2365,.F.);
#2346 = FACE_BOUND('',#2347,.F.);
#2347 = EDGE_LOOP('',(#2348,#2349,#2358,#2364));
#2348 = ORIENTED_EDGE('',*,*,#868,.T.);
#2349 = ORIENTED_EDGE('',*,*,#2350,.T.);
#2350 = EDGE_CURVE('',#861,#2351,#2353,.T.);
#2351 = VERTEX_POINT('',#2352);
#2352 = CARTESIAN_POINT('',(-2.348480775301,2.11,0.742364817767));
#2353 = CIRCLE('',#2354,0.1);
#2354 = AXIS2_PLACEMENT_3D('',#2355,#2356,#2357);
#2355 = CARTESIAN_POINT('',(-2.25,2.11,0.725));
#2356 = DIRECTION('',(-1.144237745222E-17,-1.,3.284293275761E-47));
#2357 = DIRECTION('',(-4.440892098501E-15,5.081436361563E-32,1.));
#2358 = ORIENTED_EDGE('',*,*,#2359,.F.);
#2359 = EDGE_CURVE('',#2267,#2351,#2360,.T.);
#2360 = LINE('',#2361,#2362);
#2361 = CARTESIAN_POINT('',(-2.348480775301,1.7,0.742364817767));
#2362 = VECTOR('',#2363,1.);
#2363 = DIRECTION('',(1.144237745222E-17,1.,0.));
#2364 = ORIENTED_EDGE('',*,*,#2266,.F.);
#2365 = CYLINDRICAL_SURFACE('',#2366,0.1);
#2366 = AXIS2_PLACEMENT_3D('',#2367,#2368,#2369);
#2367 = CARTESIAN_POINT('',(-2.25,1.7,0.725));
#2368 = DIRECTION('',(-1.144237745222E-17,-1.,0.));
#2369 = DIRECTION('',(-4.440892098501E-15,5.081436361563E-32,1.));
#2370 = ADVANCED_FACE('',(#2371),#2442,.T.);
#2371 = FACE_BOUND('',#2372,.T.);
#2372 = EDGE_LOOP('',(#2373,#2374,#2375,#2376,#2384,#2393,#2401,#2409,
    #2417,#2426,#2434,#2441));
#2373 = ORIENTED_EDGE('',*,*,#882,.F.);
#2374 = ORIENTED_EDGE('',*,*,#860,.T.);
#2375 = ORIENTED_EDGE('',*,*,#2350,.T.);
#2376 = ORIENTED_EDGE('',*,*,#2377,.T.);
#2377 = EDGE_CURVE('',#2351,#2378,#2380,.T.);
#2378 = VERTEX_POINT('',#2379);
#2379 = CARTESIAN_POINT('',(-2.429496640897,2.11,0.2479055467));
#2380 = LINE('',#2381,#2382);
#2381 = CARTESIAN_POINT('',(-2.348480775301,2.11,0.742364817767));
#2382 = VECTOR('',#2383,1.);
#2383 = DIRECTION('',(-0.161691392282,1.85013394127E-18,-0.986841372087)
  );
#2384 = ORIENTED_EDGE('',*,*,#2385,.T.);
#2385 = EDGE_CURVE('',#2378,#2386,#2388,.T.);
#2386 = VERTEX_POINT('',#2387);
#2387 = CARTESIAN_POINT('',(-2.724938966801,2.11,-1.665334536938E-16));
#2388 = CIRCLE('',#2389,0.3);
#2389 = AXIS2_PLACEMENT_3D('',#2390,#2391,#2392);
#2390 = CARTESIAN_POINT('',(-2.724938966801,2.11,0.3));
#2391 = DIRECTION('',(1.144237745222E-17,1.,7.703719777549E-34));
#2392 = DIRECTION('',(0.984807753012,-1.126854202784E-17,-0.173648177667
    ));
#2393 = ORIENTED_EDGE('',*,*,#2394,.T.);
#2394 = EDGE_CURVE('',#2386,#2395,#2397,.T.);
#2395 = VERTEX_POINT('',#2396);
#2396 = CARTESIAN_POINT('',(-3.,2.11,-1.665334536938E-16));
#2397 = LINE('',#2398,#2399);
#2398 = CARTESIAN_POINT('',(-2.724938966801,2.11,-1.665334536938E-16));
#2399 = VECTOR('',#2400,1.);
#2400 = DIRECTION('',(-1.,1.144237745222E-17,0.));
#2401 = ORIENTED_EDGE('',*,*,#2402,.T.);
#2402 = EDGE_CURVE('',#2395,#2403,#2405,.T.);
#2403 = VERTEX_POINT('',#2404);
#2404 = CARTESIAN_POINT('',(-3.,2.11,0.2));
#2405 = LINE('',#2406,#2407);
#2406 = CARTESIAN_POINT('',(-3.,2.11,-1.665334536938E-16));
#2407 = VECTOR('',#2408,1.);
#2408 = DIRECTION('',(0.,0.,1.));
#2409 = ORIENTED_EDGE('',*,*,#2410,.T.);
#2410 = EDGE_CURVE('',#2403,#2411,#2413,.T.);
#2411 = VERTEX_POINT('',#2412);
#2412 = CARTESIAN_POINT('',(-2.724938966801,2.11,0.2));
#2413 = LINE('',#2414,#2415);
#2414 = CARTESIAN_POINT('',(-3.,2.11,0.2));
#2415 = VECTOR('',#2416,1.);
#2416 = DIRECTION('',(1.,-1.144237745222E-17,0.));
#2417 = ORIENTED_EDGE('',*,*,#2418,.T.);
#2418 = EDGE_CURVE('',#2411,#2419,#2421,.T.);
#2419 = VERTEX_POINT('',#2420);
#2420 = CARTESIAN_POINT('',(-2.6264581915,2.11,0.282635182233));
#2421 = CIRCLE('',#2422,0.1);
#2422 = AXIS2_PLACEMENT_3D('',#2423,#2424,#2425);
#2423 = CARTESIAN_POINT('',(-2.724938966801,2.11,0.3));
#2424 = DIRECTION('',(-1.144237745222E-17,-1.,-0.));
#2425 = DIRECTION('',(0.,0.,-1.));
#2426 = ORIENTED_EDGE('',*,*,#2427,.T.);
#2427 = EDGE_CURVE('',#2419,#2428,#2430,.T.);
#2428 = VERTEX_POINT('',#2429);
#2429 = CARTESIAN_POINT('',(-2.545442325904,2.11,0.7770944533));
#2430 = LINE('',#2431,#2432);
#2431 = CARTESIAN_POINT('',(-2.6264581915,2.11,0.282635182233));
#2432 = VECTOR('',#2433,1.);
#2433 = DIRECTION('',(0.161691392282,-1.85013394127E-18,0.986841372087)
  );
#2434 = ORIENTED_EDGE('',*,*,#2435,.T.);
#2435 = EDGE_CURVE('',#2428,#1235,#2436,.T.);
#2436 = CIRCLE('',#2437,0.3);
#2437 = AXIS2_PLACEMENT_3D('',#2438,#2439,#2440);
#2438 = CARTESIAN_POINT('',(-2.25,2.11,0.725));
#2439 = DIRECTION('',(1.144237745222E-17,1.,7.703719777549E-34));
#2440 = DIRECTION('',(-0.984807753012,1.126854202784E-17,0.173648177667)
  );
#2441 = ORIENTED_EDGE('',*,*,#1242,.T.);
#2442 = PLANE('',#2443);
#2443 = AXIS2_PLACEMENT_3D('',#2444,#2445,#2446);
#2444 = CARTESIAN_POINT('',(-2.42560961319,2.11,0.548953137803));
#2445 = DIRECTION('',(1.144237745222E-17,1.,0.));
#2446 = DIRECTION('',(0.,-0.,1.));
#2447 = ADVANCED_FACE('',(#2448),#2527,.F.);
#2448 = FACE_BOUND('',#2449,.F.);
#2449 = EDGE_LOOP('',(#2450,#2451,#2452,#2461,#2469,#2478,#2486,#2494,
    #2502,#2511,#2519,#2526));
#2450 = ORIENTED_EDGE('',*,*,#901,.F.);
#2451 = ORIENTED_EDGE('',*,*,#916,.T.);
#2452 = ORIENTED_EDGE('',*,*,#2453,.T.);
#2453 = EDGE_CURVE('',#917,#2454,#2456,.T.);
#2454 = VERTEX_POINT('',#2455);
#2455 = CARTESIAN_POINT('',(2.348480775301,2.11,0.742364817767));
#2456 = CIRCLE('',#2457,0.1);
#2457 = AXIS2_PLACEMENT_3D('',#2458,#2459,#2460);
#2458 = CARTESIAN_POINT('',(2.25,2.11,0.725));
#2459 = DIRECTION('',(-1.110223024625E-16,1.,0.));
#2460 = DIRECTION('',(4.440892098501E-15,4.930380657631E-31,1.));
#2461 = ORIENTED_EDGE('',*,*,#2462,.T.);
#2462 = EDGE_CURVE('',#2454,#2463,#2465,.T.);
#2463 = VERTEX_POINT('',#2464);
#2464 = CARTESIAN_POINT('',(2.429496640897,2.11,0.2479055467));
#2465 = LINE('',#2466,#2467);
#2466 = CARTESIAN_POINT('',(2.348480775301,2.11,0.742364817767));
#2467 = VECTOR('',#2468,1.);
#2468 = DIRECTION('',(0.161691392282,1.795135065956E-17,-0.986841372087)
  );
#2469 = ORIENTED_EDGE('',*,*,#2470,.T.);
#2470 = EDGE_CURVE('',#2463,#2471,#2473,.T.);
#2471 = VERTEX_POINT('',#2472);
#2472 = CARTESIAN_POINT('',(2.724938966801,2.11,-1.665334536938E-16));
#2473 = CIRCLE('',#2474,0.3);
#2474 = AXIS2_PLACEMENT_3D('',#2475,#2476,#2477);
#2475 = CARTESIAN_POINT('',(2.724938966801,2.11,0.3));
#2476 = DIRECTION('',(1.110223024625E-16,-1.,0.));
#2477 = DIRECTION('',(-0.984807753012,-1.093356242223E-16,
    -0.173648177667));
#2478 = ORIENTED_EDGE('',*,*,#2479,.T.);
#2479 = EDGE_CURVE('',#2471,#2480,#2482,.T.);
#2480 = VERTEX_POINT('',#2481);
#2481 = CARTESIAN_POINT('',(3.,2.11,-1.665334536938E-16));
#2482 = LINE('',#2483,#2484);
#2483 = CARTESIAN_POINT('',(2.724938966801,2.11,-1.665334536938E-16));
#2484 = VECTOR('',#2485,1.);
#2485 = DIRECTION('',(1.,1.110223024625E-16,0.));
#2486 = ORIENTED_EDGE('',*,*,#2487,.T.);
#2487 = EDGE_CURVE('',#2480,#2488,#2490,.T.);
#2488 = VERTEX_POINT('',#2489);
#2489 = CARTESIAN_POINT('',(3.,2.11,0.2));
#2490 = LINE('',#2491,#2492);
#2491 = CARTESIAN_POINT('',(3.,2.11,-1.665334536938E-16));
#2492 = VECTOR('',#2493,1.);
#2493 = DIRECTION('',(0.,0.,1.));
#2494 = ORIENTED_EDGE('',*,*,#2495,.T.);
#2495 = EDGE_CURVE('',#2488,#2496,#2498,.T.);
#2496 = VERTEX_POINT('',#2497);
#2497 = CARTESIAN_POINT('',(2.724938966801,2.11,0.2));
#2498 = LINE('',#2499,#2500);
#2499 = CARTESIAN_POINT('',(3.,2.11,0.2));
#2500 = VECTOR('',#2501,1.);
#2501 = DIRECTION('',(-1.,-1.110223024625E-16,0.));
#2502 = ORIENTED_EDGE('',*,*,#2503,.T.);
#2503 = EDGE_CURVE('',#2496,#2504,#2506,.T.);
#2504 = VERTEX_POINT('',#2505);
#2505 = CARTESIAN_POINT('',(2.6264581915,2.11,0.282635182233));
#2506 = CIRCLE('',#2507,0.1);
#2507 = AXIS2_PLACEMENT_3D('',#2508,#2509,#2510);
#2508 = CARTESIAN_POINT('',(2.724938966801,2.11,0.3));
#2509 = DIRECTION('',(-1.110223024625E-16,1.,0.));
#2510 = DIRECTION('',(0.,0.,-1.));
#2511 = ORIENTED_EDGE('',*,*,#2512,.T.);
#2512 = EDGE_CURVE('',#2504,#2513,#2515,.T.);
#2513 = VERTEX_POINT('',#2514);
#2514 = CARTESIAN_POINT('',(2.545442325904,2.11,0.7770944533));
#2515 = LINE('',#2516,#2517);
#2516 = CARTESIAN_POINT('',(2.6264581915,2.11,0.282635182233));
#2517 = VECTOR('',#2518,1.);
#2518 = DIRECTION('',(-0.161691392282,-1.795135065956E-17,0.986841372087
    ));
#2519 = ORIENTED_EDGE('',*,*,#2520,.T.);
#2520 = EDGE_CURVE('',#2513,#1514,#2521,.T.);
#2521 = CIRCLE('',#2522,0.3);
#2522 = AXIS2_PLACEMENT_3D('',#2523,#2524,#2525);
#2523 = CARTESIAN_POINT('',(2.25,2.11,0.725));
#2524 = DIRECTION('',(1.110223024625E-16,-1.,0.));
#2525 = DIRECTION('',(0.984807753012,1.093356242223E-16,0.173648177667)
  );
#2526 = ORIENTED_EDGE('',*,*,#1513,.T.);
#2527 = PLANE('',#2528);
#2528 = AXIS2_PLACEMENT_3D('',#2529,#2530,#2531);
#2529 = CARTESIAN_POINT('',(2.42560961319,2.11,0.548953137803));
#2530 = DIRECTION('',(1.110223024625E-16,-1.,0.));
#2531 = DIRECTION('',(0.,0.,1.));
#2532 = ADVANCED_FACE('',(#2533),#2552,.F.);
#2533 = FACE_BOUND('',#2534,.F.);
#2534 = EDGE_LOOP('',(#2535,#2536,#2545,#2551));
#2535 = ORIENTED_EDGE('',*,*,#933,.T.);
#2536 = ORIENTED_EDGE('',*,*,#2537,.T.);
#2537 = EDGE_CURVE('',#926,#2538,#2540,.T.);
#2538 = VERTEX_POINT('',#2539);
#2539 = CARTESIAN_POINT('',(2.348480775301,1.7,0.742364817767));
#2540 = CIRCLE('',#2541,0.1);
#2541 = AXIS2_PLACEMENT_3D('',#2542,#2543,#2544);
#2542 = CARTESIAN_POINT('',(2.25,1.7,0.725));
#2543 = DIRECTION('',(-1.110223024625E-16,1.,0.));
#2544 = DIRECTION('',(4.440892098501E-15,4.930380657631E-31,1.));
#2545 = ORIENTED_EDGE('',*,*,#2546,.F.);
#2546 = EDGE_CURVE('',#2454,#2538,#2547,.T.);
#2547 = LINE('',#2548,#2549);
#2548 = CARTESIAN_POINT('',(2.348480775301,2.11,0.742364817767));
#2549 = VECTOR('',#2550,1.);
#2550 = DIRECTION('',(1.110223024625E-16,-1.,0.));
#2551 = ORIENTED_EDGE('',*,*,#2453,.F.);
#2552 = CYLINDRICAL_SURFACE('',#2553,0.1);
#2553 = AXIS2_PLACEMENT_3D('',#2554,#2555,#2556);
#2554 = CARTESIAN_POINT('',(2.25,2.11,0.725));
#2555 = DIRECTION('',(-1.110223024625E-16,1.,0.));
#2556 = DIRECTION('',(4.440892098501E-15,4.930380657631E-31,1.));
#2557 = ADVANCED_FACE('',(#2558),#2629,.T.);
#2558 = FACE_BOUND('',#2559,.T.);
#2559 = EDGE_LOOP('',(#2560,#2561,#2562,#2563,#2571,#2580,#2588,#2596,
    #2604,#2613,#2621,#2628));
#2560 = ORIENTED_EDGE('',*,*,#947,.F.);
#2561 = ORIENTED_EDGE('',*,*,#925,.T.);
#2562 = ORIENTED_EDGE('',*,*,#2537,.T.);
#2563 = ORIENTED_EDGE('',*,*,#2564,.T.);
#2564 = EDGE_CURVE('',#2538,#2565,#2567,.T.);
#2565 = VERTEX_POINT('',#2566);
#2566 = CARTESIAN_POINT('',(2.429496640897,1.7,0.2479055467));
#2567 = LINE('',#2568,#2569);
#2568 = CARTESIAN_POINT('',(2.348480775301,1.7,0.742364817767));
#2569 = VECTOR('',#2570,1.);
#2570 = DIRECTION('',(0.161691392282,1.795135065956E-17,-0.986841372087)
  );
#2571 = ORIENTED_EDGE('',*,*,#2572,.T.);
#2572 = EDGE_CURVE('',#2565,#2573,#2575,.T.);
#2573 = VERTEX_POINT('',#2574);
#2574 = CARTESIAN_POINT('',(2.724938966801,1.7,-1.665334536938E-16));
#2575 = CIRCLE('',#2576,0.3);
#2576 = AXIS2_PLACEMENT_3D('',#2577,#2578,#2579);
#2577 = CARTESIAN_POINT('',(2.724938966801,1.7,0.3));
#2578 = DIRECTION('',(1.110223024625E-16,-1.,0.));
#2579 = DIRECTION('',(-0.984807753012,-1.093356242223E-16,
    -0.173648177667));
#2580 = ORIENTED_EDGE('',*,*,#2581,.T.);
#2581 = EDGE_CURVE('',#2573,#2582,#2584,.T.);
#2582 = VERTEX_POINT('',#2583);
#2583 = CARTESIAN_POINT('',(3.,1.7,-1.665334536938E-16));
#2584 = LINE('',#2585,#2586);
#2585 = CARTESIAN_POINT('',(2.724938966801,1.7,-1.665334536938E-16));
#2586 = VECTOR('',#2587,1.);
#2587 = DIRECTION('',(1.,1.110223024625E-16,0.));
#2588 = ORIENTED_EDGE('',*,*,#2589,.T.);
#2589 = EDGE_CURVE('',#2582,#2590,#2592,.T.);
#2590 = VERTEX_POINT('',#2591);
#2591 = CARTESIAN_POINT('',(3.,1.7,0.2));
#2592 = LINE('',#2593,#2594);
#2593 = CARTESIAN_POINT('',(3.,1.7,-1.665334536938E-16));
#2594 = VECTOR('',#2595,1.);
#2595 = DIRECTION('',(0.,0.,1.));
#2596 = ORIENTED_EDGE('',*,*,#2597,.T.);
#2597 = EDGE_CURVE('',#2590,#2598,#2600,.T.);
#2598 = VERTEX_POINT('',#2599);
#2599 = CARTESIAN_POINT('',(2.724938966801,1.7,0.2));
#2600 = LINE('',#2601,#2602);
#2601 = CARTESIAN_POINT('',(3.,1.7,0.2));
#2602 = VECTOR('',#2603,1.);
#2603 = DIRECTION('',(-1.,-1.110223024625E-16,0.));
#2604 = ORIENTED_EDGE('',*,*,#2605,.T.);
#2605 = EDGE_CURVE('',#2598,#2606,#2608,.T.);
#2606 = VERTEX_POINT('',#2607);
#2607 = CARTESIAN_POINT('',(2.6264581915,1.7,0.282635182233));
#2608 = CIRCLE('',#2609,0.1);
#2609 = AXIS2_PLACEMENT_3D('',#2610,#2611,#2612);
#2610 = CARTESIAN_POINT('',(2.724938966801,1.7,0.3));
#2611 = DIRECTION('',(-1.110223024625E-16,1.,0.));
#2612 = DIRECTION('',(0.,0.,-1.));
#2613 = ORIENTED_EDGE('',*,*,#2614,.T.);
#2614 = EDGE_CURVE('',#2606,#2615,#2617,.T.);
#2615 = VERTEX_POINT('',#2616);
#2616 = CARTESIAN_POINT('',(2.545442325904,1.7,0.7770944533));
#2617 = LINE('',#2618,#2619);
#2618 = CARTESIAN_POINT('',(2.6264581915,1.7,0.282635182233));
#2619 = VECTOR('',#2620,1.);
#2620 = DIRECTION('',(-0.161691392282,-1.795135065956E-17,0.986841372087
    ));
#2621 = ORIENTED_EDGE('',*,*,#2622,.T.);
#2622 = EDGE_CURVE('',#2615,#1522,#2623,.T.);
#2623 = CIRCLE('',#2624,0.3);
#2624 = AXIS2_PLACEMENT_3D('',#2625,#2626,#2627);
#2625 = CARTESIAN_POINT('',(2.25,1.7,0.725));
#2626 = DIRECTION('',(1.110223024625E-16,-1.,0.));
#2627 = DIRECTION('',(0.984807753012,1.093356242223E-16,0.173648177667)
  );
#2628 = ORIENTED_EDGE('',*,*,#1529,.T.);
#2629 = PLANE('',#2630);
#2630 = AXIS2_PLACEMENT_3D('',#2631,#2632,#2633);
#2631 = CARTESIAN_POINT('',(2.42560961319,1.7,0.548953137803));
#2632 = DIRECTION('',(1.110223024625E-16,-1.,0.));
#2633 = DIRECTION('',(0.,0.,1.));
#2634 = ADVANCED_FACE('',(#2635),#2646,.F.);
#2635 = FACE_BOUND('',#2636,.F.);
#2636 = EDGE_LOOP('',(#2637,#2638,#2639,#2645));
#2637 = ORIENTED_EDGE('',*,*,#1535,.F.);
#2638 = ORIENTED_EDGE('',*,*,#964,.T.);
#2639 = ORIENTED_EDGE('',*,*,#2640,.T.);
#2640 = EDGE_CURVE('',#957,#1436,#2641,.T.);
#2641 = LINE('',#2642,#2643);
#2642 = CARTESIAN_POINT('',(2.25,0.84,1.025));
#2643 = VECTOR('',#2644,1.);
#2644 = DIRECTION('',(-1.,-1.110223024625E-16,0.));
#2645 = ORIENTED_EDGE('',*,*,#1435,.F.);
#2646 = PLANE('',#2647);
#2647 = AXIS2_PLACEMENT_3D('',#2648,#2649,#2650);
#2648 = CARTESIAN_POINT('',(-3.027078129022E-16,2.4125,1.025));
#2649 = DIRECTION('',(2.007919022429E-31,-7.713306628828E-27,-1.));
#2650 = DIRECTION('',(1.,1.112083013911E-16,2.00791902242E-31));
#2651 = ADVANCED_FACE('',(#2652),#2738,.F.);
#2652 = FACE_BOUND('',#2653,.F.);
#2653 = EDGE_LOOP('',(#2654,#2655,#2656,#2665,#2673,#2682,#2690,#2698,
    #2706,#2715,#2723,#2732));
#2654 = ORIENTED_EDGE('',*,*,#956,.F.);
#2655 = ORIENTED_EDGE('',*,*,#978,.T.);
#2656 = ORIENTED_EDGE('',*,*,#2657,.T.);
#2657 = EDGE_CURVE('',#979,#2658,#2660,.T.);
#2658 = VERTEX_POINT('',#2659);
#2659 = CARTESIAN_POINT('',(2.348480775301,0.84,0.742364817767));
#2660 = CIRCLE('',#2661,0.1);
#2661 = AXIS2_PLACEMENT_3D('',#2662,#2663,#2664);
#2662 = CARTESIAN_POINT('',(2.25,0.84,0.725));
#2663 = DIRECTION('',(-1.110223024625E-16,1.,0.));
#2664 = DIRECTION('',(4.440892098501E-15,4.930380657631E-31,1.));
#2665 = ORIENTED_EDGE('',*,*,#2666,.T.);
#2666 = EDGE_CURVE('',#2658,#2667,#2669,.T.);
#2667 = VERTEX_POINT('',#2668);
#2668 = CARTESIAN_POINT('',(2.429496640897,0.84,0.2479055467));
#2669 = LINE('',#2670,#2671);
#2670 = CARTESIAN_POINT('',(2.348480775301,0.84,0.742364817767));
#2671 = VECTOR('',#2672,1.);
#2672 = DIRECTION('',(0.161691392282,1.795135065956E-17,-0.986841372087)
  );
#2673 = ORIENTED_EDGE('',*,*,#2674,.T.);
#2674 = EDGE_CURVE('',#2667,#2675,#2677,.T.);
#2675 = VERTEX_POINT('',#2676);
#2676 = CARTESIAN_POINT('',(2.724938966801,0.84,-1.665334536938E-16));
#2677 = CIRCLE('',#2678,0.3);
#2678 = AXIS2_PLACEMENT_3D('',#2679,#2680,#2681);
#2679 = CARTESIAN_POINT('',(2.724938966801,0.84,0.3));
#2680 = DIRECTION('',(1.110223024625E-16,-1.,0.));
#2681 = DIRECTION('',(-0.984807753012,-1.093356242223E-16,
    -0.173648177667));
#2682 = ORIENTED_EDGE('',*,*,#2683,.T.);
#2683 = EDGE_CURVE('',#2675,#2684,#2686,.T.);
#2684 = VERTEX_POINT('',#2685);
#2685 = CARTESIAN_POINT('',(3.,0.84,-1.665334536938E-16));
#2686 = LINE('',#2687,#2688);
#2687 = CARTESIAN_POINT('',(2.724938966801,0.84,-1.665334536938E-16));
#2688 = VECTOR('',#2689,1.);
#2689 = DIRECTION('',(1.,1.110223024625E-16,0.));
#2690 = ORIENTED_EDGE('',*,*,#2691,.T.);
#2691 = EDGE_CURVE('',#2684,#2692,#2694,.T.);
#2692 = VERTEX_POINT('',#2693);
#2693 = CARTESIAN_POINT('',(3.,0.84,0.2));
#2694 = LINE('',#2695,#2696);
#2695 = CARTESIAN_POINT('',(3.,0.84,-1.665334536938E-16));
#2696 = VECTOR('',#2697,1.);
#2697 = DIRECTION('',(0.,0.,1.));
#2698 = ORIENTED_EDGE('',*,*,#2699,.T.);
#2699 = EDGE_CURVE('',#2692,#2700,#2702,.T.);
#2700 = VERTEX_POINT('',#2701);
#2701 = CARTESIAN_POINT('',(2.724938966801,0.84,0.2));
#2702 = LINE('',#2703,#2704);
#2703 = CARTESIAN_POINT('',(3.,0.84,0.2));
#2704 = VECTOR('',#2705,1.);
#2705 = DIRECTION('',(-1.,-1.110223024625E-16,0.));
#2706 = ORIENTED_EDGE('',*,*,#2707,.T.);
#2707 = EDGE_CURVE('',#2700,#2708,#2710,.T.);
#2708 = VERTEX_POINT('',#2709);
#2709 = CARTESIAN_POINT('',(2.6264581915,0.84,0.282635182233));
#2710 = CIRCLE('',#2711,0.1);
#2711 = AXIS2_PLACEMENT_3D('',#2712,#2713,#2714);
#2712 = CARTESIAN_POINT('',(2.724938966801,0.84,0.3));
#2713 = DIRECTION('',(-1.110223024625E-16,1.,0.));
#2714 = DIRECTION('',(0.,0.,-1.));
#2715 = ORIENTED_EDGE('',*,*,#2716,.T.);
#2716 = EDGE_CURVE('',#2708,#2717,#2719,.T.);
#2717 = VERTEX_POINT('',#2718);
#2718 = CARTESIAN_POINT('',(2.545442325904,0.84,0.7770944533));
#2719 = LINE('',#2720,#2721);
#2720 = CARTESIAN_POINT('',(2.6264581915,0.84,0.282635182233));
#2721 = VECTOR('',#2722,1.);
#2722 = DIRECTION('',(-0.161691392282,-1.795135065956E-17,0.986841372087
    ));
#2723 = ORIENTED_EDGE('',*,*,#2724,.T.);
#2724 = EDGE_CURVE('',#2717,#2725,#2727,.T.);
#2725 = VERTEX_POINT('',#2726);
#2726 = CARTESIAN_POINT('',(2.25,0.84,1.025));
#2727 = CIRCLE('',#2728,0.3);
#2728 = AXIS2_PLACEMENT_3D('',#2729,#2730,#2731);
#2729 = CARTESIAN_POINT('',(2.25,0.84,0.725));
#2730 = DIRECTION('',(1.110223024625E-16,-1.,0.));
#2731 = DIRECTION('',(0.984807753012,1.093356242223E-16,0.173648177667)
  );
#2732 = ORIENTED_EDGE('',*,*,#2733,.T.);
#2733 = EDGE_CURVE('',#2725,#957,#2734,.T.);
#2734 = LINE('',#2735,#2736);
#2735 = CARTESIAN_POINT('',(2.25,0.84,1.025));
#2736 = VECTOR('',#2737,1.);
#2737 = DIRECTION('',(-1.,-1.110223024625E-16,0.));
#2738 = PLANE('',#2739);
#2739 = AXIS2_PLACEMENT_3D('',#2740,#2741,#2742);
#2740 = CARTESIAN_POINT('',(2.42560961319,0.84,0.548953137803));
#2741 = DIRECTION('',(1.110223024625E-16,-1.,0.));
#2742 = DIRECTION('',(0.,0.,1.));
#2743 = ADVANCED_FACE('',(#2744),#2763,.F.);
#2744 = FACE_BOUND('',#2745,.F.);
#2745 = EDGE_LOOP('',(#2746,#2747,#2756,#2762));
#2746 = ORIENTED_EDGE('',*,*,#995,.T.);
#2747 = ORIENTED_EDGE('',*,*,#2748,.T.);
#2748 = EDGE_CURVE('',#988,#2749,#2751,.T.);
#2749 = VERTEX_POINT('',#2750);
#2750 = CARTESIAN_POINT('',(2.348480775301,0.43,0.742364817767));
#2751 = CIRCLE('',#2752,0.1);
#2752 = AXIS2_PLACEMENT_3D('',#2753,#2754,#2755);
#2753 = CARTESIAN_POINT('',(2.25,0.43,0.725));
#2754 = DIRECTION('',(-1.110223024625E-16,1.,0.));
#2755 = DIRECTION('',(4.440892098501E-15,4.930380657631E-31,1.));
#2756 = ORIENTED_EDGE('',*,*,#2757,.F.);
#2757 = EDGE_CURVE('',#2658,#2749,#2758,.T.);
#2758 = LINE('',#2759,#2760);
#2759 = CARTESIAN_POINT('',(2.348480775301,0.84,0.742364817767));
#2760 = VECTOR('',#2761,1.);
#2761 = DIRECTION('',(1.110223024625E-16,-1.,0.));
#2762 = ORIENTED_EDGE('',*,*,#2657,.F.);
#2763 = CYLINDRICAL_SURFACE('',#2764,0.1);
#2764 = AXIS2_PLACEMENT_3D('',#2765,#2766,#2767);
#2765 = CARTESIAN_POINT('',(2.25,0.84,0.725));
#2766 = DIRECTION('',(-1.110223024625E-16,1.,0.));
#2767 = DIRECTION('',(4.440892098501E-15,4.930380657631E-31,1.));
#2768 = ADVANCED_FACE('',(#2769),#2847,.T.);
#2769 = FACE_BOUND('',#2770,.T.);
#2770 = EDGE_LOOP('',(#2771,#2772,#2773,#2774,#2782,#2791,#2799,#2807,
    #2815,#2824,#2832,#2841));
#2771 = ORIENTED_EDGE('',*,*,#1009,.F.);
#2772 = ORIENTED_EDGE('',*,*,#987,.T.);
#2773 = ORIENTED_EDGE('',*,*,#2748,.T.);
#2774 = ORIENTED_EDGE('',*,*,#2775,.T.);
#2775 = EDGE_CURVE('',#2749,#2776,#2778,.T.);
#2776 = VERTEX_POINT('',#2777);
#2777 = CARTESIAN_POINT('',(2.429496640897,0.43,0.2479055467));
#2778 = LINE('',#2779,#2780);
#2779 = CARTESIAN_POINT('',(2.348480775301,0.43,0.742364817767));
#2780 = VECTOR('',#2781,1.);
#2781 = DIRECTION('',(0.161691392282,1.795135065956E-17,-0.986841372087)
  );
#2782 = ORIENTED_EDGE('',*,*,#2783,.T.);
#2783 = EDGE_CURVE('',#2776,#2784,#2786,.T.);
#2784 = VERTEX_POINT('',#2785);
#2785 = CARTESIAN_POINT('',(2.724938966801,0.43,-1.665334536938E-16));
#2786 = CIRCLE('',#2787,0.3);
#2787 = AXIS2_PLACEMENT_3D('',#2788,#2789,#2790);
#2788 = CARTESIAN_POINT('',(2.724938966801,0.43,0.3));
#2789 = DIRECTION('',(1.110223024625E-16,-1.,0.));
#2790 = DIRECTION('',(-0.984807753012,-1.093356242223E-16,
    -0.173648177667));
#2791 = ORIENTED_EDGE('',*,*,#2792,.T.);
#2792 = EDGE_CURVE('',#2784,#2793,#2795,.T.);
#2793 = VERTEX_POINT('',#2794);
#2794 = CARTESIAN_POINT('',(3.,0.43,-1.665334536938E-16));
#2795 = LINE('',#2796,#2797);
#2796 = CARTESIAN_POINT('',(2.724938966801,0.43,-1.665334536938E-16));
#2797 = VECTOR('',#2798,1.);
#2798 = DIRECTION('',(1.,1.110223024625E-16,0.));
#2799 = ORIENTED_EDGE('',*,*,#2800,.T.);
#2800 = EDGE_CURVE('',#2793,#2801,#2803,.T.);
#2801 = VERTEX_POINT('',#2802);
#2802 = CARTESIAN_POINT('',(3.,0.43,0.2));
#2803 = LINE('',#2804,#2805);
#2804 = CARTESIAN_POINT('',(3.,0.43,-1.665334536938E-16));
#2805 = VECTOR('',#2806,1.);
#2806 = DIRECTION('',(0.,0.,1.));
#2807 = ORIENTED_EDGE('',*,*,#2808,.T.);
#2808 = EDGE_CURVE('',#2801,#2809,#2811,.T.);
#2809 = VERTEX_POINT('',#2810);
#2810 = CARTESIAN_POINT('',(2.724938966801,0.43,0.2));
#2811 = LINE('',#2812,#2813);
#2812 = CARTESIAN_POINT('',(3.,0.43,0.2));
#2813 = VECTOR('',#2814,1.);
#2814 = DIRECTION('',(-1.,-1.110223024625E-16,0.));
#2815 = ORIENTED_EDGE('',*,*,#2816,.T.);
#2816 = EDGE_CURVE('',#2809,#2817,#2819,.T.);
#2817 = VERTEX_POINT('',#2818);
#2818 = CARTESIAN_POINT('',(2.6264581915,0.43,0.282635182233));
#2819 = CIRCLE('',#2820,0.1);
#2820 = AXIS2_PLACEMENT_3D('',#2821,#2822,#2823);
#2821 = CARTESIAN_POINT('',(2.724938966801,0.43,0.3));
#2822 = DIRECTION('',(-1.110223024625E-16,1.,0.));
#2823 = DIRECTION('',(0.,0.,-1.));
#2824 = ORIENTED_EDGE('',*,*,#2825,.T.);
#2825 = EDGE_CURVE('',#2817,#2826,#2828,.T.);
#2826 = VERTEX_POINT('',#2827);
#2827 = CARTESIAN_POINT('',(2.545442325904,0.43,0.7770944533));
#2828 = LINE('',#2829,#2830);
#2829 = CARTESIAN_POINT('',(2.6264581915,0.43,0.282635182233));
#2830 = VECTOR('',#2831,1.);
#2831 = DIRECTION('',(-0.161691392282,-1.795135065956E-17,0.986841372087
    ));
#2832 = ORIENTED_EDGE('',*,*,#2833,.T.);
#2833 = EDGE_CURVE('',#2826,#2834,#2836,.T.);
#2834 = VERTEX_POINT('',#2835);
#2835 = CARTESIAN_POINT('',(2.25,0.43,1.025));
#2836 = CIRCLE('',#2837,0.3);
#2837 = AXIS2_PLACEMENT_3D('',#2838,#2839,#2840);
#2838 = CARTESIAN_POINT('',(2.25,0.43,0.725));
#2839 = DIRECTION('',(1.110223024625E-16,-1.,0.));
#2840 = DIRECTION('',(0.984807753012,1.093356242223E-16,0.173648177667)
  );
#2841 = ORIENTED_EDGE('',*,*,#2842,.T.);
#2842 = EDGE_CURVE('',#2834,#1010,#2843,.T.);
#2843 = LINE('',#2844,#2845);
#2844 = CARTESIAN_POINT('',(2.25,0.43,1.025));
#2845 = VECTOR('',#2846,1.);
#2846 = DIRECTION('',(-1.,-1.110223024625E-16,0.));
#2847 = PLANE('',#2848);
#2848 = AXIS2_PLACEMENT_3D('',#2849,#2850,#2851);
#2849 = CARTESIAN_POINT('',(2.42560961319,0.43,0.548953137803));
#2850 = DIRECTION('',(1.110223024625E-16,-1.,0.));
#2851 = DIRECTION('',(0.,0.,1.));
#2852 = ADVANCED_FACE('',(#2853),#2869,.F.);
#2853 = FACE_BOUND('',#2854,.F.);
#2854 = EDGE_LOOP('',(#2855,#2861,#2862,#2868));
#2855 = ORIENTED_EDGE('',*,*,#2856,.F.);
#2856 = EDGE_CURVE('',#1010,#1444,#2857,.T.);
#2857 = LINE('',#2858,#2859);
#2858 = CARTESIAN_POINT('',(2.25,0.43,1.025));
#2859 = VECTOR('',#2860,1.);
#2860 = DIRECTION('',(-1.,-1.110223024625E-16,0.));
#2861 = ORIENTED_EDGE('',*,*,#1026,.T.);
#2862 = ORIENTED_EDGE('',*,*,#2863,.T.);
#2863 = EDGE_CURVE('',#1019,#1452,#2864,.T.);
#2864 = LINE('',#2865,#2866);
#2865 = CARTESIAN_POINT('',(2.25,-0.43,1.025));
#2866 = VECTOR('',#2867,1.);
#2867 = DIRECTION('',(-1.,-1.110223024625E-16,0.));
#2868 = ORIENTED_EDGE('',*,*,#1451,.F.);
#2869 = PLANE('',#2870);
#2870 = AXIS2_PLACEMENT_3D('',#2871,#2872,#2873);
#2871 = CARTESIAN_POINT('',(-3.027078129022E-16,2.4125,1.025));
#2872 = DIRECTION('',(2.007919022429E-31,-7.713306628828E-27,-1.));
#2873 = DIRECTION('',(1.,1.112083013911E-16,2.00791902242E-31));
#2874 = ADVANCED_FACE('',(#2875),#2961,.F.);
#2875 = FACE_BOUND('',#2876,.F.);
#2876 = EDGE_LOOP('',(#2877,#2878,#2879,#2888,#2896,#2905,#2913,#2921,
    #2929,#2938,#2946,#2955));
#2877 = ORIENTED_EDGE('',*,*,#1018,.F.);
#2878 = ORIENTED_EDGE('',*,*,#1040,.T.);
#2879 = ORIENTED_EDGE('',*,*,#2880,.T.);
#2880 = EDGE_CURVE('',#1041,#2881,#2883,.T.);
#2881 = VERTEX_POINT('',#2882);
#2882 = CARTESIAN_POINT('',(2.348480775301,-0.43,0.742364817767));
#2883 = CIRCLE('',#2884,0.1);
#2884 = AXIS2_PLACEMENT_3D('',#2885,#2886,#2887);
#2885 = CARTESIAN_POINT('',(2.25,-0.43,0.725));
#2886 = DIRECTION('',(-1.110223024625E-16,1.,0.));
#2887 = DIRECTION('',(4.440892098501E-15,4.930380657631E-31,1.));
#2888 = ORIENTED_EDGE('',*,*,#2889,.T.);
#2889 = EDGE_CURVE('',#2881,#2890,#2892,.T.);
#2890 = VERTEX_POINT('',#2891);
#2891 = CARTESIAN_POINT('',(2.429496640897,-0.43,0.2479055467));
#2892 = LINE('',#2893,#2894);
#2893 = CARTESIAN_POINT('',(2.348480775301,-0.43,0.742364817767));
#2894 = VECTOR('',#2895,1.);
#2895 = DIRECTION('',(0.161691392282,1.795135065956E-17,-0.986841372087)
  );
#2896 = ORIENTED_EDGE('',*,*,#2897,.T.);
#2897 = EDGE_CURVE('',#2890,#2898,#2900,.T.);
#2898 = VERTEX_POINT('',#2899);
#2899 = CARTESIAN_POINT('',(2.724938966801,-0.43,-1.665334536938E-16));
#2900 = CIRCLE('',#2901,0.3);
#2901 = AXIS2_PLACEMENT_3D('',#2902,#2903,#2904);
#2902 = CARTESIAN_POINT('',(2.724938966801,-0.43,0.3));
#2903 = DIRECTION('',(1.110223024625E-16,-1.,0.));
#2904 = DIRECTION('',(-0.984807753012,-1.093356242223E-16,
    -0.173648177667));
#2905 = ORIENTED_EDGE('',*,*,#2906,.T.);
#2906 = EDGE_CURVE('',#2898,#2907,#2909,.T.);
#2907 = VERTEX_POINT('',#2908);
#2908 = CARTESIAN_POINT('',(3.,-0.43,-1.665334536938E-16));
#2909 = LINE('',#2910,#2911);
#2910 = CARTESIAN_POINT('',(2.724938966801,-0.43,-1.665334536938E-16));
#2911 = VECTOR('',#2912,1.);
#2912 = DIRECTION('',(1.,1.110223024625E-16,0.));
#2913 = ORIENTED_EDGE('',*,*,#2914,.T.);
#2914 = EDGE_CURVE('',#2907,#2915,#2917,.T.);
#2915 = VERTEX_POINT('',#2916);
#2916 = CARTESIAN_POINT('',(3.,-0.43,0.2));
#2917 = LINE('',#2918,#2919);
#2918 = CARTESIAN_POINT('',(3.,-0.43,-1.665334536938E-16));
#2919 = VECTOR('',#2920,1.);
#2920 = DIRECTION('',(0.,0.,1.));
#2921 = ORIENTED_EDGE('',*,*,#2922,.T.);
#2922 = EDGE_CURVE('',#2915,#2923,#2925,.T.);
#2923 = VERTEX_POINT('',#2924);
#2924 = CARTESIAN_POINT('',(2.724938966801,-0.43,0.2));
#2925 = LINE('',#2926,#2927);
#2926 = CARTESIAN_POINT('',(3.,-0.43,0.2));
#2927 = VECTOR('',#2928,1.);
#2928 = DIRECTION('',(-1.,-1.110223024625E-16,0.));
#2929 = ORIENTED_EDGE('',*,*,#2930,.T.);
#2930 = EDGE_CURVE('',#2923,#2931,#2933,.T.);
#2931 = VERTEX_POINT('',#2932);
#2932 = CARTESIAN_POINT('',(2.6264581915,-0.43,0.282635182233));
#2933 = CIRCLE('',#2934,0.1);
#2934 = AXIS2_PLACEMENT_3D('',#2935,#2936,#2937);
#2935 = CARTESIAN_POINT('',(2.724938966801,-0.43,0.3));
#2936 = DIRECTION('',(-1.110223024625E-16,1.,0.));
#2937 = DIRECTION('',(0.,0.,-1.));
#2938 = ORIENTED_EDGE('',*,*,#2939,.T.);
#2939 = EDGE_CURVE('',#2931,#2940,#2942,.T.);
#2940 = VERTEX_POINT('',#2941);
#2941 = CARTESIAN_POINT('',(2.545442325904,-0.43,0.7770944533));
#2942 = LINE('',#2943,#2944);
#2943 = CARTESIAN_POINT('',(2.6264581915,-0.43,0.282635182233));
#2944 = VECTOR('',#2945,1.);
#2945 = DIRECTION('',(-0.161691392282,-1.795135065956E-17,0.986841372087
    ));
#2946 = ORIENTED_EDGE('',*,*,#2947,.T.);
#2947 = EDGE_CURVE('',#2940,#2948,#2950,.T.);
#2948 = VERTEX_POINT('',#2949);
#2949 = CARTESIAN_POINT('',(2.25,-0.43,1.025));
#2950 = CIRCLE('',#2951,0.3);
#2951 = AXIS2_PLACEMENT_3D('',#2952,#2953,#2954);
#2952 = CARTESIAN_POINT('',(2.25,-0.43,0.725));
#2953 = DIRECTION('',(1.110223024625E-16,-1.,0.));
#2954 = DIRECTION('',(0.984807753012,1.093356242223E-16,0.173648177667)
  );
#2955 = ORIENTED_EDGE('',*,*,#2956,.T.);
#2956 = EDGE_CURVE('',#2948,#1019,#2957,.T.);
#2957 = LINE('',#2958,#2959);
#2958 = CARTESIAN_POINT('',(2.25,-0.43,1.025));
#2959 = VECTOR('',#2960,1.);
#2960 = DIRECTION('',(-1.,-1.110223024625E-16,0.));
#2961 = PLANE('',#2962);
#2962 = AXIS2_PLACEMENT_3D('',#2963,#2964,#2965);
#2963 = CARTESIAN_POINT('',(2.42560961319,-0.43,0.548953137803));
#2964 = DIRECTION('',(1.110223024625E-16,-1.,0.));
#2965 = DIRECTION('',(0.,0.,1.));
#2966 = ADVANCED_FACE('',(#2967),#2986,.F.);
#2967 = FACE_BOUND('',#2968,.F.);
#2968 = EDGE_LOOP('',(#2969,#2970,#2979,#2985));
#2969 = ORIENTED_EDGE('',*,*,#1057,.T.);
#2970 = ORIENTED_EDGE('',*,*,#2971,.T.);
#2971 = EDGE_CURVE('',#1050,#2972,#2974,.T.);
#2972 = VERTEX_POINT('',#2973);
#2973 = CARTESIAN_POINT('',(2.348480775301,-0.84,0.742364817767));
#2974 = CIRCLE('',#2975,0.1);
#2975 = AXIS2_PLACEMENT_3D('',#2976,#2977,#2978);
#2976 = CARTESIAN_POINT('',(2.25,-0.84,0.725));
#2977 = DIRECTION('',(-1.110223024625E-16,1.,0.));
#2978 = DIRECTION('',(4.440892098501E-15,4.930380657631E-31,1.));
#2979 = ORIENTED_EDGE('',*,*,#2980,.F.);
#2980 = EDGE_CURVE('',#2881,#2972,#2981,.T.);
#2981 = LINE('',#2982,#2983);
#2982 = CARTESIAN_POINT('',(2.348480775301,-0.43,0.742364817767));
#2983 = VECTOR('',#2984,1.);
#2984 = DIRECTION('',(1.110223024625E-16,-1.,0.));
#2985 = ORIENTED_EDGE('',*,*,#2880,.F.);
#2986 = CYLINDRICAL_SURFACE('',#2987,0.1);
#2987 = AXIS2_PLACEMENT_3D('',#2988,#2989,#2990);
#2988 = CARTESIAN_POINT('',(2.25,-0.43,0.725));
#2989 = DIRECTION('',(-1.110223024625E-16,1.,0.));
#2990 = DIRECTION('',(4.440892098501E-15,4.930380657631E-31,1.));
#2991 = ADVANCED_FACE('',(#2992),#3070,.T.);
#2992 = FACE_BOUND('',#2993,.T.);
#2993 = EDGE_LOOP('',(#2994,#2995,#2996,#2997,#3005,#3014,#3022,#3030,
    #3038,#3047,#3055,#3064));
#2994 = ORIENTED_EDGE('',*,*,#1071,.F.);
#2995 = ORIENTED_EDGE('',*,*,#1049,.T.);
#2996 = ORIENTED_EDGE('',*,*,#2971,.T.);
#2997 = ORIENTED_EDGE('',*,*,#2998,.T.);
#2998 = EDGE_CURVE('',#2972,#2999,#3001,.T.);
#2999 = VERTEX_POINT('',#3000);
#3000 = CARTESIAN_POINT('',(2.429496640897,-0.84,0.2479055467));
#3001 = LINE('',#3002,#3003);
#3002 = CARTESIAN_POINT('',(2.348480775301,-0.84,0.742364817767));
#3003 = VECTOR('',#3004,1.);
#3004 = DIRECTION('',(0.161691392282,1.795135065956E-17,-0.986841372087)
  );
#3005 = ORIENTED_EDGE('',*,*,#3006,.T.);
#3006 = EDGE_CURVE('',#2999,#3007,#3009,.T.);
#3007 = VERTEX_POINT('',#3008);
#3008 = CARTESIAN_POINT('',(2.724938966801,-0.84,-1.665334536938E-16));
#3009 = CIRCLE('',#3010,0.3);
#3010 = AXIS2_PLACEMENT_3D('',#3011,#3012,#3013);
#3011 = CARTESIAN_POINT('',(2.724938966801,-0.84,0.3));
#3012 = DIRECTION('',(1.110223024625E-16,-1.,0.));
#3013 = DIRECTION('',(-0.984807753012,-1.093356242223E-16,
    -0.173648177667));
#3014 = ORIENTED_EDGE('',*,*,#3015,.T.);
#3015 = EDGE_CURVE('',#3007,#3016,#3018,.T.);
#3016 = VERTEX_POINT('',#3017);
#3017 = CARTESIAN_POINT('',(3.,-0.84,-1.665334536938E-16));
#3018 = LINE('',#3019,#3020);
#3019 = CARTESIAN_POINT('',(2.724938966801,-0.84,-1.665334536938E-16));
#3020 = VECTOR('',#3021,1.);
#3021 = DIRECTION('',(1.,1.110223024625E-16,0.));
#3022 = ORIENTED_EDGE('',*,*,#3023,.T.);
#3023 = EDGE_CURVE('',#3016,#3024,#3026,.T.);
#3024 = VERTEX_POINT('',#3025);
#3025 = CARTESIAN_POINT('',(3.,-0.84,0.2));
#3026 = LINE('',#3027,#3028);
#3027 = CARTESIAN_POINT('',(3.,-0.84,-1.665334536938E-16));
#3028 = VECTOR('',#3029,1.);
#3029 = DIRECTION('',(0.,0.,1.));
#3030 = ORIENTED_EDGE('',*,*,#3031,.T.);
#3031 = EDGE_CURVE('',#3024,#3032,#3034,.T.);
#3032 = VERTEX_POINT('',#3033);
#3033 = CARTESIAN_POINT('',(2.724938966801,-0.84,0.2));
#3034 = LINE('',#3035,#3036);
#3035 = CARTESIAN_POINT('',(3.,-0.84,0.2));
#3036 = VECTOR('',#3037,1.);
#3037 = DIRECTION('',(-1.,-1.110223024625E-16,0.));
#3038 = ORIENTED_EDGE('',*,*,#3039,.T.);
#3039 = EDGE_CURVE('',#3032,#3040,#3042,.T.);
#3040 = VERTEX_POINT('',#3041);
#3041 = CARTESIAN_POINT('',(2.6264581915,-0.84,0.282635182233));
#3042 = CIRCLE('',#3043,0.1);
#3043 = AXIS2_PLACEMENT_3D('',#3044,#3045,#3046);
#3044 = CARTESIAN_POINT('',(2.724938966801,-0.84,0.3));
#3045 = DIRECTION('',(-1.110223024625E-16,1.,0.));
#3046 = DIRECTION('',(0.,0.,-1.));
#3047 = ORIENTED_EDGE('',*,*,#3048,.T.);
#3048 = EDGE_CURVE('',#3040,#3049,#3051,.T.);
#3049 = VERTEX_POINT('',#3050);
#3050 = CARTESIAN_POINT('',(2.545442325904,-0.84,0.7770944533));
#3051 = LINE('',#3052,#3053);
#3052 = CARTESIAN_POINT('',(2.6264581915,-0.84,0.282635182233));
#3053 = VECTOR('',#3054,1.);
#3054 = DIRECTION('',(-0.161691392282,-1.795135065956E-17,0.986841372087
    ));
#3055 = ORIENTED_EDGE('',*,*,#3056,.T.);
#3056 = EDGE_CURVE('',#3049,#3057,#3059,.T.);
#3057 = VERTEX_POINT('',#3058);
#3058 = CARTESIAN_POINT('',(2.25,-0.84,1.025));
#3059 = CIRCLE('',#3060,0.3);
#3060 = AXIS2_PLACEMENT_3D('',#3061,#3062,#3063);
#3061 = CARTESIAN_POINT('',(2.25,-0.84,0.725));
#3062 = DIRECTION('',(1.110223024625E-16,-1.,0.));
#3063 = DIRECTION('',(0.984807753012,1.093356242223E-16,0.173648177667)
  );
#3064 = ORIENTED_EDGE('',*,*,#3065,.T.);
#3065 = EDGE_CURVE('',#3057,#1072,#3066,.T.);
#3066 = LINE('',#3067,#3068);
#3067 = CARTESIAN_POINT('',(2.25,-0.84,1.025));
#3068 = VECTOR('',#3069,1.);
#3069 = DIRECTION('',(-1.,-1.110223024625E-16,0.));
#3070 = PLANE('',#3071);
#3071 = AXIS2_PLACEMENT_3D('',#3072,#3073,#3074);
#3072 = CARTESIAN_POINT('',(2.42560961319,-0.84,0.548953137803));
#3073 = DIRECTION('',(1.110223024625E-16,-1.,0.));
#3074 = DIRECTION('',(0.,0.,1.));
#3075 = ADVANCED_FACE('',(#3076),#3092,.F.);
#3076 = FACE_BOUND('',#3077,.F.);
#3077 = EDGE_LOOP('',(#3078,#3084,#3085,#3091));
#3078 = ORIENTED_EDGE('',*,*,#3079,.F.);
#3079 = EDGE_CURVE('',#1072,#1460,#3080,.T.);
#3080 = LINE('',#3081,#3082);
#3081 = CARTESIAN_POINT('',(2.25,-0.84,1.025));
#3082 = VECTOR('',#3083,1.);
#3083 = DIRECTION('',(-1.,-1.110223024625E-16,0.));
#3084 = ORIENTED_EDGE('',*,*,#1088,.T.);
#3085 = ORIENTED_EDGE('',*,*,#3086,.T.);
#3086 = EDGE_CURVE('',#1081,#1468,#3087,.T.);
#3087 = LINE('',#3088,#3089);
#3088 = CARTESIAN_POINT('',(2.25,-1.7,1.025));
#3089 = VECTOR('',#3090,1.);
#3090 = DIRECTION('',(-1.,-1.110223024625E-16,0.));
#3091 = ORIENTED_EDGE('',*,*,#1467,.F.);
#3092 = PLANE('',#3093);
#3093 = AXIS2_PLACEMENT_3D('',#3094,#3095,#3096);
#3094 = CARTESIAN_POINT('',(-3.027078129022E-16,2.4125,1.025));
#3095 = DIRECTION('',(2.007919022429E-31,-7.713306628828E-27,-1.));
#3096 = DIRECTION('',(1.,1.112083013911E-16,2.00791902242E-31));
#3097 = ADVANCED_FACE('',(#3098),#3184,.F.);
#3098 = FACE_BOUND('',#3099,.F.);
#3099 = EDGE_LOOP('',(#3100,#3101,#3102,#3111,#3119,#3128,#3136,#3144,
    #3152,#3161,#3169,#3178));
#3100 = ORIENTED_EDGE('',*,*,#1080,.F.);
#3101 = ORIENTED_EDGE('',*,*,#1102,.T.);
#3102 = ORIENTED_EDGE('',*,*,#3103,.T.);
#3103 = EDGE_CURVE('',#1103,#3104,#3106,.T.);
#3104 = VERTEX_POINT('',#3105);
#3105 = CARTESIAN_POINT('',(2.348480775301,-1.7,0.742364817767));
#3106 = CIRCLE('',#3107,0.1);
#3107 = AXIS2_PLACEMENT_3D('',#3108,#3109,#3110);
#3108 = CARTESIAN_POINT('',(2.25,-1.7,0.725));
#3109 = DIRECTION('',(-1.110223024625E-16,1.,0.));
#3110 = DIRECTION('',(4.440892098501E-15,4.930380657631E-31,1.));
#3111 = ORIENTED_EDGE('',*,*,#3112,.T.);
#3112 = EDGE_CURVE('',#3104,#3113,#3115,.T.);
#3113 = VERTEX_POINT('',#3114);
#3114 = CARTESIAN_POINT('',(2.429496640897,-1.7,0.2479055467));
#3115 = LINE('',#3116,#3117);
#3116 = CARTESIAN_POINT('',(2.348480775301,-1.7,0.742364817767));
#3117 = VECTOR('',#3118,1.);
#3118 = DIRECTION('',(0.161691392282,1.795135065956E-17,-0.986841372087)
  );
#3119 = ORIENTED_EDGE('',*,*,#3120,.T.);
#3120 = EDGE_CURVE('',#3113,#3121,#3123,.T.);
#3121 = VERTEX_POINT('',#3122);
#3122 = CARTESIAN_POINT('',(2.724938966801,-1.7,-1.665334536938E-16));
#3123 = CIRCLE('',#3124,0.3);
#3124 = AXIS2_PLACEMENT_3D('',#3125,#3126,#3127);
#3125 = CARTESIAN_POINT('',(2.724938966801,-1.7,0.3));
#3126 = DIRECTION('',(1.110223024625E-16,-1.,0.));
#3127 = DIRECTION('',(-0.984807753012,-1.093356242223E-16,
    -0.173648177667));
#3128 = ORIENTED_EDGE('',*,*,#3129,.T.);
#3129 = EDGE_CURVE('',#3121,#3130,#3132,.T.);
#3130 = VERTEX_POINT('',#3131);
#3131 = CARTESIAN_POINT('',(3.,-1.7,-1.665334536938E-16));
#3132 = LINE('',#3133,#3134);
#3133 = CARTESIAN_POINT('',(2.724938966801,-1.7,-1.665334536938E-16));
#3134 = VECTOR('',#3135,1.);
#3135 = DIRECTION('',(1.,1.110223024625E-16,0.));
#3136 = ORIENTED_EDGE('',*,*,#3137,.T.);
#3137 = EDGE_CURVE('',#3130,#3138,#3140,.T.);
#3138 = VERTEX_POINT('',#3139);
#3139 = CARTESIAN_POINT('',(3.,-1.7,0.2));
#3140 = LINE('',#3141,#3142);
#3141 = CARTESIAN_POINT('',(3.,-1.7,-1.665334536938E-16));
#3142 = VECTOR('',#3143,1.);
#3143 = DIRECTION('',(0.,0.,1.));
#3144 = ORIENTED_EDGE('',*,*,#3145,.T.);
#3145 = EDGE_CURVE('',#3138,#3146,#3148,.T.);
#3146 = VERTEX_POINT('',#3147);
#3147 = CARTESIAN_POINT('',(2.724938966801,-1.7,0.2));
#3148 = LINE('',#3149,#3150);
#3149 = CARTESIAN_POINT('',(3.,-1.7,0.2));
#3150 = VECTOR('',#3151,1.);
#3151 = DIRECTION('',(-1.,-1.110223024625E-16,0.));
#3152 = ORIENTED_EDGE('',*,*,#3153,.T.);
#3153 = EDGE_CURVE('',#3146,#3154,#3156,.T.);
#3154 = VERTEX_POINT('',#3155);
#3155 = CARTESIAN_POINT('',(2.6264581915,-1.7,0.282635182233));
#3156 = CIRCLE('',#3157,0.1);
#3157 = AXIS2_PLACEMENT_3D('',#3158,#3159,#3160);
#3158 = CARTESIAN_POINT('',(2.724938966801,-1.7,0.3));
#3159 = DIRECTION('',(-1.110223024625E-16,1.,0.));
#3160 = DIRECTION('',(0.,0.,-1.));
#3161 = ORIENTED_EDGE('',*,*,#3162,.T.);
#3162 = EDGE_CURVE('',#3154,#3163,#3165,.T.);
#3163 = VERTEX_POINT('',#3164);
#3164 = CARTESIAN_POINT('',(2.545442325904,-1.7,0.7770944533));
#3165 = LINE('',#3166,#3167);
#3166 = CARTESIAN_POINT('',(2.6264581915,-1.7,0.282635182233));
#3167 = VECTOR('',#3168,1.);
#3168 = DIRECTION('',(-0.161691392282,-1.795135065956E-17,0.986841372087
    ));
#3169 = ORIENTED_EDGE('',*,*,#3170,.T.);
#3170 = EDGE_CURVE('',#3163,#3171,#3173,.T.);
#3171 = VERTEX_POINT('',#3172);
#3172 = CARTESIAN_POINT('',(2.25,-1.7,1.025));
#3173 = CIRCLE('',#3174,0.3);
#3174 = AXIS2_PLACEMENT_3D('',#3175,#3176,#3177);
#3175 = CARTESIAN_POINT('',(2.25,-1.7,0.725));
#3176 = DIRECTION('',(1.110223024625E-16,-1.,0.));
#3177 = DIRECTION('',(0.984807753012,1.093356242223E-16,0.173648177667)
  );
#3178 = ORIENTED_EDGE('',*,*,#3179,.T.);
#3179 = EDGE_CURVE('',#3171,#1081,#3180,.T.);
#3180 = LINE('',#3181,#3182);
#3181 = CARTESIAN_POINT('',(2.25,-1.7,1.025));
#3182 = VECTOR('',#3183,1.);
#3183 = DIRECTION('',(-1.,-1.110223024625E-16,0.));
#3184 = PLANE('',#3185);
#3185 = AXIS2_PLACEMENT_3D('',#3186,#3187,#3188);
#3186 = CARTESIAN_POINT('',(2.42560961319,-1.7,0.548953137803));
#3187 = DIRECTION('',(1.110223024625E-16,-1.,0.));
#3188 = DIRECTION('',(0.,0.,1.));
#3189 = ADVANCED_FACE('',(#3190),#3209,.F.);
#3190 = FACE_BOUND('',#3191,.F.);
#3191 = EDGE_LOOP('',(#3192,#3193,#3202,#3208));
#3192 = ORIENTED_EDGE('',*,*,#1119,.T.);
#3193 = ORIENTED_EDGE('',*,*,#3194,.T.);
#3194 = EDGE_CURVE('',#1112,#3195,#3197,.T.);
#3195 = VERTEX_POINT('',#3196);
#3196 = CARTESIAN_POINT('',(2.348480775301,-2.11,0.742364817767));
#3197 = CIRCLE('',#3198,0.1);
#3198 = AXIS2_PLACEMENT_3D('',#3199,#3200,#3201);
#3199 = CARTESIAN_POINT('',(2.25,-2.11,0.725));
#3200 = DIRECTION('',(-1.110223024625E-16,1.,0.));
#3201 = DIRECTION('',(4.440892098501E-15,4.930380657631E-31,1.));
#3202 = ORIENTED_EDGE('',*,*,#3203,.F.);
#3203 = EDGE_CURVE('',#3104,#3195,#3204,.T.);
#3204 = LINE('',#3205,#3206);
#3205 = CARTESIAN_POINT('',(2.348480775301,-1.7,0.742364817767));
#3206 = VECTOR('',#3207,1.);
#3207 = DIRECTION('',(1.110223024625E-16,-1.,0.));
#3208 = ORIENTED_EDGE('',*,*,#3103,.F.);
#3209 = CYLINDRICAL_SURFACE('',#3210,0.1);
#3210 = AXIS2_PLACEMENT_3D('',#3211,#3212,#3213);
#3211 = CARTESIAN_POINT('',(2.25,-1.7,0.725));
#3212 = DIRECTION('',(-1.110223024625E-16,1.,0.));
#3213 = DIRECTION('',(4.440892098501E-15,4.930380657631E-31,1.));
#3214 = ADVANCED_FACE('',(#3215),#3293,.T.);
#3215 = FACE_BOUND('',#3216,.T.);
#3216 = EDGE_LOOP('',(#3217,#3218,#3219,#3220,#3228,#3237,#3245,#3253,
    #3261,#3270,#3278,#3287));
#3217 = ORIENTED_EDGE('',*,*,#1133,.F.);
#3218 = ORIENTED_EDGE('',*,*,#1111,.T.);
#3219 = ORIENTED_EDGE('',*,*,#3194,.T.);
#3220 = ORIENTED_EDGE('',*,*,#3221,.T.);
#3221 = EDGE_CURVE('',#3195,#3222,#3224,.T.);
#3222 = VERTEX_POINT('',#3223);
#3223 = CARTESIAN_POINT('',(2.429496640897,-2.11,0.2479055467));
#3224 = LINE('',#3225,#3226);
#3225 = CARTESIAN_POINT('',(2.348480775301,-2.11,0.742364817767));
#3226 = VECTOR('',#3227,1.);
#3227 = DIRECTION('',(0.161691392282,1.795135065956E-17,-0.986841372087)
  );
#3228 = ORIENTED_EDGE('',*,*,#3229,.T.);
#3229 = EDGE_CURVE('',#3222,#3230,#3232,.T.);
#3230 = VERTEX_POINT('',#3231);
#3231 = CARTESIAN_POINT('',(2.724938966801,-2.11,-1.665334536938E-16));
#3232 = CIRCLE('',#3233,0.3);
#3233 = AXIS2_PLACEMENT_3D('',#3234,#3235,#3236);
#3234 = CARTESIAN_POINT('',(2.724938966801,-2.11,0.3));
#3235 = DIRECTION('',(1.110223024625E-16,-1.,0.));
#3236 = DIRECTION('',(-0.984807753012,-1.093356242223E-16,
    -0.173648177667));
#3237 = ORIENTED_EDGE('',*,*,#3238,.T.);
#3238 = EDGE_CURVE('',#3230,#3239,#3241,.T.);
#3239 = VERTEX_POINT('',#3240);
#3240 = CARTESIAN_POINT('',(3.,-2.11,-1.665334536938E-16));
#3241 = LINE('',#3242,#3243);
#3242 = CARTESIAN_POINT('',(2.724938966801,-2.11,-1.665334536938E-16));
#3243 = VECTOR('',#3244,1.);
#3244 = DIRECTION('',(1.,1.110223024625E-16,0.));
#3245 = ORIENTED_EDGE('',*,*,#3246,.T.);
#3246 = EDGE_CURVE('',#3239,#3247,#3249,.T.);
#3247 = VERTEX_POINT('',#3248);
#3248 = CARTESIAN_POINT('',(3.,-2.11,0.2));
#3249 = LINE('',#3250,#3251);
#3250 = CARTESIAN_POINT('',(3.,-2.11,-1.665334536938E-16));
#3251 = VECTOR('',#3252,1.);
#3252 = DIRECTION('',(0.,0.,1.));
#3253 = ORIENTED_EDGE('',*,*,#3254,.T.);
#3254 = EDGE_CURVE('',#3247,#3255,#3257,.T.);
#3255 = VERTEX_POINT('',#3256);
#3256 = CARTESIAN_POINT('',(2.724938966801,-2.11,0.2));
#3257 = LINE('',#3258,#3259);
#3258 = CARTESIAN_POINT('',(3.,-2.11,0.2));
#3259 = VECTOR('',#3260,1.);
#3260 = DIRECTION('',(-1.,-1.110223024625E-16,0.));
#3261 = ORIENTED_EDGE('',*,*,#3262,.T.);
#3262 = EDGE_CURVE('',#3255,#3263,#3265,.T.);
#3263 = VERTEX_POINT('',#3264);
#3264 = CARTESIAN_POINT('',(2.6264581915,-2.11,0.282635182233));
#3265 = CIRCLE('',#3266,0.1);
#3266 = AXIS2_PLACEMENT_3D('',#3267,#3268,#3269);
#3267 = CARTESIAN_POINT('',(2.724938966801,-2.11,0.3));
#3268 = DIRECTION('',(-1.110223024625E-16,1.,0.));
#3269 = DIRECTION('',(0.,0.,-1.));
#3270 = ORIENTED_EDGE('',*,*,#3271,.T.);
#3271 = EDGE_CURVE('',#3263,#3272,#3274,.T.);
#3272 = VERTEX_POINT('',#3273);
#3273 = CARTESIAN_POINT('',(2.545442325904,-2.11,0.7770944533));
#3274 = LINE('',#3275,#3276);
#3275 = CARTESIAN_POINT('',(2.6264581915,-2.11,0.282635182233));
#3276 = VECTOR('',#3277,1.);
#3277 = DIRECTION('',(-0.161691392282,-1.795135065956E-17,0.986841372087
    ));
#3278 = ORIENTED_EDGE('',*,*,#3279,.T.);
#3279 = EDGE_CURVE('',#3272,#3280,#3282,.T.);
#3280 = VERTEX_POINT('',#3281);
#3281 = CARTESIAN_POINT('',(2.25,-2.11,1.025));
#3282 = CIRCLE('',#3283,0.3);
#3283 = AXIS2_PLACEMENT_3D('',#3284,#3285,#3286);
#3284 = CARTESIAN_POINT('',(2.25,-2.11,0.725));
#3285 = DIRECTION('',(1.110223024625E-16,-1.,0.));
#3286 = DIRECTION('',(0.984807753012,1.093356242223E-16,0.173648177667)
  );
#3287 = ORIENTED_EDGE('',*,*,#3288,.T.);
#3288 = EDGE_CURVE('',#3280,#1134,#3289,.T.);
#3289 = LINE('',#3290,#3291);
#3290 = CARTESIAN_POINT('',(2.25,-2.11,1.025));
#3291 = VECTOR('',#3292,1.);
#3292 = DIRECTION('',(-1.,-1.110223024625E-16,0.));
#3293 = PLANE('',#3294);
#3294 = AXIS2_PLACEMENT_3D('',#3295,#3296,#3297);
#3295 = CARTESIAN_POINT('',(2.42560961319,-2.11,0.548953137803));
#3296 = DIRECTION('',(1.110223024625E-16,-1.,0.));
#3297 = DIRECTION('',(0.,0.,1.));
#3298 = ADVANCED_FACE('',(#3299),#3310,.T.);
#3299 = FACE_BOUND('',#3300,.T.);
#3300 = EDGE_LOOP('',(#3301,#3302,#3303,#3304));
#3301 = ORIENTED_EDGE('',*,*,#2333,.T.);
#3302 = ORIENTED_EDGE('',*,*,#1234,.T.);
#3303 = ORIENTED_EDGE('',*,*,#2435,.F.);
#3304 = ORIENTED_EDGE('',*,*,#3305,.F.);
#3305 = EDGE_CURVE('',#2326,#2428,#3306,.T.);
#3306 = LINE('',#3307,#3308);
#3307 = CARTESIAN_POINT('',(-2.545442325904,1.7,0.7770944533));
#3308 = VECTOR('',#3309,1.);
#3309 = DIRECTION('',(1.144237745222E-17,1.,0.));
#3310 = CYLINDRICAL_SURFACE('',#3311,0.3);
#3311 = AXIS2_PLACEMENT_3D('',#3312,#3313,#3314);
#3312 = CARTESIAN_POINT('',(-2.25,1.7,0.725));
#3313 = DIRECTION('',(-1.144237745222E-17,-1.,0.));
#3314 = DIRECTION('',(-0.984807753012,1.126854202784E-17,0.173648177667)
  );
#3315 = ADVANCED_FACE('',(#3316),#3329,.F.);
#3316 = FACE_BOUND('',#3317,.F.);
#3317 = EDGE_LOOP('',(#3318,#3319,#3325,#3326,#3327,#3328));
#3318 = ORIENTED_EDGE('',*,*,#1678,.F.);
#3319 = ORIENTED_EDGE('',*,*,#3320,.T.);
#3320 = EDGE_CURVE('',#1670,#1779,#3321,.T.);
#3321 = LINE('',#3322,#3323);
#3322 = CARTESIAN_POINT('',(-2.25,-2.11,1.025));
#3323 = VECTOR('',#3324,1.);
#3324 = DIRECTION('',(1.144237745222E-17,1.,0.));
#3325 = ORIENTED_EDGE('',*,*,#1787,.T.);
#3326 = ORIENTED_EDGE('',*,*,#1809,.T.);
#3327 = ORIENTED_EDGE('',*,*,#1281,.F.);
#3328 = ORIENTED_EDGE('',*,*,#1552,.F.);
#3329 = PLANE('',#3330);
#3330 = AXIS2_PLACEMENT_3D('',#3331,#3332,#3333);
#3331 = CARTESIAN_POINT('',(-2.25,-2.11,1.025));
#3332 = DIRECTION('',(0.,0.,-1.));
#3333 = DIRECTION('',(1.,-1.144237745222E-17,0.));
#3334 = ADVANCED_FACE('',(#3335),#3348,.F.);
#3335 = FACE_BOUND('',#3336,.F.);
#3336 = EDGE_LOOP('',(#3337,#3338,#3344,#3345,#3346,#3347));
#3337 = ORIENTED_EDGE('',*,*,#1901,.F.);
#3338 = ORIENTED_EDGE('',*,*,#3339,.T.);
#3339 = EDGE_CURVE('',#1893,#2002,#3340,.T.);
#3340 = LINE('',#3341,#3342);
#3341 = CARTESIAN_POINT('',(-2.25,-0.84,1.025));
#3342 = VECTOR('',#3343,1.);
#3343 = DIRECTION('',(1.144237745222E-17,1.,0.));
#3344 = ORIENTED_EDGE('',*,*,#2010,.T.);
#3345 = ORIENTED_EDGE('',*,*,#2032,.T.);
#3346 = ORIENTED_EDGE('',*,*,#1297,.F.);
#3347 = ORIENTED_EDGE('',*,*,#1802,.F.);
#3348 = PLANE('',#3349);
#3349 = AXIS2_PLACEMENT_3D('',#3350,#3351,#3352);
#3350 = CARTESIAN_POINT('',(-2.25,-0.84,1.025));
#3351 = DIRECTION('',(0.,0.,-1.));
#3352 = DIRECTION('',(1.,-1.144237745222E-17,0.));
#3353 = ADVANCED_FACE('',(#3354),#3367,.F.);
#3354 = FACE_BOUND('',#3355,.F.);
#3355 = EDGE_LOOP('',(#3356,#3357,#3363,#3364,#3365,#3366));
#3356 = ORIENTED_EDGE('',*,*,#2124,.F.);
#3357 = ORIENTED_EDGE('',*,*,#3358,.T.);
#3358 = EDGE_CURVE('',#2116,#2225,#3359,.T.);
#3359 = LINE('',#3360,#3361);
#3360 = CARTESIAN_POINT('',(-2.25,0.43,1.025));
#3361 = VECTOR('',#3362,1.);
#3362 = DIRECTION('',(1.144237745222E-17,1.,0.));
#3363 = ORIENTED_EDGE('',*,*,#2233,.T.);
#3364 = ORIENTED_EDGE('',*,*,#2250,.T.);
#3365 = ORIENTED_EDGE('',*,*,#1313,.F.);
#3366 = ORIENTED_EDGE('',*,*,#2025,.F.);
#3367 = PLANE('',#3368);
#3368 = AXIS2_PLACEMENT_3D('',#3369,#3370,#3371);
#3369 = CARTESIAN_POINT('',(-2.25,0.43,1.025));
#3370 = DIRECTION('',(0.,0.,-1.));
#3371 = DIRECTION('',(1.,-1.144237745222E-17,0.));
#3372 = ADVANCED_FACE('',(#3373,#3402),#3413,.F.);
#3373 = FACE_BOUND('',#3374,.F.);
#3374 = EDGE_LOOP('',(#3375,#3376,#3377,#3378,#3386,#3394,#3400,#3401));
#3375 = ORIENTED_EDGE('',*,*,#1388,.T.);
#3376 = ORIENTED_EDGE('',*,*,#1411,.T.);
#3377 = ORIENTED_EDGE('',*,*,#1498,.T.);
#3378 = ORIENTED_EDGE('',*,*,#3379,.T.);
#3379 = EDGE_CURVE('',#1492,#3380,#3382,.T.);
#3380 = VERTEX_POINT('',#3381);
#3381 = CARTESIAN_POINT('',(1.680085640382,-2.260171280765,1.75));
#3382 = LINE('',#3383,#3384);
#3383 = CARTESIAN_POINT('',(1.760171280765,-2.180085640382,1.75));
#3384 = VECTOR('',#3385,1.);
#3385 = DIRECTION('',(-0.707106781187,-0.707106781187,0.));
#3386 = ORIENTED_EDGE('',*,*,#3387,.T.);
#3387 = EDGE_CURVE('',#3380,#3388,#3390,.T.);
#3388 = VERTEX_POINT('',#3389);
#3389 = CARTESIAN_POINT('',(-1.680085640382,-2.260171280765,1.75));
#3390 = LINE('',#3391,#3392);
#3391 = CARTESIAN_POINT('',(1.680085640382,-2.260171280765,1.75));
#3392 = VECTOR('',#3393,1.);
#3393 = DIRECTION('',(-1.,-1.110223024625E-16,0.));
#3394 = ORIENTED_EDGE('',*,*,#3395,.T.);
#3395 = EDGE_CURVE('',#3388,#1337,#3396,.T.);
#3396 = LINE('',#3397,#3398);
#3397 = CARTESIAN_POINT('',(-1.680085640382,-2.260171280765,1.75));
#3398 = VECTOR('',#3399,1.);
#3399 = DIRECTION('',(-0.707106781187,0.707106781187,0.));
#3400 = ORIENTED_EDGE('',*,*,#1336,.T.);
#3401 = ORIENTED_EDGE('',*,*,#1365,.T.);
#3402 = FACE_BOUND('',#3403,.F.);
#3403 = EDGE_LOOP('',(#3404));
#3404 = ORIENTED_EDGE('',*,*,#3405,.F.);
#3405 = EDGE_CURVE('',#3406,#3406,#3408,.T.);
#3406 = VERTEX_POINT('',#3407);
#3407 = CARTESIAN_POINT('',(-1.110171280765,1.310171280765,1.75));
#3408 = CIRCLE('',#3409,0.3);
#3409 = AXIS2_PLACEMENT_3D('',#3410,#3411,#3412);
#3410 = CARTESIAN_POINT('',(-1.110171280765,1.610171280765,1.75));
#3411 = DIRECTION('',(0.,-0.,-1.));
#3412 = DIRECTION('',(1.110223024625E-16,-1.,0.));
#3413 = PLANE('',#3414);
#3414 = AXIS2_PLACEMENT_3D('',#3415,#3416,#3417);
#3415 = CARTESIAN_POINT('',(-1.680085640382,2.260171280765,1.75));
#3416 = DIRECTION('',(0.,0.,-1.));
#3417 = DIRECTION('',(0.596575959062,-0.802556617983,0.));
#3418 = ADVANCED_FACE('',(#3419),#3429,.F.);
#3419 = FACE_BOUND('',#3420,.F.);
#3420 = EDGE_LOOP('',(#3421,#3422,#3423,#3424));
#3421 = ORIENTED_EDGE('',*,*,#1559,.T.);
#3422 = ORIENTED_EDGE('',*,*,#1344,.T.);
#3423 = ORIENTED_EDGE('',*,*,#3395,.F.);
#3424 = ORIENTED_EDGE('',*,*,#3425,.F.);
#3425 = EDGE_CURVE('',#1560,#3388,#3426,.T.);
#3426 = B_SPLINE_CURVE_WITH_KNOTS('',1,(#3427,#3428),.UNSPECIFIED.,.F.,
  .F.,(2,2),(0.,1.),.PIECEWISE_BEZIER_KNOTS.);
#3427 = CARTESIAN_POINT('',(-1.7375,-2.375,1.025));
#3428 = CARTESIAN_POINT('',(-1.680085640382,-2.260171280765,1.75));
#3429 = B_SPLINE_SURFACE_WITH_KNOTS('',1,1,(
    (#3430,#3431)
    ,(#3432,#3433
    )),.UNSPECIFIED.,.F.,.F.,.F.,(2,2),(2,2),(0.,0.194454364826),(0.,1.)
  ,.PIECEWISE_BEZIER_KNOTS.);
#3430 = CARTESIAN_POINT('',(-1.7375,-2.375,1.025));
#3431 = CARTESIAN_POINT('',(-1.680085640382,-2.260171280765,1.75));
#3432 = CARTESIAN_POINT('',(-1.875,-2.2375,1.025));
#3433 = CARTESIAN_POINT('',(-1.760171280765,-2.180085640382,1.75));
#3434 = ADVANCED_FACE('',(#3435),#3448,.F.);
#3435 = FACE_BOUND('',#3436,.F.);
#3436 = EDGE_LOOP('',(#3437,#3438,#3444,#3445,#3446,#3447));
#3437 = ORIENTED_EDGE('',*,*,#2733,.F.);
#3438 = ORIENTED_EDGE('',*,*,#3439,.T.);
#3439 = EDGE_CURVE('',#2725,#2834,#3440,.T.);
#3440 = LINE('',#3441,#3442);
#3441 = CARTESIAN_POINT('',(2.25,0.84,1.025));
#3442 = VECTOR('',#3443,1.);
#3443 = DIRECTION('',(1.110223024625E-16,-1.,0.));
#3444 = ORIENTED_EDGE('',*,*,#2842,.T.);
#3445 = ORIENTED_EDGE('',*,*,#2856,.T.);
#3446 = ORIENTED_EDGE('',*,*,#1443,.F.);
#3447 = ORIENTED_EDGE('',*,*,#2640,.F.);
#3448 = PLANE('',#3449);
#3449 = AXIS2_PLACEMENT_3D('',#3450,#3451,#3452);
#3450 = CARTESIAN_POINT('',(2.25,0.84,1.025));
#3451 = DIRECTION('',(0.,0.,-1.));
#3452 = DIRECTION('',(-1.,-1.110223024625E-16,-0.));
#3453 = ADVANCED_FACE('',(#3454),#3467,.F.);
#3454 = FACE_BOUND('',#3455,.F.);
#3455 = EDGE_LOOP('',(#3456,#3457,#3463,#3464,#3465,#3466));
#3456 = ORIENTED_EDGE('',*,*,#2956,.F.);
#3457 = ORIENTED_EDGE('',*,*,#3458,.T.);
#3458 = EDGE_CURVE('',#2948,#3057,#3459,.T.);
#3459 = LINE('',#3460,#3461);
#3460 = CARTESIAN_POINT('',(2.25,-0.43,1.025));
#3461 = VECTOR('',#3462,1.);
#3462 = DIRECTION('',(1.110223024625E-16,-1.,0.));
#3463 = ORIENTED_EDGE('',*,*,#3065,.T.);
#3464 = ORIENTED_EDGE('',*,*,#3079,.T.);
#3465 = ORIENTED_EDGE('',*,*,#1459,.F.);
#3466 = ORIENTED_EDGE('',*,*,#2863,.F.);
#3467 = PLANE('',#3468);
#3468 = AXIS2_PLACEMENT_3D('',#3469,#3470,#3471);
#3469 = CARTESIAN_POINT('',(2.25,-0.43,1.025));
#3470 = DIRECTION('',(0.,0.,-1.));
#3471 = DIRECTION('',(-1.,-1.110223024625E-16,-0.));
#3472 = ADVANCED_FACE('',(#3473),#3486,.F.);
#3473 = FACE_BOUND('',#3474,.F.);
#3474 = EDGE_LOOP('',(#3475,#3476,#3482,#3483,#3484,#3485));
#3475 = ORIENTED_EDGE('',*,*,#3179,.F.);
#3476 = ORIENTED_EDGE('',*,*,#3477,.T.);
#3477 = EDGE_CURVE('',#3171,#3280,#3478,.T.);
#3478 = LINE('',#3479,#3480);
#3479 = CARTESIAN_POINT('',(2.25,-1.7,1.025));
#3480 = VECTOR('',#3481,1.);
#3481 = DIRECTION('',(1.110223024625E-16,-1.,0.));
#3482 = ORIENTED_EDGE('',*,*,#3288,.T.);
#3483 = ORIENTED_EDGE('',*,*,#1582,.T.);
#3484 = ORIENTED_EDGE('',*,*,#1475,.F.);
#3485 = ORIENTED_EDGE('',*,*,#3086,.F.);
#3486 = PLANE('',#3487);
#3487 = AXIS2_PLACEMENT_3D('',#3488,#3489,#3490);
#3488 = CARTESIAN_POINT('',(2.25,-1.7,1.025));
#3489 = DIRECTION('',(0.,0.,-1.));
#3490 = DIRECTION('',(-1.,-1.110223024625E-16,-0.));
#3491 = ADVANCED_FACE('',(#3492),#3502,.F.);
#3492 = FACE_BOUND('',#3493,.F.);
#3493 = EDGE_LOOP('',(#3494,#3495,#3500,#3501));
#3494 = ORIENTED_EDGE('',*,*,#1575,.T.);
#3495 = ORIENTED_EDGE('',*,*,#3496,.T.);
#3496 = EDGE_CURVE('',#1568,#3380,#3497,.T.);
#3497 = B_SPLINE_CURVE_WITH_KNOTS('',1,(#3498,#3499),.UNSPECIFIED.,.F.,
  .F.,(2,2),(0.,1.),.PIECEWISE_BEZIER_KNOTS.);
#3498 = CARTESIAN_POINT('',(1.7375,-2.375,1.025));
#3499 = CARTESIAN_POINT('',(1.680085640382,-2.260171280765,1.75));
#3500 = ORIENTED_EDGE('',*,*,#3379,.F.);
#3501 = ORIENTED_EDGE('',*,*,#1491,.F.);
#3502 = B_SPLINE_SURFACE_WITH_KNOTS('',1,1,(
    (#3503,#3504)
    ,(#3505,#3506
    )),.UNSPECIFIED.,.F.,.F.,.F.,(2,2),(2,2),(0.,0.194454364826),(0.,1.)
  ,.PIECEWISE_BEZIER_KNOTS.);
#3503 = CARTESIAN_POINT('',(1.875,-2.2375,1.025));
#3504 = CARTESIAN_POINT('',(1.760171280765,-2.180085640382,1.75));
#3505 = CARTESIAN_POINT('',(1.7375,-2.375,1.025));
#3506 = CARTESIAN_POINT('',(1.680085640382,-2.260171280765,1.75));
#3507 = ADVANCED_FACE('',(#3508),#3519,.T.);
#3508 = FACE_BOUND('',#3509,.T.);
#3509 = EDGE_LOOP('',(#3510,#3511,#3512,#3513));
#3510 = ORIENTED_EDGE('',*,*,#2520,.T.);
#3511 = ORIENTED_EDGE('',*,*,#1521,.T.);
#3512 = ORIENTED_EDGE('',*,*,#2622,.F.);
#3513 = ORIENTED_EDGE('',*,*,#3514,.F.);
#3514 = EDGE_CURVE('',#2513,#2615,#3515,.T.);
#3515 = LINE('',#3516,#3517);
#3516 = CARTESIAN_POINT('',(2.545442325904,2.11,0.7770944533));
#3517 = VECTOR('',#3518,1.);
#3518 = DIRECTION('',(1.110223024625E-16,-1.,0.));
#3519 = CYLINDRICAL_SURFACE('',#3520,0.3);
#3520 = AXIS2_PLACEMENT_3D('',#3521,#3522,#3523);
#3521 = CARTESIAN_POINT('',(2.25,2.11,0.725));
#3522 = DIRECTION('',(-1.110223024625E-16,1.,0.));
#3523 = DIRECTION('',(0.984807753012,1.093356242223E-16,0.173648177667)
  );
#3524 = ADVANCED_FACE('',(#3525),#3531,.F.);
#3525 = FACE_BOUND('',#3526,.F.);
#3526 = EDGE_LOOP('',(#3527,#3528,#3529,#3530));
#3527 = ORIENTED_EDGE('',*,*,#1567,.T.);
#3528 = ORIENTED_EDGE('',*,*,#3425,.T.);
#3529 = ORIENTED_EDGE('',*,*,#3387,.F.);
#3530 = ORIENTED_EDGE('',*,*,#3496,.F.);
#3531 = B_SPLINE_SURFACE_WITH_KNOTS('',1,1,(
    (#3532,#3533)
    ,(#3534,#3535
    )),.UNSPECIFIED.,.F.,.F.,.F.,(2,2),(2,2),(0.,3.475),(0.,1.),
  .PIECEWISE_BEZIER_KNOTS.);
#3532 = CARTESIAN_POINT('',(1.7375,-2.375,1.025));
#3533 = CARTESIAN_POINT('',(1.680085640382,-2.260171280765,1.75));
#3534 = CARTESIAN_POINT('',(-1.7375,-2.375,1.025));
#3535 = CARTESIAN_POINT('',(-1.680085640382,-2.260171280765,1.75));
#3536 = ADVANCED_FACE('',(#3537),#3548,.T.);
#3537 = FACE_BOUND('',#3538,.T.);
#3538 = EDGE_LOOP('',(#3539,#3540,#3541,#3542));
#3539 = ORIENTED_EDGE('',*,*,#1669,.T.);
#3540 = ORIENTED_EDGE('',*,*,#3320,.T.);
#3541 = ORIENTED_EDGE('',*,*,#1778,.F.);
#3542 = ORIENTED_EDGE('',*,*,#3543,.F.);
#3543 = EDGE_CURVE('',#1662,#1771,#3544,.T.);
#3544 = LINE('',#3545,#3546);
#3545 = CARTESIAN_POINT('',(-2.545442325904,-2.11,0.7770944533));
#3546 = VECTOR('',#3547,1.);
#3547 = DIRECTION('',(1.144237745222E-17,1.,0.));
#3548 = CYLINDRICAL_SURFACE('',#3549,0.3);
#3549 = AXIS2_PLACEMENT_3D('',#3550,#3551,#3552);
#3550 = CARTESIAN_POINT('',(-2.25,-2.11,0.725));
#3551 = DIRECTION('',(-1.144237745222E-17,-1.,0.));
#3552 = DIRECTION('',(-0.984807753012,1.126854202784E-17,0.173648177667)
  );
#3553 = ADVANCED_FACE('',(#3554),#3565,.F.);
#3554 = FACE_BOUND('',#3555,.F.);
#3555 = EDGE_LOOP('',(#3556,#3562,#3563,#3564));
#3556 = ORIENTED_EDGE('',*,*,#3557,.T.);
#3557 = EDGE_CURVE('',#1653,#1762,#3558,.T.);
#3558 = LINE('',#3559,#3560);
#3559 = CARTESIAN_POINT('',(-2.6264581915,-2.11,0.282635182233));
#3560 = VECTOR('',#3561,1.);
#3561 = DIRECTION('',(1.144237745222E-17,1.,0.));
#3562 = ORIENTED_EDGE('',*,*,#1770,.T.);
#3563 = ORIENTED_EDGE('',*,*,#3543,.F.);
#3564 = ORIENTED_EDGE('',*,*,#1661,.F.);
#3565 = PLANE('',#3566);
#3566 = AXIS2_PLACEMENT_3D('',#3567,#3568,#3569);
#3567 = CARTESIAN_POINT('',(-2.6264581915,-2.11,0.282635182233));
#3568 = DIRECTION('',(0.986841372087,-1.129181146488E-17,-0.161691392282
    ));
#3569 = DIRECTION('',(0.161691392282,-1.85013394127E-18,0.986841372087)
  );
#3570 = ADVANCED_FACE('',(#3571),#3582,.F.);
#3571 = FACE_BOUND('',#3572,.F.);
#3572 = EDGE_LOOP('',(#3573,#3579,#3580,#3581));
#3573 = ORIENTED_EDGE('',*,*,#3574,.T.);
#3574 = EDGE_CURVE('',#1645,#1754,#3575,.T.);
#3575 = LINE('',#3576,#3577);
#3576 = CARTESIAN_POINT('',(-2.724938966801,-2.11,0.2));
#3577 = VECTOR('',#3578,1.);
#3578 = DIRECTION('',(1.144237745222E-17,1.,0.));
#3579 = ORIENTED_EDGE('',*,*,#1761,.T.);
#3580 = ORIENTED_EDGE('',*,*,#3557,.F.);
#3581 = ORIENTED_EDGE('',*,*,#1652,.F.);
#3582 = CYLINDRICAL_SURFACE('',#3583,0.1);
#3583 = AXIS2_PLACEMENT_3D('',#3584,#3585,#3586);
#3584 = CARTESIAN_POINT('',(-2.724938966801,-2.11,0.3));
#3585 = DIRECTION('',(-1.144237745222E-17,-1.,0.));
#3586 = DIRECTION('',(-0.,0.,-1.));
#3587 = ADVANCED_FACE('',(#3588),#3599,.F.);
#3588 = FACE_BOUND('',#3589,.F.);
#3589 = EDGE_LOOP('',(#3590,#3596,#3597,#3598));
#3590 = ORIENTED_EDGE('',*,*,#3591,.T.);
#3591 = EDGE_CURVE('',#1637,#1746,#3592,.T.);
#3592 = LINE('',#3593,#3594);
#3593 = CARTESIAN_POINT('',(-3.,-2.11,0.2));
#3594 = VECTOR('',#3595,1.);
#3595 = DIRECTION('',(1.144237745222E-17,1.,0.));
#3596 = ORIENTED_EDGE('',*,*,#1753,.T.);
#3597 = ORIENTED_EDGE('',*,*,#3574,.F.);
#3598 = ORIENTED_EDGE('',*,*,#1644,.F.);
#3599 = PLANE('',#3600);
#3600 = AXIS2_PLACEMENT_3D('',#3601,#3602,#3603);
#3601 = CARTESIAN_POINT('',(-3.,-2.11,0.2));
#3602 = DIRECTION('',(0.,0.,-1.));
#3603 = DIRECTION('',(1.,-1.144237745222E-17,0.));
#3604 = ADVANCED_FACE('',(#3605),#3616,.F.);
#3605 = FACE_BOUND('',#3606,.F.);
#3606 = EDGE_LOOP('',(#3607,#3613,#3614,#3615));
#3607 = ORIENTED_EDGE('',*,*,#3608,.T.);
#3608 = EDGE_CURVE('',#1629,#1738,#3609,.T.);
#3609 = LINE('',#3610,#3611);
#3610 = CARTESIAN_POINT('',(-3.,-2.11,-1.665334536938E-16));
#3611 = VECTOR('',#3612,1.);
#3612 = DIRECTION('',(1.144237745222E-17,1.,0.));
#3613 = ORIENTED_EDGE('',*,*,#1745,.T.);
#3614 = ORIENTED_EDGE('',*,*,#3591,.F.);
#3615 = ORIENTED_EDGE('',*,*,#1636,.F.);
#3616 = PLANE('',#3617);
#3617 = AXIS2_PLACEMENT_3D('',#3618,#3619,#3620);
#3618 = CARTESIAN_POINT('',(-3.,-2.11,-1.665334536938E-16));
#3619 = DIRECTION('',(1.,-1.144237745222E-17,0.));
#3620 = DIRECTION('',(0.,0.,1.));
#3621 = ADVANCED_FACE('',(#3622),#3633,.F.);
#3622 = FACE_BOUND('',#3623,.F.);
#3623 = EDGE_LOOP('',(#3624,#3630,#3631,#3632));
#3624 = ORIENTED_EDGE('',*,*,#3625,.T.);
#3625 = EDGE_CURVE('',#1620,#1729,#3626,.T.);
#3626 = LINE('',#3627,#3628);
#3627 = CARTESIAN_POINT('',(-2.724938966801,-2.11,-1.665334536938E-16));
#3628 = VECTOR('',#3629,1.);
#3629 = DIRECTION('',(1.144237745222E-17,1.,0.));
#3630 = ORIENTED_EDGE('',*,*,#1737,.T.);
#3631 = ORIENTED_EDGE('',*,*,#3608,.F.);
#3632 = ORIENTED_EDGE('',*,*,#1628,.F.);
#3633 = PLANE('',#3634);
#3634 = AXIS2_PLACEMENT_3D('',#3635,#3636,#3637);
#3635 = CARTESIAN_POINT('',(-2.724938966801,-2.11,-1.665334536938E-16));
#3636 = DIRECTION('',(0.,0.,1.));
#3637 = DIRECTION('',(-1.,1.144237745222E-17,0.));
#3638 = ADVANCED_FACE('',(#3639),#3650,.T.);
#3639 = FACE_BOUND('',#3640,.T.);
#3640 = EDGE_LOOP('',(#3641,#3642,#3643,#3644));
#3641 = ORIENTED_EDGE('',*,*,#1619,.T.);
#3642 = ORIENTED_EDGE('',*,*,#3625,.T.);
#3643 = ORIENTED_EDGE('',*,*,#1728,.F.);
#3644 = ORIENTED_EDGE('',*,*,#3645,.F.);
#3645 = EDGE_CURVE('',#1612,#1721,#3646,.T.);
#3646 = LINE('',#3647,#3648);
#3647 = CARTESIAN_POINT('',(-2.429496640897,-2.11,0.2479055467));
#3648 = VECTOR('',#3649,1.);
#3649 = DIRECTION('',(1.144237745222E-17,1.,0.));
#3650 = CYLINDRICAL_SURFACE('',#3651,0.3);
#3651 = AXIS2_PLACEMENT_3D('',#3652,#3653,#3654);
#3652 = CARTESIAN_POINT('',(-2.724938966801,-2.11,0.3));
#3653 = DIRECTION('',(-1.144237745222E-17,-1.,0.));
#3654 = DIRECTION('',(0.984807753012,-1.126854202784E-17,-0.173648177667
    ));
#3655 = ADVANCED_FACE('',(#3656),#3662,.F.);
#3656 = FACE_BOUND('',#3657,.F.);
#3657 = EDGE_LOOP('',(#3658,#3659,#3660,#3661));
#3658 = ORIENTED_EDGE('',*,*,#1702,.T.);
#3659 = ORIENTED_EDGE('',*,*,#1720,.T.);
#3660 = ORIENTED_EDGE('',*,*,#3645,.F.);
#3661 = ORIENTED_EDGE('',*,*,#1611,.F.);
#3662 = PLANE('',#3663);
#3663 = AXIS2_PLACEMENT_3D('',#3664,#3665,#3666);
#3664 = CARTESIAN_POINT('',(-2.348480775301,-2.11,0.742364817767));
#3665 = DIRECTION('',(-0.986841372087,1.129181146488E-17,0.161691392282)
  );
#3666 = DIRECTION('',(-0.161691392282,1.85013394127E-18,-0.986841372087)
  );
#3667 = ADVANCED_FACE('',(#3668),#3679,.T.);
#3668 = FACE_BOUND('',#3669,.T.);
#3669 = EDGE_LOOP('',(#3670,#3671,#3672,#3673));
#3670 = ORIENTED_EDGE('',*,*,#1892,.T.);
#3671 = ORIENTED_EDGE('',*,*,#3339,.T.);
#3672 = ORIENTED_EDGE('',*,*,#2001,.F.);
#3673 = ORIENTED_EDGE('',*,*,#3674,.F.);
#3674 = EDGE_CURVE('',#1885,#1994,#3675,.T.);
#3675 = LINE('',#3676,#3677);
#3676 = CARTESIAN_POINT('',(-2.545442325904,-0.84,0.7770944533));
#3677 = VECTOR('',#3678,1.);
#3678 = DIRECTION('',(1.144237745222E-17,1.,0.));
#3679 = CYLINDRICAL_SURFACE('',#3680,0.3);
#3680 = AXIS2_PLACEMENT_3D('',#3681,#3682,#3683);
#3681 = CARTESIAN_POINT('',(-2.25,-0.84,0.725));
#3682 = DIRECTION('',(-1.144237745222E-17,-1.,0.));
#3683 = DIRECTION('',(-0.984807753012,1.126854202784E-17,0.173648177667)
  );
#3684 = ADVANCED_FACE('',(#3685),#3696,.F.);
#3685 = FACE_BOUND('',#3686,.F.);
#3686 = EDGE_LOOP('',(#3687,#3693,#3694,#3695));
#3687 = ORIENTED_EDGE('',*,*,#3688,.T.);
#3688 = EDGE_CURVE('',#1876,#1985,#3689,.T.);
#3689 = LINE('',#3690,#3691);
#3690 = CARTESIAN_POINT('',(-2.6264581915,-0.84,0.282635182233));
#3691 = VECTOR('',#3692,1.);
#3692 = DIRECTION('',(1.144237745222E-17,1.,0.));
#3693 = ORIENTED_EDGE('',*,*,#1993,.T.);
#3694 = ORIENTED_EDGE('',*,*,#3674,.F.);
#3695 = ORIENTED_EDGE('',*,*,#1884,.F.);
#3696 = PLANE('',#3697);
#3697 = AXIS2_PLACEMENT_3D('',#3698,#3699,#3700);
#3698 = CARTESIAN_POINT('',(-2.6264581915,-0.84,0.282635182233));
#3699 = DIRECTION('',(0.986841372087,-1.129181146488E-17,-0.161691392282
    ));
#3700 = DIRECTION('',(0.161691392282,-1.85013394127E-18,0.986841372087)
  );
#3701 = ADVANCED_FACE('',(#3702),#3713,.F.);
#3702 = FACE_BOUND('',#3703,.F.);
#3703 = EDGE_LOOP('',(#3704,#3710,#3711,#3712));
#3704 = ORIENTED_EDGE('',*,*,#3705,.T.);
#3705 = EDGE_CURVE('',#1868,#1977,#3706,.T.);
#3706 = LINE('',#3707,#3708);
#3707 = CARTESIAN_POINT('',(-2.724938966801,-0.84,0.2));
#3708 = VECTOR('',#3709,1.);
#3709 = DIRECTION('',(1.144237745222E-17,1.,0.));
#3710 = ORIENTED_EDGE('',*,*,#1984,.T.);
#3711 = ORIENTED_EDGE('',*,*,#3688,.F.);
#3712 = ORIENTED_EDGE('',*,*,#1875,.F.);
#3713 = CYLINDRICAL_SURFACE('',#3714,0.1);
#3714 = AXIS2_PLACEMENT_3D('',#3715,#3716,#3717);
#3715 = CARTESIAN_POINT('',(-2.724938966801,-0.84,0.3));
#3716 = DIRECTION('',(-1.144237745222E-17,-1.,0.));
#3717 = DIRECTION('',(-0.,0.,-1.));
#3718 = ADVANCED_FACE('',(#3719),#3730,.F.);
#3719 = FACE_BOUND('',#3720,.F.);
#3720 = EDGE_LOOP('',(#3721,#3727,#3728,#3729));
#3721 = ORIENTED_EDGE('',*,*,#3722,.T.);
#3722 = EDGE_CURVE('',#1860,#1969,#3723,.T.);
#3723 = LINE('',#3724,#3725);
#3724 = CARTESIAN_POINT('',(-3.,-0.84,0.2));
#3725 = VECTOR('',#3726,1.);
#3726 = DIRECTION('',(1.144237745222E-17,1.,0.));
#3727 = ORIENTED_EDGE('',*,*,#1976,.T.);
#3728 = ORIENTED_EDGE('',*,*,#3705,.F.);
#3729 = ORIENTED_EDGE('',*,*,#1867,.F.);
#3730 = PLANE('',#3731);
#3731 = AXIS2_PLACEMENT_3D('',#3732,#3733,#3734);
#3732 = CARTESIAN_POINT('',(-3.,-0.84,0.2));
#3733 = DIRECTION('',(0.,0.,-1.));
#3734 = DIRECTION('',(1.,-1.144237745222E-17,0.));
#3735 = ADVANCED_FACE('',(#3736),#3747,.F.);
#3736 = FACE_BOUND('',#3737,.F.);
#3737 = EDGE_LOOP('',(#3738,#3744,#3745,#3746));
#3738 = ORIENTED_EDGE('',*,*,#3739,.T.);
#3739 = EDGE_CURVE('',#1852,#1961,#3740,.T.);
#3740 = LINE('',#3741,#3742);
#3741 = CARTESIAN_POINT('',(-3.,-0.84,-1.665334536938E-16));
#3742 = VECTOR('',#3743,1.);
#3743 = DIRECTION('',(1.144237745222E-17,1.,0.));
#3744 = ORIENTED_EDGE('',*,*,#1968,.T.);
#3745 = ORIENTED_EDGE('',*,*,#3722,.F.);
#3746 = ORIENTED_EDGE('',*,*,#1859,.F.);
#3747 = PLANE('',#3748);
#3748 = AXIS2_PLACEMENT_3D('',#3749,#3750,#3751);
#3749 = CARTESIAN_POINT('',(-3.,-0.84,-1.665334536938E-16));
#3750 = DIRECTION('',(1.,-1.144237745222E-17,0.));
#3751 = DIRECTION('',(0.,0.,1.));
#3752 = ADVANCED_FACE('',(#3753),#3764,.F.);
#3753 = FACE_BOUND('',#3754,.F.);
#3754 = EDGE_LOOP('',(#3755,#3761,#3762,#3763));
#3755 = ORIENTED_EDGE('',*,*,#3756,.T.);
#3756 = EDGE_CURVE('',#1843,#1952,#3757,.T.);
#3757 = LINE('',#3758,#3759);
#3758 = CARTESIAN_POINT('',(-2.724938966801,-0.84,-1.665334536938E-16));
#3759 = VECTOR('',#3760,1.);
#3760 = DIRECTION('',(1.144237745222E-17,1.,0.));
#3761 = ORIENTED_EDGE('',*,*,#1960,.T.);
#3762 = ORIENTED_EDGE('',*,*,#3739,.F.);
#3763 = ORIENTED_EDGE('',*,*,#1851,.F.);
#3764 = PLANE('',#3765);
#3765 = AXIS2_PLACEMENT_3D('',#3766,#3767,#3768);
#3766 = CARTESIAN_POINT('',(-2.724938966801,-0.84,-1.665334536938E-16));
#3767 = DIRECTION('',(0.,0.,1.));
#3768 = DIRECTION('',(-1.,1.144237745222E-17,0.));
#3769 = ADVANCED_FACE('',(#3770),#3781,.T.);
#3770 = FACE_BOUND('',#3771,.T.);
#3771 = EDGE_LOOP('',(#3772,#3773,#3774,#3775));
#3772 = ORIENTED_EDGE('',*,*,#1842,.T.);
#3773 = ORIENTED_EDGE('',*,*,#3756,.T.);
#3774 = ORIENTED_EDGE('',*,*,#1951,.F.);
#3775 = ORIENTED_EDGE('',*,*,#3776,.F.);
#3776 = EDGE_CURVE('',#1835,#1944,#3777,.T.);
#3777 = LINE('',#3778,#3779);
#3778 = CARTESIAN_POINT('',(-2.429496640897,-0.84,0.2479055467));
#3779 = VECTOR('',#3780,1.);
#3780 = DIRECTION('',(1.144237745222E-17,1.,0.));
#3781 = CYLINDRICAL_SURFACE('',#3782,0.3);
#3782 = AXIS2_PLACEMENT_3D('',#3783,#3784,#3785);
#3783 = CARTESIAN_POINT('',(-2.724938966801,-0.84,0.3));
#3784 = DIRECTION('',(-1.144237745222E-17,-1.,0.));
#3785 = DIRECTION('',(0.984807753012,-1.126854202784E-17,-0.173648177667
    ));
#3786 = ADVANCED_FACE('',(#3787),#3793,.F.);
#3787 = FACE_BOUND('',#3788,.F.);
#3788 = EDGE_LOOP('',(#3789,#3790,#3791,#3792));
#3789 = ORIENTED_EDGE('',*,*,#1925,.T.);
#3790 = ORIENTED_EDGE('',*,*,#1943,.T.);
#3791 = ORIENTED_EDGE('',*,*,#3776,.F.);
#3792 = ORIENTED_EDGE('',*,*,#1834,.F.);
#3793 = PLANE('',#3794);
#3794 = AXIS2_PLACEMENT_3D('',#3795,#3796,#3797);
#3795 = CARTESIAN_POINT('',(-2.348480775301,-0.84,0.742364817767));
#3796 = DIRECTION('',(-0.986841372087,1.129181146488E-17,0.161691392282)
  );
#3797 = DIRECTION('',(-0.161691392282,1.85013394127E-18,-0.986841372087)
  );
#3798 = ADVANCED_FACE('',(#3799),#3810,.T.);
#3799 = FACE_BOUND('',#3800,.T.);
#3800 = EDGE_LOOP('',(#3801,#3802,#3803,#3804));
#3801 = ORIENTED_EDGE('',*,*,#2115,.T.);
#3802 = ORIENTED_EDGE('',*,*,#3358,.T.);
#3803 = ORIENTED_EDGE('',*,*,#2224,.F.);
#3804 = ORIENTED_EDGE('',*,*,#3805,.F.);
#3805 = EDGE_CURVE('',#2108,#2217,#3806,.T.);
#3806 = LINE('',#3807,#3808);
#3807 = CARTESIAN_POINT('',(-2.545442325904,0.43,0.7770944533));
#3808 = VECTOR('',#3809,1.);
#3809 = DIRECTION('',(1.144237745222E-17,1.,0.));
#3810 = CYLINDRICAL_SURFACE('',#3811,0.3);
#3811 = AXIS2_PLACEMENT_3D('',#3812,#3813,#3814);
#3812 = CARTESIAN_POINT('',(-2.25,0.43,0.725));
#3813 = DIRECTION('',(-1.144237745222E-17,-1.,0.));
#3814 = DIRECTION('',(-0.984807753012,1.126854202784E-17,0.173648177667)
  );
#3815 = ADVANCED_FACE('',(#3816),#3827,.F.);
#3816 = FACE_BOUND('',#3817,.F.);
#3817 = EDGE_LOOP('',(#3818,#3824,#3825,#3826));
#3818 = ORIENTED_EDGE('',*,*,#3819,.T.);
#3819 = EDGE_CURVE('',#2099,#2208,#3820,.T.);
#3820 = LINE('',#3821,#3822);
#3821 = CARTESIAN_POINT('',(-2.6264581915,0.43,0.282635182233));
#3822 = VECTOR('',#3823,1.);
#3823 = DIRECTION('',(1.144237745222E-17,1.,0.));
#3824 = ORIENTED_EDGE('',*,*,#2216,.T.);
#3825 = ORIENTED_EDGE('',*,*,#3805,.F.);
#3826 = ORIENTED_EDGE('',*,*,#2107,.F.);
#3827 = PLANE('',#3828);
#3828 = AXIS2_PLACEMENT_3D('',#3829,#3830,#3831);
#3829 = CARTESIAN_POINT('',(-2.6264581915,0.43,0.282635182233));
#3830 = DIRECTION('',(0.986841372087,-1.129181146488E-17,-0.161691392282
    ));
#3831 = DIRECTION('',(0.161691392282,-1.85013394127E-18,0.986841372087)
  );
#3832 = ADVANCED_FACE('',(#3833),#3844,.F.);
#3833 = FACE_BOUND('',#3834,.F.);
#3834 = EDGE_LOOP('',(#3835,#3841,#3842,#3843));
#3835 = ORIENTED_EDGE('',*,*,#3836,.T.);
#3836 = EDGE_CURVE('',#2091,#2200,#3837,.T.);
#3837 = LINE('',#3838,#3839);
#3838 = CARTESIAN_POINT('',(-2.724938966801,0.43,0.2));
#3839 = VECTOR('',#3840,1.);
#3840 = DIRECTION('',(1.144237745222E-17,1.,0.));
#3841 = ORIENTED_EDGE('',*,*,#2207,.T.);
#3842 = ORIENTED_EDGE('',*,*,#3819,.F.);
#3843 = ORIENTED_EDGE('',*,*,#2098,.F.);
#3844 = CYLINDRICAL_SURFACE('',#3845,0.1);
#3845 = AXIS2_PLACEMENT_3D('',#3846,#3847,#3848);
#3846 = CARTESIAN_POINT('',(-2.724938966801,0.43,0.3));
#3847 = DIRECTION('',(-1.144237745222E-17,-1.,0.));
#3848 = DIRECTION('',(-0.,0.,-1.));
#3849 = ADVANCED_FACE('',(#3850),#3861,.F.);
#3850 = FACE_BOUND('',#3851,.F.);
#3851 = EDGE_LOOP('',(#3852,#3858,#3859,#3860));
#3852 = ORIENTED_EDGE('',*,*,#3853,.T.);
#3853 = EDGE_CURVE('',#2083,#2192,#3854,.T.);
#3854 = LINE('',#3855,#3856);
#3855 = CARTESIAN_POINT('',(-3.,0.43,0.2));
#3856 = VECTOR('',#3857,1.);
#3857 = DIRECTION('',(1.144237745222E-17,1.,0.));
#3858 = ORIENTED_EDGE('',*,*,#2199,.T.);
#3859 = ORIENTED_EDGE('',*,*,#3836,.F.);
#3860 = ORIENTED_EDGE('',*,*,#2090,.F.);
#3861 = PLANE('',#3862);
#3862 = AXIS2_PLACEMENT_3D('',#3863,#3864,#3865);
#3863 = CARTESIAN_POINT('',(-3.,0.43,0.2));
#3864 = DIRECTION('',(0.,0.,-1.));
#3865 = DIRECTION('',(1.,-1.144237745222E-17,0.));
#3866 = ADVANCED_FACE('',(#3867),#3878,.F.);
#3867 = FACE_BOUND('',#3868,.F.);
#3868 = EDGE_LOOP('',(#3869,#3875,#3876,#3877));
#3869 = ORIENTED_EDGE('',*,*,#3870,.T.);
#3870 = EDGE_CURVE('',#2075,#2184,#3871,.T.);
#3871 = LINE('',#3872,#3873);
#3872 = CARTESIAN_POINT('',(-3.,0.43,-1.665334536938E-16));
#3873 = VECTOR('',#3874,1.);
#3874 = DIRECTION('',(1.144237745222E-17,1.,0.));
#3875 = ORIENTED_EDGE('',*,*,#2191,.T.);
#3876 = ORIENTED_EDGE('',*,*,#3853,.F.);
#3877 = ORIENTED_EDGE('',*,*,#2082,.F.);
#3878 = PLANE('',#3879);
#3879 = AXIS2_PLACEMENT_3D('',#3880,#3881,#3882);
#3880 = CARTESIAN_POINT('',(-3.,0.43,-1.665334536938E-16));
#3881 = DIRECTION('',(1.,-1.144237745222E-17,0.));
#3882 = DIRECTION('',(0.,0.,1.));
#3883 = ADVANCED_FACE('',(#3884),#3895,.F.);
#3884 = FACE_BOUND('',#3885,.F.);
#3885 = EDGE_LOOP('',(#3886,#3892,#3893,#3894));
#3886 = ORIENTED_EDGE('',*,*,#3887,.T.);
#3887 = EDGE_CURVE('',#2066,#2175,#3888,.T.);
#3888 = LINE('',#3889,#3890);
#3889 = CARTESIAN_POINT('',(-2.724938966801,0.43,-1.665334536938E-16));
#3890 = VECTOR('',#3891,1.);
#3891 = DIRECTION('',(1.144237745222E-17,1.,0.));
#3892 = ORIENTED_EDGE('',*,*,#2183,.T.);
#3893 = ORIENTED_EDGE('',*,*,#3870,.F.);
#3894 = ORIENTED_EDGE('',*,*,#2074,.F.);
#3895 = PLANE('',#3896);
#3896 = AXIS2_PLACEMENT_3D('',#3897,#3898,#3899);
#3897 = CARTESIAN_POINT('',(-2.724938966801,0.43,-1.665334536938E-16));
#3898 = DIRECTION('',(0.,0.,1.));
#3899 = DIRECTION('',(-1.,1.144237745222E-17,0.));
#3900 = ADVANCED_FACE('',(#3901),#3912,.T.);
#3901 = FACE_BOUND('',#3902,.T.);
#3902 = EDGE_LOOP('',(#3903,#3904,#3905,#3906));
#3903 = ORIENTED_EDGE('',*,*,#2065,.T.);
#3904 = ORIENTED_EDGE('',*,*,#3887,.T.);
#3905 = ORIENTED_EDGE('',*,*,#2174,.F.);
#3906 = ORIENTED_EDGE('',*,*,#3907,.F.);
#3907 = EDGE_CURVE('',#2058,#2167,#3908,.T.);
#3908 = LINE('',#3909,#3910);
#3909 = CARTESIAN_POINT('',(-2.429496640897,0.43,0.2479055467));
#3910 = VECTOR('',#3911,1.);
#3911 = DIRECTION('',(1.144237745222E-17,1.,0.));
#3912 = CYLINDRICAL_SURFACE('',#3913,0.3);
#3913 = AXIS2_PLACEMENT_3D('',#3914,#3915,#3916);
#3914 = CARTESIAN_POINT('',(-2.724938966801,0.43,0.3));
#3915 = DIRECTION('',(-1.144237745222E-17,-1.,0.));
#3916 = DIRECTION('',(0.984807753012,-1.126854202784E-17,-0.173648177667
    ));
#3917 = ADVANCED_FACE('',(#3918),#3924,.F.);
#3918 = FACE_BOUND('',#3919,.F.);
#3919 = EDGE_LOOP('',(#3920,#3921,#3922,#3923));
#3920 = ORIENTED_EDGE('',*,*,#2148,.T.);
#3921 = ORIENTED_EDGE('',*,*,#2166,.T.);
#3922 = ORIENTED_EDGE('',*,*,#3907,.F.);
#3923 = ORIENTED_EDGE('',*,*,#2057,.F.);
#3924 = PLANE('',#3925);
#3925 = AXIS2_PLACEMENT_3D('',#3926,#3927,#3928);
#3926 = CARTESIAN_POINT('',(-2.348480775301,0.43,0.742364817767));
#3927 = DIRECTION('',(-0.986841372087,1.129181146488E-17,0.161691392282)
  );
#3928 = DIRECTION('',(-0.161691392282,1.85013394127E-18,-0.986841372087)
  );
#3929 = ADVANCED_FACE('',(#3930),#3941,.F.);
#3930 = FACE_BOUND('',#3931,.F.);
#3931 = EDGE_LOOP('',(#3932,#3938,#3939,#3940));
#3932 = ORIENTED_EDGE('',*,*,#3933,.T.);
#3933 = EDGE_CURVE('',#2317,#2419,#3934,.T.);
#3934 = LINE('',#3935,#3936);
#3935 = CARTESIAN_POINT('',(-2.6264581915,1.7,0.282635182233));
#3936 = VECTOR('',#3937,1.);
#3937 = DIRECTION('',(1.144237745222E-17,1.,0.));
#3938 = ORIENTED_EDGE('',*,*,#2427,.T.);
#3939 = ORIENTED_EDGE('',*,*,#3305,.F.);
#3940 = ORIENTED_EDGE('',*,*,#2325,.F.);
#3941 = PLANE('',#3942);
#3942 = AXIS2_PLACEMENT_3D('',#3943,#3944,#3945);
#3943 = CARTESIAN_POINT('',(-2.6264581915,1.7,0.282635182233));
#3944 = DIRECTION('',(0.986841372087,-1.129181146488E-17,-0.161691392282
    ));
#3945 = DIRECTION('',(0.161691392282,-1.85013394127E-18,0.986841372087)
  );
#3946 = ADVANCED_FACE('',(#3947),#3958,.F.);
#3947 = FACE_BOUND('',#3948,.F.);
#3948 = EDGE_LOOP('',(#3949,#3955,#3956,#3957));
#3949 = ORIENTED_EDGE('',*,*,#3950,.T.);
#3950 = EDGE_CURVE('',#2309,#2411,#3951,.T.);
#3951 = LINE('',#3952,#3953);
#3952 = CARTESIAN_POINT('',(-2.724938966801,1.7,0.2));
#3953 = VECTOR('',#3954,1.);
#3954 = DIRECTION('',(1.144237745222E-17,1.,0.));
#3955 = ORIENTED_EDGE('',*,*,#2418,.T.);
#3956 = ORIENTED_EDGE('',*,*,#3933,.F.);
#3957 = ORIENTED_EDGE('',*,*,#2316,.F.);
#3958 = CYLINDRICAL_SURFACE('',#3959,0.1);
#3959 = AXIS2_PLACEMENT_3D('',#3960,#3961,#3962);
#3960 = CARTESIAN_POINT('',(-2.724938966801,1.7,0.3));
#3961 = DIRECTION('',(-1.144237745222E-17,-1.,0.));
#3962 = DIRECTION('',(-0.,0.,-1.));
#3963 = ADVANCED_FACE('',(#3964),#3975,.F.);
#3964 = FACE_BOUND('',#3965,.F.);
#3965 = EDGE_LOOP('',(#3966,#3972,#3973,#3974));
#3966 = ORIENTED_EDGE('',*,*,#3967,.T.);
#3967 = EDGE_CURVE('',#2301,#2403,#3968,.T.);
#3968 = LINE('',#3969,#3970);
#3969 = CARTESIAN_POINT('',(-3.,1.7,0.2));
#3970 = VECTOR('',#3971,1.);
#3971 = DIRECTION('',(1.144237745222E-17,1.,0.));
#3972 = ORIENTED_EDGE('',*,*,#2410,.T.);
#3973 = ORIENTED_EDGE('',*,*,#3950,.F.);
#3974 = ORIENTED_EDGE('',*,*,#2308,.F.);
#3975 = PLANE('',#3976);
#3976 = AXIS2_PLACEMENT_3D('',#3977,#3978,#3979);
#3977 = CARTESIAN_POINT('',(-3.,1.7,0.2));
#3978 = DIRECTION('',(0.,0.,-1.));
#3979 = DIRECTION('',(1.,-1.144237745222E-17,0.));
#3980 = ADVANCED_FACE('',(#3981),#3992,.F.);
#3981 = FACE_BOUND('',#3982,.F.);
#3982 = EDGE_LOOP('',(#3983,#3989,#3990,#3991));
#3983 = ORIENTED_EDGE('',*,*,#3984,.T.);
#3984 = EDGE_CURVE('',#2293,#2395,#3985,.T.);
#3985 = LINE('',#3986,#3987);
#3986 = CARTESIAN_POINT('',(-3.,1.7,-1.665334536938E-16));
#3987 = VECTOR('',#3988,1.);
#3988 = DIRECTION('',(1.144237745222E-17,1.,0.));
#3989 = ORIENTED_EDGE('',*,*,#2402,.T.);
#3990 = ORIENTED_EDGE('',*,*,#3967,.F.);
#3991 = ORIENTED_EDGE('',*,*,#2300,.F.);
#3992 = PLANE('',#3993);
#3993 = AXIS2_PLACEMENT_3D('',#3994,#3995,#3996);
#3994 = CARTESIAN_POINT('',(-3.,1.7,-1.665334536938E-16));
#3995 = DIRECTION('',(1.,-1.144237745222E-17,0.));
#3996 = DIRECTION('',(0.,0.,1.));
#3997 = ADVANCED_FACE('',(#3998),#4009,.F.);
#3998 = FACE_BOUND('',#3999,.F.);
#3999 = EDGE_LOOP('',(#4000,#4006,#4007,#4008));
#4000 = ORIENTED_EDGE('',*,*,#4001,.T.);
#4001 = EDGE_CURVE('',#2284,#2386,#4002,.T.);
#4002 = LINE('',#4003,#4004);
#4003 = CARTESIAN_POINT('',(-2.724938966801,1.7,-1.665334536938E-16));
#4004 = VECTOR('',#4005,1.);
#4005 = DIRECTION('',(1.144237745222E-17,1.,0.));
#4006 = ORIENTED_EDGE('',*,*,#2394,.T.);
#4007 = ORIENTED_EDGE('',*,*,#3984,.F.);
#4008 = ORIENTED_EDGE('',*,*,#2292,.F.);
#4009 = PLANE('',#4010);
#4010 = AXIS2_PLACEMENT_3D('',#4011,#4012,#4013);
#4011 = CARTESIAN_POINT('',(-2.724938966801,1.7,-1.665334536938E-16));
#4012 = DIRECTION('',(0.,0.,1.));
#4013 = DIRECTION('',(-1.,1.144237745222E-17,0.));
#4014 = ADVANCED_FACE('',(#4015),#4026,.T.);
#4015 = FACE_BOUND('',#4016,.T.);
#4016 = EDGE_LOOP('',(#4017,#4018,#4019,#4020));
#4017 = ORIENTED_EDGE('',*,*,#2283,.T.);
#4018 = ORIENTED_EDGE('',*,*,#4001,.T.);
#4019 = ORIENTED_EDGE('',*,*,#2385,.F.);
#4020 = ORIENTED_EDGE('',*,*,#4021,.F.);
#4021 = EDGE_CURVE('',#2276,#2378,#4022,.T.);
#4022 = LINE('',#4023,#4024);
#4023 = CARTESIAN_POINT('',(-2.429496640897,1.7,0.2479055467));
#4024 = VECTOR('',#4025,1.);
#4025 = DIRECTION('',(1.144237745222E-17,1.,0.));
#4026 = CYLINDRICAL_SURFACE('',#4027,0.3);
#4027 = AXIS2_PLACEMENT_3D('',#4028,#4029,#4030);
#4028 = CARTESIAN_POINT('',(-2.724938966801,1.7,0.3));
#4029 = DIRECTION('',(-1.144237745222E-17,-1.,0.));
#4030 = DIRECTION('',(0.984807753012,-1.126854202784E-17,-0.173648177667
    ));
#4031 = ADVANCED_FACE('',(#4032),#4038,.F.);
#4032 = FACE_BOUND('',#4033,.F.);
#4033 = EDGE_LOOP('',(#4034,#4035,#4036,#4037));
#4034 = ORIENTED_EDGE('',*,*,#2359,.T.);
#4035 = ORIENTED_EDGE('',*,*,#2377,.T.);
#4036 = ORIENTED_EDGE('',*,*,#4021,.F.);
#4037 = ORIENTED_EDGE('',*,*,#2275,.F.);
#4038 = PLANE('',#4039);
#4039 = AXIS2_PLACEMENT_3D('',#4040,#4041,#4042);
#4040 = CARTESIAN_POINT('',(-2.348480775301,1.7,0.742364817767));
#4041 = DIRECTION('',(-0.986841372087,1.129181146488E-17,0.161691392282)
  );
#4042 = DIRECTION('',(-0.161691392282,1.85013394127E-18,-0.986841372087)
  );
#4043 = ADVANCED_FACE('',(#4044),#4055,.F.);
#4044 = FACE_BOUND('',#4045,.F.);
#4045 = EDGE_LOOP('',(#4046,#4052,#4053,#4054));
#4046 = ORIENTED_EDGE('',*,*,#4047,.T.);
#4047 = EDGE_CURVE('',#2504,#2606,#4048,.T.);
#4048 = LINE('',#4049,#4050);
#4049 = CARTESIAN_POINT('',(2.6264581915,2.11,0.282635182233));
#4050 = VECTOR('',#4051,1.);
#4051 = DIRECTION('',(1.110223024625E-16,-1.,0.));
#4052 = ORIENTED_EDGE('',*,*,#2614,.T.);
#4053 = ORIENTED_EDGE('',*,*,#3514,.F.);
#4054 = ORIENTED_EDGE('',*,*,#2512,.F.);
#4055 = PLANE('',#4056);
#4056 = AXIS2_PLACEMENT_3D('',#4057,#4058,#4059);
#4057 = CARTESIAN_POINT('',(2.6264581915,2.11,0.282635182233));
#4058 = DIRECTION('',(-0.986841372087,-1.095614012943E-16,
    -0.161691392282));
#4059 = DIRECTION('',(-0.161691392282,-1.795135065956E-17,0.986841372087
    ));
#4060 = ADVANCED_FACE('',(#4061),#4072,.F.);
#4061 = FACE_BOUND('',#4062,.F.);
#4062 = EDGE_LOOP('',(#4063,#4069,#4070,#4071));
#4063 = ORIENTED_EDGE('',*,*,#4064,.T.);
#4064 = EDGE_CURVE('',#2496,#2598,#4065,.T.);
#4065 = LINE('',#4066,#4067);
#4066 = CARTESIAN_POINT('',(2.724938966801,2.11,0.2));
#4067 = VECTOR('',#4068,1.);
#4068 = DIRECTION('',(1.110223024625E-16,-1.,0.));
#4069 = ORIENTED_EDGE('',*,*,#2605,.T.);
#4070 = ORIENTED_EDGE('',*,*,#4047,.F.);
#4071 = ORIENTED_EDGE('',*,*,#2503,.F.);
#4072 = CYLINDRICAL_SURFACE('',#4073,0.1);
#4073 = AXIS2_PLACEMENT_3D('',#4074,#4075,#4076);
#4074 = CARTESIAN_POINT('',(2.724938966801,2.11,0.3));
#4075 = DIRECTION('',(-1.110223024625E-16,1.,0.));
#4076 = DIRECTION('',(0.,0.,-1.));
#4077 = ADVANCED_FACE('',(#4078),#4089,.F.);
#4078 = FACE_BOUND('',#4079,.F.);
#4079 = EDGE_LOOP('',(#4080,#4086,#4087,#4088));
#4080 = ORIENTED_EDGE('',*,*,#4081,.T.);
#4081 = EDGE_CURVE('',#2488,#2590,#4082,.T.);
#4082 = LINE('',#4083,#4084);
#4083 = CARTESIAN_POINT('',(3.,2.11,0.2));
#4084 = VECTOR('',#4085,1.);
#4085 = DIRECTION('',(1.110223024625E-16,-1.,0.));
#4086 = ORIENTED_EDGE('',*,*,#2597,.T.);
#4087 = ORIENTED_EDGE('',*,*,#4064,.F.);
#4088 = ORIENTED_EDGE('',*,*,#2495,.F.);
#4089 = PLANE('',#4090);
#4090 = AXIS2_PLACEMENT_3D('',#4091,#4092,#4093);
#4091 = CARTESIAN_POINT('',(3.,2.11,0.2));
#4092 = DIRECTION('',(0.,0.,-1.));
#4093 = DIRECTION('',(-1.,-1.110223024625E-16,-0.));
#4094 = ADVANCED_FACE('',(#4095),#4106,.F.);
#4095 = FACE_BOUND('',#4096,.F.);
#4096 = EDGE_LOOP('',(#4097,#4103,#4104,#4105));
#4097 = ORIENTED_EDGE('',*,*,#4098,.T.);
#4098 = EDGE_CURVE('',#2480,#2582,#4099,.T.);
#4099 = LINE('',#4100,#4101);
#4100 = CARTESIAN_POINT('',(3.,2.11,-1.665334536938E-16));
#4101 = VECTOR('',#4102,1.);
#4102 = DIRECTION('',(1.110223024625E-16,-1.,0.));
#4103 = ORIENTED_EDGE('',*,*,#2589,.T.);
#4104 = ORIENTED_EDGE('',*,*,#4081,.F.);
#4105 = ORIENTED_EDGE('',*,*,#2487,.F.);
#4106 = PLANE('',#4107);
#4107 = AXIS2_PLACEMENT_3D('',#4108,#4109,#4110);
#4108 = CARTESIAN_POINT('',(3.,2.11,-1.665334536938E-16));
#4109 = DIRECTION('',(-1.,-1.110223024625E-16,0.));
#4110 = DIRECTION('',(0.,0.,1.));
#4111 = ADVANCED_FACE('',(#4112),#4123,.F.);
#4112 = FACE_BOUND('',#4113,.F.);
#4113 = EDGE_LOOP('',(#4114,#4120,#4121,#4122));
#4114 = ORIENTED_EDGE('',*,*,#4115,.T.);
#4115 = EDGE_CURVE('',#2471,#2573,#4116,.T.);
#4116 = LINE('',#4117,#4118);
#4117 = CARTESIAN_POINT('',(2.724938966801,2.11,-1.665334536938E-16));
#4118 = VECTOR('',#4119,1.);
#4119 = DIRECTION('',(1.110223024625E-16,-1.,0.));
#4120 = ORIENTED_EDGE('',*,*,#2581,.T.);
#4121 = ORIENTED_EDGE('',*,*,#4098,.F.);
#4122 = ORIENTED_EDGE('',*,*,#2479,.F.);
#4123 = PLANE('',#4124);
#4124 = AXIS2_PLACEMENT_3D('',#4125,#4126,#4127);
#4125 = CARTESIAN_POINT('',(2.724938966801,2.11,-1.665334536938E-16));
#4126 = DIRECTION('',(0.,0.,1.));
#4127 = DIRECTION('',(1.,1.110223024625E-16,-0.));
#4128 = ADVANCED_FACE('',(#4129),#4140,.T.);
#4129 = FACE_BOUND('',#4130,.T.);
#4130 = EDGE_LOOP('',(#4131,#4132,#4133,#4134));
#4131 = ORIENTED_EDGE('',*,*,#2470,.T.);
#4132 = ORIENTED_EDGE('',*,*,#4115,.T.);
#4133 = ORIENTED_EDGE('',*,*,#2572,.F.);
#4134 = ORIENTED_EDGE('',*,*,#4135,.F.);
#4135 = EDGE_CURVE('',#2463,#2565,#4136,.T.);
#4136 = LINE('',#4137,#4138);
#4137 = CARTESIAN_POINT('',(2.429496640897,2.11,0.2479055467));
#4138 = VECTOR('',#4139,1.);
#4139 = DIRECTION('',(1.110223024625E-16,-1.,0.));
#4140 = CYLINDRICAL_SURFACE('',#4141,0.3);
#4141 = AXIS2_PLACEMENT_3D('',#4142,#4143,#4144);
#4142 = CARTESIAN_POINT('',(2.724938966801,2.11,0.3));
#4143 = DIRECTION('',(-1.110223024625E-16,1.,0.));
#4144 = DIRECTION('',(-0.984807753012,-1.093356242223E-16,
    -0.173648177667));
#4145 = ADVANCED_FACE('',(#4146),#4152,.F.);
#4146 = FACE_BOUND('',#4147,.F.);
#4147 = EDGE_LOOP('',(#4148,#4149,#4150,#4151));
#4148 = ORIENTED_EDGE('',*,*,#2546,.T.);
#4149 = ORIENTED_EDGE('',*,*,#2564,.T.);
#4150 = ORIENTED_EDGE('',*,*,#4135,.F.);
#4151 = ORIENTED_EDGE('',*,*,#2462,.F.);
#4152 = PLANE('',#4153);
#4153 = AXIS2_PLACEMENT_3D('',#4154,#4155,#4156);
#4154 = CARTESIAN_POINT('',(2.348480775301,2.11,0.742364817767));
#4155 = DIRECTION('',(0.986841372087,1.095614012943E-16,0.161691392282)
  );
#4156 = DIRECTION('',(0.161691392282,1.795135065956E-17,-0.986841372087)
  );
#4157 = ADVANCED_FACE('',(#4158),#4169,.T.);
#4158 = FACE_BOUND('',#4159,.T.);
#4159 = EDGE_LOOP('',(#4160,#4161,#4162,#4163));
#4160 = ORIENTED_EDGE('',*,*,#2724,.T.);
#4161 = ORIENTED_EDGE('',*,*,#3439,.T.);
#4162 = ORIENTED_EDGE('',*,*,#2833,.F.);
#4163 = ORIENTED_EDGE('',*,*,#4164,.F.);
#4164 = EDGE_CURVE('',#2717,#2826,#4165,.T.);
#4165 = LINE('',#4166,#4167);
#4166 = CARTESIAN_POINT('',(2.545442325904,0.84,0.7770944533));
#4167 = VECTOR('',#4168,1.);
#4168 = DIRECTION('',(1.110223024625E-16,-1.,0.));
#4169 = CYLINDRICAL_SURFACE('',#4170,0.3);
#4170 = AXIS2_PLACEMENT_3D('',#4171,#4172,#4173);
#4171 = CARTESIAN_POINT('',(2.25,0.84,0.725));
#4172 = DIRECTION('',(-1.110223024625E-16,1.,0.));
#4173 = DIRECTION('',(0.984807753012,1.093356242223E-16,0.173648177667)
  );
#4174 = ADVANCED_FACE('',(#4175),#4186,.F.);
#4175 = FACE_BOUND('',#4176,.F.);
#4176 = EDGE_LOOP('',(#4177,#4183,#4184,#4185));
#4177 = ORIENTED_EDGE('',*,*,#4178,.T.);
#4178 = EDGE_CURVE('',#2708,#2817,#4179,.T.);
#4179 = LINE('',#4180,#4181);
#4180 = CARTESIAN_POINT('',(2.6264581915,0.84,0.282635182233));
#4181 = VECTOR('',#4182,1.);
#4182 = DIRECTION('',(1.110223024625E-16,-1.,0.));
#4183 = ORIENTED_EDGE('',*,*,#2825,.T.);
#4184 = ORIENTED_EDGE('',*,*,#4164,.F.);
#4185 = ORIENTED_EDGE('',*,*,#2716,.F.);
#4186 = PLANE('',#4187);
#4187 = AXIS2_PLACEMENT_3D('',#4188,#4189,#4190);
#4188 = CARTESIAN_POINT('',(2.6264581915,0.84,0.282635182233));
#4189 = DIRECTION('',(-0.986841372087,-1.095614012943E-16,
    -0.161691392282));
#4190 = DIRECTION('',(-0.161691392282,-1.795135065956E-17,0.986841372087
    ));
#4191 = ADVANCED_FACE('',(#4192),#4203,.F.);
#4192 = FACE_BOUND('',#4193,.F.);
#4193 = EDGE_LOOP('',(#4194,#4200,#4201,#4202));
#4194 = ORIENTED_EDGE('',*,*,#4195,.T.);
#4195 = EDGE_CURVE('',#2700,#2809,#4196,.T.);
#4196 = LINE('',#4197,#4198);
#4197 = CARTESIAN_POINT('',(2.724938966801,0.84,0.2));
#4198 = VECTOR('',#4199,1.);
#4199 = DIRECTION('',(1.110223024625E-16,-1.,0.));
#4200 = ORIENTED_EDGE('',*,*,#2816,.T.);
#4201 = ORIENTED_EDGE('',*,*,#4178,.F.);
#4202 = ORIENTED_EDGE('',*,*,#2707,.F.);
#4203 = CYLINDRICAL_SURFACE('',#4204,0.1);
#4204 = AXIS2_PLACEMENT_3D('',#4205,#4206,#4207);
#4205 = CARTESIAN_POINT('',(2.724938966801,0.84,0.3));
#4206 = DIRECTION('',(-1.110223024625E-16,1.,0.));
#4207 = DIRECTION('',(0.,0.,-1.));
#4208 = ADVANCED_FACE('',(#4209),#4220,.F.);
#4209 = FACE_BOUND('',#4210,.F.);
#4210 = EDGE_LOOP('',(#4211,#4217,#4218,#4219));
#4211 = ORIENTED_EDGE('',*,*,#4212,.T.);
#4212 = EDGE_CURVE('',#2692,#2801,#4213,.T.);
#4213 = LINE('',#4214,#4215);
#4214 = CARTESIAN_POINT('',(3.,0.84,0.2));
#4215 = VECTOR('',#4216,1.);
#4216 = DIRECTION('',(1.110223024625E-16,-1.,0.));
#4217 = ORIENTED_EDGE('',*,*,#2808,.T.);
#4218 = ORIENTED_EDGE('',*,*,#4195,.F.);
#4219 = ORIENTED_EDGE('',*,*,#2699,.F.);
#4220 = PLANE('',#4221);
#4221 = AXIS2_PLACEMENT_3D('',#4222,#4223,#4224);
#4222 = CARTESIAN_POINT('',(3.,0.84,0.2));
#4223 = DIRECTION('',(0.,0.,-1.));
#4224 = DIRECTION('',(-1.,-1.110223024625E-16,-0.));
#4225 = ADVANCED_FACE('',(#4226),#4237,.F.);
#4226 = FACE_BOUND('',#4227,.F.);
#4227 = EDGE_LOOP('',(#4228,#4234,#4235,#4236));
#4228 = ORIENTED_EDGE('',*,*,#4229,.T.);
#4229 = EDGE_CURVE('',#2684,#2793,#4230,.T.);
#4230 = LINE('',#4231,#4232);
#4231 = CARTESIAN_POINT('',(3.,0.84,-1.665334536938E-16));
#4232 = VECTOR('',#4233,1.);
#4233 = DIRECTION('',(1.110223024625E-16,-1.,0.));
#4234 = ORIENTED_EDGE('',*,*,#2800,.T.);
#4235 = ORIENTED_EDGE('',*,*,#4212,.F.);
#4236 = ORIENTED_EDGE('',*,*,#2691,.F.);
#4237 = PLANE('',#4238);
#4238 = AXIS2_PLACEMENT_3D('',#4239,#4240,#4241);
#4239 = CARTESIAN_POINT('',(3.,0.84,-1.665334536938E-16));
#4240 = DIRECTION('',(-1.,-1.110223024625E-16,0.));
#4241 = DIRECTION('',(0.,0.,1.));
#4242 = ADVANCED_FACE('',(#4243),#4254,.F.);
#4243 = FACE_BOUND('',#4244,.F.);
#4244 = EDGE_LOOP('',(#4245,#4251,#4252,#4253));
#4245 = ORIENTED_EDGE('',*,*,#4246,.T.);
#4246 = EDGE_CURVE('',#2675,#2784,#4247,.T.);
#4247 = LINE('',#4248,#4249);
#4248 = CARTESIAN_POINT('',(2.724938966801,0.84,-1.665334536938E-16));
#4249 = VECTOR('',#4250,1.);
#4250 = DIRECTION('',(1.110223024625E-16,-1.,0.));
#4251 = ORIENTED_EDGE('',*,*,#2792,.T.);
#4252 = ORIENTED_EDGE('',*,*,#4229,.F.);
#4253 = ORIENTED_EDGE('',*,*,#2683,.F.);
#4254 = PLANE('',#4255);
#4255 = AXIS2_PLACEMENT_3D('',#4256,#4257,#4258);
#4256 = CARTESIAN_POINT('',(2.724938966801,0.84,-1.665334536938E-16));
#4257 = DIRECTION('',(0.,0.,1.));
#4258 = DIRECTION('',(1.,1.110223024625E-16,-0.));
#4259 = ADVANCED_FACE('',(#4260),#4271,.T.);
#4260 = FACE_BOUND('',#4261,.T.);
#4261 = EDGE_LOOP('',(#4262,#4263,#4264,#4265));
#4262 = ORIENTED_EDGE('',*,*,#2674,.T.);
#4263 = ORIENTED_EDGE('',*,*,#4246,.T.);
#4264 = ORIENTED_EDGE('',*,*,#2783,.F.);
#4265 = ORIENTED_EDGE('',*,*,#4266,.F.);
#4266 = EDGE_CURVE('',#2667,#2776,#4267,.T.);
#4267 = LINE('',#4268,#4269);
#4268 = CARTESIAN_POINT('',(2.429496640897,0.84,0.2479055467));
#4269 = VECTOR('',#4270,1.);
#4270 = DIRECTION('',(1.110223024625E-16,-1.,0.));
#4271 = CYLINDRICAL_SURFACE('',#4272,0.3);
#4272 = AXIS2_PLACEMENT_3D('',#4273,#4274,#4275);
#4273 = CARTESIAN_POINT('',(2.724938966801,0.84,0.3));
#4274 = DIRECTION('',(-1.110223024625E-16,1.,0.));
#4275 = DIRECTION('',(-0.984807753012,-1.093356242223E-16,
    -0.173648177667));
#4276 = ADVANCED_FACE('',(#4277),#4283,.F.);
#4277 = FACE_BOUND('',#4278,.F.);
#4278 = EDGE_LOOP('',(#4279,#4280,#4281,#4282));
#4279 = ORIENTED_EDGE('',*,*,#2757,.T.);
#4280 = ORIENTED_EDGE('',*,*,#2775,.T.);
#4281 = ORIENTED_EDGE('',*,*,#4266,.F.);
#4282 = ORIENTED_EDGE('',*,*,#2666,.F.);
#4283 = PLANE('',#4284);
#4284 = AXIS2_PLACEMENT_3D('',#4285,#4286,#4287);
#4285 = CARTESIAN_POINT('',(2.348480775301,0.84,0.742364817767));
#4286 = DIRECTION('',(0.986841372087,1.095614012943E-16,0.161691392282)
  );
#4287 = DIRECTION('',(0.161691392282,1.795135065956E-17,-0.986841372087)
  );
#4288 = ADVANCED_FACE('',(#4289),#4300,.T.);
#4289 = FACE_BOUND('',#4290,.T.);
#4290 = EDGE_LOOP('',(#4291,#4292,#4293,#4294));
#4291 = ORIENTED_EDGE('',*,*,#2947,.T.);
#4292 = ORIENTED_EDGE('',*,*,#3458,.T.);
#4293 = ORIENTED_EDGE('',*,*,#3056,.F.);
#4294 = ORIENTED_EDGE('',*,*,#4295,.F.);
#4295 = EDGE_CURVE('',#2940,#3049,#4296,.T.);
#4296 = LINE('',#4297,#4298);
#4297 = CARTESIAN_POINT('',(2.545442325904,-0.43,0.7770944533));
#4298 = VECTOR('',#4299,1.);
#4299 = DIRECTION('',(1.110223024625E-16,-1.,0.));
#4300 = CYLINDRICAL_SURFACE('',#4301,0.3);
#4301 = AXIS2_PLACEMENT_3D('',#4302,#4303,#4304);
#4302 = CARTESIAN_POINT('',(2.25,-0.43,0.725));
#4303 = DIRECTION('',(-1.110223024625E-16,1.,0.));
#4304 = DIRECTION('',(0.984807753012,1.093356242223E-16,0.173648177667)
  );
#4305 = ADVANCED_FACE('',(#4306),#4317,.F.);
#4306 = FACE_BOUND('',#4307,.F.);
#4307 = EDGE_LOOP('',(#4308,#4314,#4315,#4316));
#4308 = ORIENTED_EDGE('',*,*,#4309,.T.);
#4309 = EDGE_CURVE('',#2931,#3040,#4310,.T.);
#4310 = LINE('',#4311,#4312);
#4311 = CARTESIAN_POINT('',(2.6264581915,-0.43,0.282635182233));
#4312 = VECTOR('',#4313,1.);
#4313 = DIRECTION('',(1.110223024625E-16,-1.,0.));
#4314 = ORIENTED_EDGE('',*,*,#3048,.T.);
#4315 = ORIENTED_EDGE('',*,*,#4295,.F.);
#4316 = ORIENTED_EDGE('',*,*,#2939,.F.);
#4317 = PLANE('',#4318);
#4318 = AXIS2_PLACEMENT_3D('',#4319,#4320,#4321);
#4319 = CARTESIAN_POINT('',(2.6264581915,-0.43,0.282635182233));
#4320 = DIRECTION('',(-0.986841372087,-1.095614012943E-16,
    -0.161691392282));
#4321 = DIRECTION('',(-0.161691392282,-1.795135065956E-17,0.986841372087
    ));
#4322 = ADVANCED_FACE('',(#4323),#4334,.F.);
#4323 = FACE_BOUND('',#4324,.F.);
#4324 = EDGE_LOOP('',(#4325,#4331,#4332,#4333));
#4325 = ORIENTED_EDGE('',*,*,#4326,.T.);
#4326 = EDGE_CURVE('',#2923,#3032,#4327,.T.);
#4327 = LINE('',#4328,#4329);
#4328 = CARTESIAN_POINT('',(2.724938966801,-0.43,0.2));
#4329 = VECTOR('',#4330,1.);
#4330 = DIRECTION('',(1.110223024625E-16,-1.,0.));
#4331 = ORIENTED_EDGE('',*,*,#3039,.T.);
#4332 = ORIENTED_EDGE('',*,*,#4309,.F.);
#4333 = ORIENTED_EDGE('',*,*,#2930,.F.);
#4334 = CYLINDRICAL_SURFACE('',#4335,0.1);
#4335 = AXIS2_PLACEMENT_3D('',#4336,#4337,#4338);
#4336 = CARTESIAN_POINT('',(2.724938966801,-0.43,0.3));
#4337 = DIRECTION('',(-1.110223024625E-16,1.,0.));
#4338 = DIRECTION('',(0.,0.,-1.));
#4339 = ADVANCED_FACE('',(#4340),#4351,.F.);
#4340 = FACE_BOUND('',#4341,.F.);
#4341 = EDGE_LOOP('',(#4342,#4348,#4349,#4350));
#4342 = ORIENTED_EDGE('',*,*,#4343,.T.);
#4343 = EDGE_CURVE('',#2915,#3024,#4344,.T.);
#4344 = LINE('',#4345,#4346);
#4345 = CARTESIAN_POINT('',(3.,-0.43,0.2));
#4346 = VECTOR('',#4347,1.);
#4347 = DIRECTION('',(1.110223024625E-16,-1.,0.));
#4348 = ORIENTED_EDGE('',*,*,#3031,.T.);
#4349 = ORIENTED_EDGE('',*,*,#4326,.F.);
#4350 = ORIENTED_EDGE('',*,*,#2922,.F.);
#4351 = PLANE('',#4352);
#4352 = AXIS2_PLACEMENT_3D('',#4353,#4354,#4355);
#4353 = CARTESIAN_POINT('',(3.,-0.43,0.2));
#4354 = DIRECTION('',(0.,0.,-1.));
#4355 = DIRECTION('',(-1.,-1.110223024625E-16,-0.));
#4356 = ADVANCED_FACE('',(#4357),#4368,.F.);
#4357 = FACE_BOUND('',#4358,.F.);
#4358 = EDGE_LOOP('',(#4359,#4365,#4366,#4367));
#4359 = ORIENTED_EDGE('',*,*,#4360,.T.);
#4360 = EDGE_CURVE('',#2907,#3016,#4361,.T.);
#4361 = LINE('',#4362,#4363);
#4362 = CARTESIAN_POINT('',(3.,-0.43,-1.665334536938E-16));
#4363 = VECTOR('',#4364,1.);
#4364 = DIRECTION('',(1.110223024625E-16,-1.,0.));
#4365 = ORIENTED_EDGE('',*,*,#3023,.T.);
#4366 = ORIENTED_EDGE('',*,*,#4343,.F.);
#4367 = ORIENTED_EDGE('',*,*,#2914,.F.);
#4368 = PLANE('',#4369);
#4369 = AXIS2_PLACEMENT_3D('',#4370,#4371,#4372);
#4370 = CARTESIAN_POINT('',(3.,-0.43,-1.665334536938E-16));
#4371 = DIRECTION('',(-1.,-1.110223024625E-16,0.));
#4372 = DIRECTION('',(0.,0.,1.));
#4373 = ADVANCED_FACE('',(#4374),#4385,.F.);
#4374 = FACE_BOUND('',#4375,.F.);
#4375 = EDGE_LOOP('',(#4376,#4382,#4383,#4384));
#4376 = ORIENTED_EDGE('',*,*,#4377,.T.);
#4377 = EDGE_CURVE('',#2898,#3007,#4378,.T.);
#4378 = LINE('',#4379,#4380);
#4379 = CARTESIAN_POINT('',(2.724938966801,-0.43,-1.665334536938E-16));
#4380 = VECTOR('',#4381,1.);
#4381 = DIRECTION('',(1.110223024625E-16,-1.,0.));
#4382 = ORIENTED_EDGE('',*,*,#3015,.T.);
#4383 = ORIENTED_EDGE('',*,*,#4360,.F.);
#4384 = ORIENTED_EDGE('',*,*,#2906,.F.);
#4385 = PLANE('',#4386);
#4386 = AXIS2_PLACEMENT_3D('',#4387,#4388,#4389);
#4387 = CARTESIAN_POINT('',(2.724938966801,-0.43,-1.665334536938E-16));
#4388 = DIRECTION('',(0.,0.,1.));
#4389 = DIRECTION('',(1.,1.110223024625E-16,-0.));
#4390 = ADVANCED_FACE('',(#4391),#4402,.T.);
#4391 = FACE_BOUND('',#4392,.T.);
#4392 = EDGE_LOOP('',(#4393,#4394,#4395,#4396));
#4393 = ORIENTED_EDGE('',*,*,#2897,.T.);
#4394 = ORIENTED_EDGE('',*,*,#4377,.T.);
#4395 = ORIENTED_EDGE('',*,*,#3006,.F.);
#4396 = ORIENTED_EDGE('',*,*,#4397,.F.);
#4397 = EDGE_CURVE('',#2890,#2999,#4398,.T.);
#4398 = LINE('',#4399,#4400);
#4399 = CARTESIAN_POINT('',(2.429496640897,-0.43,0.2479055467));
#4400 = VECTOR('',#4401,1.);
#4401 = DIRECTION('',(1.110223024625E-16,-1.,0.));
#4402 = CYLINDRICAL_SURFACE('',#4403,0.3);
#4403 = AXIS2_PLACEMENT_3D('',#4404,#4405,#4406);
#4404 = CARTESIAN_POINT('',(2.724938966801,-0.43,0.3));
#4405 = DIRECTION('',(-1.110223024625E-16,1.,0.));
#4406 = DIRECTION('',(-0.984807753012,-1.093356242223E-16,
    -0.173648177667));
#4407 = ADVANCED_FACE('',(#4408),#4414,.F.);
#4408 = FACE_BOUND('',#4409,.F.);
#4409 = EDGE_LOOP('',(#4410,#4411,#4412,#4413));
#4410 = ORIENTED_EDGE('',*,*,#2980,.T.);
#4411 = ORIENTED_EDGE('',*,*,#2998,.T.);
#4412 = ORIENTED_EDGE('',*,*,#4397,.F.);
#4413 = ORIENTED_EDGE('',*,*,#2889,.F.);
#4414 = PLANE('',#4415);
#4415 = AXIS2_PLACEMENT_3D('',#4416,#4417,#4418);
#4416 = CARTESIAN_POINT('',(2.348480775301,-0.43,0.742364817767));
#4417 = DIRECTION('',(0.986841372087,1.095614012943E-16,0.161691392282)
  );
#4418 = DIRECTION('',(0.161691392282,1.795135065956E-17,-0.986841372087)
  );
#4419 = ADVANCED_FACE('',(#4420),#4431,.T.);
#4420 = FACE_BOUND('',#4421,.T.);
#4421 = EDGE_LOOP('',(#4422,#4423,#4424,#4425));
#4422 = ORIENTED_EDGE('',*,*,#3170,.T.);
#4423 = ORIENTED_EDGE('',*,*,#3477,.T.);
#4424 = ORIENTED_EDGE('',*,*,#3279,.F.);
#4425 = ORIENTED_EDGE('',*,*,#4426,.F.);
#4426 = EDGE_CURVE('',#3163,#3272,#4427,.T.);
#4427 = LINE('',#4428,#4429);
#4428 = CARTESIAN_POINT('',(2.545442325904,-1.7,0.7770944533));
#4429 = VECTOR('',#4430,1.);
#4430 = DIRECTION('',(1.110223024625E-16,-1.,0.));
#4431 = CYLINDRICAL_SURFACE('',#4432,0.3);
#4432 = AXIS2_PLACEMENT_3D('',#4433,#4434,#4435);
#4433 = CARTESIAN_POINT('',(2.25,-1.7,0.725));
#4434 = DIRECTION('',(-1.110223024625E-16,1.,0.));
#4435 = DIRECTION('',(0.984807753012,1.093356242223E-16,0.173648177667)
  );
#4436 = ADVANCED_FACE('',(#4437),#4448,.F.);
#4437 = FACE_BOUND('',#4438,.F.);
#4438 = EDGE_LOOP('',(#4439,#4445,#4446,#4447));
#4439 = ORIENTED_EDGE('',*,*,#4440,.T.);
#4440 = EDGE_CURVE('',#3154,#3263,#4441,.T.);
#4441 = LINE('',#4442,#4443);
#4442 = CARTESIAN_POINT('',(2.6264581915,-1.7,0.282635182233));
#4443 = VECTOR('',#4444,1.);
#4444 = DIRECTION('',(1.110223024625E-16,-1.,0.));
#4445 = ORIENTED_EDGE('',*,*,#3271,.T.);
#4446 = ORIENTED_EDGE('',*,*,#4426,.F.);
#4447 = ORIENTED_EDGE('',*,*,#3162,.F.);
#4448 = PLANE('',#4449);
#4449 = AXIS2_PLACEMENT_3D('',#4450,#4451,#4452);
#4450 = CARTESIAN_POINT('',(2.6264581915,-1.7,0.282635182233));
#4451 = DIRECTION('',(-0.986841372087,-1.095614012943E-16,
    -0.161691392282));
#4452 = DIRECTION('',(-0.161691392282,-1.795135065956E-17,0.986841372087
    ));
#4453 = ADVANCED_FACE('',(#4454),#4465,.F.);
#4454 = FACE_BOUND('',#4455,.F.);
#4455 = EDGE_LOOP('',(#4456,#4462,#4463,#4464));
#4456 = ORIENTED_EDGE('',*,*,#4457,.T.);
#4457 = EDGE_CURVE('',#3146,#3255,#4458,.T.);
#4458 = LINE('',#4459,#4460);
#4459 = CARTESIAN_POINT('',(2.724938966801,-1.7,0.2));
#4460 = VECTOR('',#4461,1.);
#4461 = DIRECTION('',(1.110223024625E-16,-1.,0.));
#4462 = ORIENTED_EDGE('',*,*,#3262,.T.);
#4463 = ORIENTED_EDGE('',*,*,#4440,.F.);
#4464 = ORIENTED_EDGE('',*,*,#3153,.F.);
#4465 = CYLINDRICAL_SURFACE('',#4466,0.1);
#4466 = AXIS2_PLACEMENT_3D('',#4467,#4468,#4469);
#4467 = CARTESIAN_POINT('',(2.724938966801,-1.7,0.3));
#4468 = DIRECTION('',(-1.110223024625E-16,1.,0.));
#4469 = DIRECTION('',(0.,0.,-1.));
#4470 = ADVANCED_FACE('',(#4471),#4482,.F.);
#4471 = FACE_BOUND('',#4472,.F.);
#4472 = EDGE_LOOP('',(#4473,#4479,#4480,#4481));
#4473 = ORIENTED_EDGE('',*,*,#4474,.T.);
#4474 = EDGE_CURVE('',#3138,#3247,#4475,.T.);
#4475 = LINE('',#4476,#4477);
#4476 = CARTESIAN_POINT('',(3.,-1.7,0.2));
#4477 = VECTOR('',#4478,1.);
#4478 = DIRECTION('',(1.110223024625E-16,-1.,0.));
#4479 = ORIENTED_EDGE('',*,*,#3254,.T.);
#4480 = ORIENTED_EDGE('',*,*,#4457,.F.);
#4481 = ORIENTED_EDGE('',*,*,#3145,.F.);
#4482 = PLANE('',#4483);
#4483 = AXIS2_PLACEMENT_3D('',#4484,#4485,#4486);
#4484 = CARTESIAN_POINT('',(3.,-1.7,0.2));
#4485 = DIRECTION('',(0.,0.,-1.));
#4486 = DIRECTION('',(-1.,-1.110223024625E-16,-0.));
#4487 = ADVANCED_FACE('',(#4488),#4499,.F.);
#4488 = FACE_BOUND('',#4489,.F.);
#4489 = EDGE_LOOP('',(#4490,#4496,#4497,#4498));
#4490 = ORIENTED_EDGE('',*,*,#4491,.T.);
#4491 = EDGE_CURVE('',#3130,#3239,#4492,.T.);
#4492 = LINE('',#4493,#4494);
#4493 = CARTESIAN_POINT('',(3.,-1.7,-1.665334536938E-16));
#4494 = VECTOR('',#4495,1.);
#4495 = DIRECTION('',(1.110223024625E-16,-1.,0.));
#4496 = ORIENTED_EDGE('',*,*,#3246,.T.);
#4497 = ORIENTED_EDGE('',*,*,#4474,.F.);
#4498 = ORIENTED_EDGE('',*,*,#3137,.F.);
#4499 = PLANE('',#4500);
#4500 = AXIS2_PLACEMENT_3D('',#4501,#4502,#4503);
#4501 = CARTESIAN_POINT('',(3.,-1.7,-1.665334536938E-16));
#4502 = DIRECTION('',(-1.,-1.110223024625E-16,0.));
#4503 = DIRECTION('',(0.,0.,1.));
#4504 = ADVANCED_FACE('',(#4505),#4516,.F.);
#4505 = FACE_BOUND('',#4506,.F.);
#4506 = EDGE_LOOP('',(#4507,#4513,#4514,#4515));
#4507 = ORIENTED_EDGE('',*,*,#4508,.T.);
#4508 = EDGE_CURVE('',#3121,#3230,#4509,.T.);
#4509 = LINE('',#4510,#4511);
#4510 = CARTESIAN_POINT('',(2.724938966801,-1.7,-1.665334536938E-16));
#4511 = VECTOR('',#4512,1.);
#4512 = DIRECTION('',(1.110223024625E-16,-1.,0.));
#4513 = ORIENTED_EDGE('',*,*,#3238,.T.);
#4514 = ORIENTED_EDGE('',*,*,#4491,.F.);
#4515 = ORIENTED_EDGE('',*,*,#3129,.F.);
#4516 = PLANE('',#4517);
#4517 = AXIS2_PLACEMENT_3D('',#4518,#4519,#4520);
#4518 = CARTESIAN_POINT('',(2.724938966801,-1.7,-1.665334536938E-16));
#4519 = DIRECTION('',(0.,0.,1.));
#4520 = DIRECTION('',(1.,1.110223024625E-16,-0.));
#4521 = ADVANCED_FACE('',(#4522),#4533,.T.);
#4522 = FACE_BOUND('',#4523,.T.);
#4523 = EDGE_LOOP('',(#4524,#4525,#4526,#4527));
#4524 = ORIENTED_EDGE('',*,*,#3120,.T.);
#4525 = ORIENTED_EDGE('',*,*,#4508,.T.);
#4526 = ORIENTED_EDGE('',*,*,#3229,.F.);
#4527 = ORIENTED_EDGE('',*,*,#4528,.F.);
#4528 = EDGE_CURVE('',#3113,#3222,#4529,.T.);
#4529 = LINE('',#4530,#4531);
#4530 = CARTESIAN_POINT('',(2.429496640897,-1.7,0.2479055467));
#4531 = VECTOR('',#4532,1.);
#4532 = DIRECTION('',(1.110223024625E-16,-1.,0.));
#4533 = CYLINDRICAL_SURFACE('',#4534,0.3);
#4534 = AXIS2_PLACEMENT_3D('',#4535,#4536,#4537);
#4535 = CARTESIAN_POINT('',(2.724938966801,-1.7,0.3));
#4536 = DIRECTION('',(-1.110223024625E-16,1.,0.));
#4537 = DIRECTION('',(-0.984807753012,-1.093356242223E-16,
    -0.173648177667));
#4538 = ADVANCED_FACE('',(#4539),#4545,.F.);
#4539 = FACE_BOUND('',#4540,.F.);
#4540 = EDGE_LOOP('',(#4541,#4542,#4543,#4544));
#4541 = ORIENTED_EDGE('',*,*,#3203,.T.);
#4542 = ORIENTED_EDGE('',*,*,#3221,.T.);
#4543 = ORIENTED_EDGE('',*,*,#4528,.F.);
#4544 = ORIENTED_EDGE('',*,*,#3112,.F.);
#4545 = PLANE('',#4546);
#4546 = AXIS2_PLACEMENT_3D('',#4547,#4548,#4549);
#4547 = CARTESIAN_POINT('',(2.348480775301,-1.7,0.742364817767));
#4548 = DIRECTION('',(0.986841372087,1.095614012943E-16,0.161691392282)
  );
#4549 = DIRECTION('',(0.161691392282,1.795135065956E-17,-0.986841372087)
  );
#4550 = ADVANCED_FACE('',(#4551),#4552,.F.);
#4551 = FACE_BOUND('',#3403,.T.);
#4552 = PLANE('',#4553);
#4553 = AXIS2_PLACEMENT_3D('',#4554,#4555,#4556);
#4554 = CARTESIAN_POINT('',(-1.110171280765,1.610171280765,1.75));
#4555 = DIRECTION('',(0.,0.,-1.));
#4556 = DIRECTION('',(1.110223024625E-16,-1.,0.));
#4557 = ( GEOMETRIC_REPRESENTATION_CONTEXT(3) 
GLOBAL_UNCERTAINTY_ASSIGNED_CONTEXT((#4561)) 
GLOBAL_UNIT_ASSIGNED_CONTEXT((#4558,#4559,#4560)) REPRESENTATION_CONTEXT
('Context #1','3D Context with UNIT and UNCERTAINTY') );
#4558 = ( LENGTH_UNIT() NAMED_UNIT(*) SI_UNIT(.MILLI.,.METRE.) );
#4559 = ( NAMED_UNIT(*) PLANE_ANGLE_UNIT() SI_UNIT($,.RADIAN.) );
#4560 = ( NAMED_UNIT(*) SI_UNIT($,.STERADIAN.) SOLID_ANGLE_UNIT() );
#4561 = UNCERTAINTY_MEASURE_WITH_UNIT(LENGTH_MEASURE(1.E-07),#4558,
  'distance_accuracy_value','confusion accuracy');
#4562 = CONTEXT_DEPENDENT_SHAPE_REPRESENTATION(#4563,#4565);
#4563 = ( REPRESENTATION_RELATIONSHIP('','',#88,#10) 
REPRESENTATION_RELATIONSHIP_WITH_TRANSFORMATION(#4564) 
SHAPE_REPRESENTATION_RELATIONSHIP() );
#4564 = ITEM_DEFINED_TRANSFORMATION('','',#11,#15);
#4565 = PRODUCT_DEFINITION_SHAPE('Placement','Placement of an item',
  #4566);
#4566 = NEXT_ASSEMBLY_USAGE_OCCURRENCE('1','U1','',#5,#83,$);
#4567 = PRODUCT_RELATED_PRODUCT_CATEGORY('part',$,(#85));
#4568 = SHAPE_DEFINITION_REPRESENTATION(#4569,#4575);
#4569 = PRODUCT_DEFINITION_SHAPE('','',#4570);
#4570 = PRODUCT_DEFINITION('design','',#4571,#4574);
#4571 = PRODUCT_DEFINITION_FORMATION('','',#4572);
#4572 = PRODUCT('LED_0603_1608Metric','LED_0603_1608Metric','',(#4573));
#4573 = PRODUCT_CONTEXT('',#2,'mechanical');
#4574 = PRODUCT_DEFINITION_CONTEXT('part definition',#2,'design');
#4575 = ADVANCED_BREP_SHAPE_REPRESENTATION('',(#11,#4576),#6099);
#4576 = MANIFOLD_SOLID_BREP('',#4577);
#4577 = CLOSED_SHELL('',(#4578,#4618,#4665,#4744,#4768,#4808,#4839,#4856
    ,#4889,#4913,#4980,#5101,#5168,#5192,#5223,#5256,#5312,#5336,#5360,
    #5384,#5417,#5429,#5492,#5517,#5534,#5558,#5576,#5594,#5612,#5629,
    #5646,#5677,#5702,#5727,#5751,#5768,#5799,#5823,#5840,#5868,#5893,
    #5917,#5942,#5989,#6006,#6018,#6040,#6052,#6070,#6088));
#4578 = ADVANCED_FACE('',(#4579),#4613,.F.);
#4579 = FACE_BOUND('',#4580,.F.);
#4580 = EDGE_LOOP('',(#4581,#4591,#4599,#4607));
#4581 = ORIENTED_EDGE('',*,*,#4582,.T.);
#4582 = EDGE_CURVE('',#4583,#4585,#4587,.T.);
#4583 = VERTEX_POINT('',#4584);
#4584 = CARTESIAN_POINT('',(-0.5,-0.4,0.47));
#4585 = VERTEX_POINT('',#4586);
#4586 = CARTESIAN_POINT('',(-0.45,-0.4,1.1));
#4587 = LINE('',#4588,#4589);
#4588 = CARTESIAN_POINT('',(-0.5,-0.4,0.47));
#4589 = VECTOR('',#4590,1.);
#4590 = DIRECTION('',(7.911630099815E-02,0.,0.996865392576));
#4591 = ORIENTED_EDGE('',*,*,#4592,.T.);
#4592 = EDGE_CURVE('',#4585,#4593,#4595,.T.);
#4593 = VERTEX_POINT('',#4594);
#4594 = CARTESIAN_POINT('',(0.45,-0.4,1.1));
#4595 = LINE('',#4596,#4597);
#4596 = CARTESIAN_POINT('',(-0.45,-0.4,1.1));
#4597 = VECTOR('',#4598,1.);
#4598 = DIRECTION('',(1.,0.,0.));
#4599 = ORIENTED_EDGE('',*,*,#4600,.T.);
#4600 = EDGE_CURVE('',#4593,#4601,#4603,.T.);
#4601 = VERTEX_POINT('',#4602);
#4602 = CARTESIAN_POINT('',(0.5,-0.4,0.47));
#4603 = LINE('',#4604,#4605);
#4604 = CARTESIAN_POINT('',(0.45,-0.4,1.1));
#4605 = VECTOR('',#4606,1.);
#4606 = DIRECTION('',(7.911630099815E-02,0.,-0.996865392576));
#4607 = ORIENTED_EDGE('',*,*,#4608,.T.);
#4608 = EDGE_CURVE('',#4601,#4583,#4609,.T.);
#4609 = LINE('',#4610,#4611);
#4610 = CARTESIAN_POINT('',(0.5,-0.4,0.47));
#4611 = VECTOR('',#4612,1.);
#4612 = DIRECTION('',(-1.,0.,0.));
#4613 = PLANE('',#4614);
#4614 = AXIS2_PLACEMENT_3D('',#4615,#4616,#4617);
#4615 = CARTESIAN_POINT('',(-8.772411109409E-18,-0.4,0.775044128294));
#4616 = DIRECTION('',(0.,1.,0.));
#4617 = DIRECTION('',(0.,-0.,1.));
#4618 = ADVANCED_FACE('',(#4619),#4660,.T.);
#4619 = FACE_BOUND('',#4620,.T.);
#4620 = EDGE_LOOP('',(#4621,#4631,#4639,#4645,#4646,#4654));
#4621 = ORIENTED_EDGE('',*,*,#4622,.T.);
#4622 = EDGE_CURVE('',#4623,#4625,#4627,.T.);
#4623 = VERTEX_POINT('',#4624);
#4624 = CARTESIAN_POINT('',(-0.5,0.4,0.47));
#4625 = VERTEX_POINT('',#4626);
#4626 = CARTESIAN_POINT('',(-0.5,0.3,0.47));
#4627 = LINE('',#4628,#4629);
#4628 = CARTESIAN_POINT('',(-0.5,0.4,0.47));
#4629 = VECTOR('',#4630,1.);
#4630 = DIRECTION('',(0.,-1.,0.));
#4631 = ORIENTED_EDGE('',*,*,#4632,.F.);
#4632 = EDGE_CURVE('',#4633,#4625,#4635,.T.);
#4633 = VERTEX_POINT('',#4634);
#4634 = CARTESIAN_POINT('',(-0.5,-0.3,0.47));
#4635 = LINE('',#4636,#4637);
#4636 = CARTESIAN_POINT('',(-0.5,-0.4,0.47));
#4637 = VECTOR('',#4638,1.);
#4638 = DIRECTION('',(0.,1.,0.));
#4639 = ORIENTED_EDGE('',*,*,#4640,.T.);
#4640 = EDGE_CURVE('',#4633,#4583,#4641,.T.);
#4641 = LINE('',#4642,#4643);
#4642 = CARTESIAN_POINT('',(-0.5,0.4,0.47));
#4643 = VECTOR('',#4644,1.);
#4644 = DIRECTION('',(0.,-1.,0.));
#4645 = ORIENTED_EDGE('',*,*,#4582,.T.);
#4646 = ORIENTED_EDGE('',*,*,#4647,.F.);
#4647 = EDGE_CURVE('',#4648,#4585,#4650,.T.);
#4648 = VERTEX_POINT('',#4649);
#4649 = CARTESIAN_POINT('',(-0.45,0.4,1.1));
#4650 = LINE('',#4651,#4652);
#4651 = CARTESIAN_POINT('',(-0.45,0.4,1.1));
#4652 = VECTOR('',#4653,1.);
#4653 = DIRECTION('',(0.,-1.,0.));
#4654 = ORIENTED_EDGE('',*,*,#4655,.F.);
#4655 = EDGE_CURVE('',#4623,#4648,#4656,.T.);
#4656 = LINE('',#4657,#4658);
#4657 = CARTESIAN_POINT('',(-0.5,0.4,0.47));
#4658 = VECTOR('',#4659,1.);
#4659 = DIRECTION('',(7.911630099815E-02,0.,0.996865392576));
#4660 = PLANE('',#4661);
#4661 = AXIS2_PLACEMENT_3D('',#4662,#4663,#4664);
#4662 = CARTESIAN_POINT('',(-0.5,0.4,0.47));
#4663 = DIRECTION('',(-0.996865392576,0.,7.911630099815E-02));
#4664 = DIRECTION('',(7.911630099815E-02,0.,0.996865392576));
#4665 = ADVANCED_FACE('',(#4666),#4739,.F.);
#4666 = FACE_BOUND('',#4667,.F.);
#4667 = EDGE_LOOP('',(#4668,#4678,#4686,#4694,#4700,#4701,#4709,#4717,
    #4725,#4733));
#4668 = ORIENTED_EDGE('',*,*,#4669,.F.);
#4669 = EDGE_CURVE('',#4670,#4672,#4674,.T.);
#4670 = VERTEX_POINT('',#4671);
#4671 = CARTESIAN_POINT('',(-0.77,-0.4,3.E-02));
#4672 = VERTEX_POINT('',#4673);
#4673 = CARTESIAN_POINT('',(-0.725,-0.4,3.E-02));
#4674 = LINE('',#4675,#4676);
#4675 = CARTESIAN_POINT('',(-0.77,-0.4,3.E-02));
#4676 = VECTOR('',#4677,1.);
#4677 = DIRECTION('',(1.,0.,0.));
#4678 = ORIENTED_EDGE('',*,*,#4679,.T.);
#4679 = EDGE_CURVE('',#4670,#4680,#4682,.T.);
#4680 = VERTEX_POINT('',#4681);
#4681 = CARTESIAN_POINT('',(-0.77,-0.4,0.47));
#4682 = LINE('',#4683,#4684);
#4683 = CARTESIAN_POINT('',(-0.77,-0.4,3.E-02));
#4684 = VECTOR('',#4685,1.);
#4685 = DIRECTION('',(0.,0.,1.));
#4686 = ORIENTED_EDGE('',*,*,#4687,.T.);
#4687 = EDGE_CURVE('',#4680,#4688,#4690,.T.);
#4688 = VERTEX_POINT('',#4689);
#4689 = CARTESIAN_POINT('',(-0.725,-0.4,0.47));
#4690 = LINE('',#4691,#4692);
#4691 = CARTESIAN_POINT('',(-0.77,-0.4,0.47));
#4692 = VECTOR('',#4693,1.);
#4693 = DIRECTION('',(1.,0.,0.));
#4694 = ORIENTED_EDGE('',*,*,#4695,.T.);
#4695 = EDGE_CURVE('',#4688,#4583,#4696,.T.);
#4696 = LINE('',#4697,#4698);
#4697 = CARTESIAN_POINT('',(-0.77,-0.4,0.47));
#4698 = VECTOR('',#4699,1.);
#4699 = DIRECTION('',(1.,0.,0.));
#4700 = ORIENTED_EDGE('',*,*,#4608,.F.);
#4701 = ORIENTED_EDGE('',*,*,#4702,.T.);
#4702 = EDGE_CURVE('',#4601,#4703,#4705,.T.);
#4703 = VERTEX_POINT('',#4704);
#4704 = CARTESIAN_POINT('',(0.725,-0.4,0.47));
#4705 = LINE('',#4706,#4707);
#4706 = CARTESIAN_POINT('',(-0.77,-0.4,0.47));
#4707 = VECTOR('',#4708,1.);
#4708 = DIRECTION('',(1.,0.,0.));
#4709 = ORIENTED_EDGE('',*,*,#4710,.T.);
#4710 = EDGE_CURVE('',#4703,#4711,#4713,.T.);
#4711 = VERTEX_POINT('',#4712);
#4712 = CARTESIAN_POINT('',(0.77,-0.4,0.47));
#4713 = LINE('',#4714,#4715);
#4714 = CARTESIAN_POINT('',(-0.77,-0.4,0.47));
#4715 = VECTOR('',#4716,1.);
#4716 = DIRECTION('',(1.,0.,0.));
#4717 = ORIENTED_EDGE('',*,*,#4718,.F.);
#4718 = EDGE_CURVE('',#4719,#4711,#4721,.T.);
#4719 = VERTEX_POINT('',#4720);
#4720 = CARTESIAN_POINT('',(0.77,-0.4,3.E-02));
#4721 = LINE('',#4722,#4723);
#4722 = CARTESIAN_POINT('',(0.77,-0.4,3.E-02));
#4723 = VECTOR('',#4724,1.);
#4724 = DIRECTION('',(0.,0.,1.));
#4725 = ORIENTED_EDGE('',*,*,#4726,.F.);
#4726 = EDGE_CURVE('',#4727,#4719,#4729,.T.);
#4727 = VERTEX_POINT('',#4728);
#4728 = CARTESIAN_POINT('',(0.725,-0.4,3.E-02));
#4729 = LINE('',#4730,#4731);
#4730 = CARTESIAN_POINT('',(-0.77,-0.4,3.E-02));
#4731 = VECTOR('',#4732,1.);
#4732 = DIRECTION('',(1.,0.,0.));
#4733 = ORIENTED_EDGE('',*,*,#4734,.F.);
#4734 = EDGE_CURVE('',#4672,#4727,#4735,.T.);
#4735 = LINE('',#4736,#4737);
#4736 = CARTESIAN_POINT('',(-0.77,-0.4,3.E-02));
#4737 = VECTOR('',#4738,1.);
#4738 = DIRECTION('',(1.,0.,0.));
#4739 = PLANE('',#4740);
#4740 = AXIS2_PLACEMENT_3D('',#4741,#4742,#4743);
#4741 = CARTESIAN_POINT('',(-0.77,-0.4,3.E-02));
#4742 = DIRECTION('',(0.,1.,0.));
#4743 = DIRECTION('',(0.,-0.,1.));
#4744 = ADVANCED_FACE('',(#4745),#4763,.T.);
#4745 = FACE_BOUND('',#4746,.T.);
#4746 = EDGE_LOOP('',(#4747,#4748,#4749,#4757));
#4747 = ORIENTED_EDGE('',*,*,#4647,.T.);
#4748 = ORIENTED_EDGE('',*,*,#4592,.T.);
#4749 = ORIENTED_EDGE('',*,*,#4750,.F.);
#4750 = EDGE_CURVE('',#4751,#4593,#4753,.T.);
#4751 = VERTEX_POINT('',#4752);
#4752 = CARTESIAN_POINT('',(0.45,0.4,1.1));
#4753 = LINE('',#4754,#4755);
#4754 = CARTESIAN_POINT('',(0.45,0.4,1.1));
#4755 = VECTOR('',#4756,1.);
#4756 = DIRECTION('',(0.,-1.,0.));
#4757 = ORIENTED_EDGE('',*,*,#4758,.F.);
#4758 = EDGE_CURVE('',#4648,#4751,#4759,.T.);
#4759 = LINE('',#4760,#4761);
#4760 = CARTESIAN_POINT('',(-0.45,0.4,1.1));
#4761 = VECTOR('',#4762,1.);
#4762 = DIRECTION('',(1.,0.,0.));
#4763 = PLANE('',#4764);
#4764 = AXIS2_PLACEMENT_3D('',#4765,#4766,#4767);
#4765 = CARTESIAN_POINT('',(-0.45,0.4,1.1));
#4766 = DIRECTION('',(0.,0.,1.));
#4767 = DIRECTION('',(1.,0.,-0.));
#4768 = ADVANCED_FACE('',(#4769),#4803,.T.);
#4769 = FACE_BOUND('',#4770,.T.);
#4770 = EDGE_LOOP('',(#4771,#4772,#4773,#4781,#4789,#4797));
#4771 = ORIENTED_EDGE('',*,*,#4750,.T.);
#4772 = ORIENTED_EDGE('',*,*,#4600,.T.);
#4773 = ORIENTED_EDGE('',*,*,#4774,.F.);
#4774 = EDGE_CURVE('',#4775,#4601,#4777,.T.);
#4775 = VERTEX_POINT('',#4776);
#4776 = CARTESIAN_POINT('',(0.5,-0.3,0.47));
#4777 = LINE('',#4778,#4779);
#4778 = CARTESIAN_POINT('',(0.5,0.4,0.47));
#4779 = VECTOR('',#4780,1.);
#4780 = DIRECTION('',(0.,-1.,0.));
#4781 = ORIENTED_EDGE('',*,*,#4782,.T.);
#4782 = EDGE_CURVE('',#4775,#4783,#4785,.T.);
#4783 = VERTEX_POINT('',#4784);
#4784 = CARTESIAN_POINT('',(0.5,0.3,0.47));
#4785 = LINE('',#4786,#4787);
#4786 = CARTESIAN_POINT('',(0.5,-0.4,0.47));
#4787 = VECTOR('',#4788,1.);
#4788 = DIRECTION('',(0.,1.,0.));
#4789 = ORIENTED_EDGE('',*,*,#4790,.F.);
#4790 = EDGE_CURVE('',#4791,#4783,#4793,.T.);
#4791 = VERTEX_POINT('',#4792);
#4792 = CARTESIAN_POINT('',(0.5,0.4,0.47));
#4793 = LINE('',#4794,#4795);
#4794 = CARTESIAN_POINT('',(0.5,0.4,0.47));
#4795 = VECTOR('',#4796,1.);
#4796 = DIRECTION('',(0.,-1.,0.));
#4797 = ORIENTED_EDGE('',*,*,#4798,.F.);
#4798 = EDGE_CURVE('',#4751,#4791,#4799,.T.);
#4799 = LINE('',#4800,#4801);
#4800 = CARTESIAN_POINT('',(0.45,0.4,1.1));
#4801 = VECTOR('',#4802,1.);
#4802 = DIRECTION('',(7.911630099815E-02,0.,-0.996865392576));
#4803 = PLANE('',#4804);
#4804 = AXIS2_PLACEMENT_3D('',#4805,#4806,#4807);
#4805 = CARTESIAN_POINT('',(0.45,0.4,1.1));
#4806 = DIRECTION('',(0.996865392576,0.,7.911630099815E-02));
#4807 = DIRECTION('',(7.911630099815E-02,0.,-0.996865392576));
#4808 = ADVANCED_FACE('',(#4809),#4834,.T.);
#4809 = FACE_BOUND('',#4810,.T.);
#4810 = EDGE_LOOP('',(#4811,#4819,#4827,#4833));
#4811 = ORIENTED_EDGE('',*,*,#4812,.F.);
#4812 = EDGE_CURVE('',#4813,#4623,#4815,.T.);
#4813 = VERTEX_POINT('',#4814);
#4814 = CARTESIAN_POINT('',(-0.725,0.4,0.47));
#4815 = LINE('',#4816,#4817);
#4816 = CARTESIAN_POINT('',(-0.77,0.4,0.47));
#4817 = VECTOR('',#4818,1.);
#4818 = DIRECTION('',(1.,0.,0.));
#4819 = ORIENTED_EDGE('',*,*,#4820,.F.);
#4820 = EDGE_CURVE('',#4821,#4813,#4823,.T.);
#4821 = VERTEX_POINT('',#4822);
#4822 = CARTESIAN_POINT('',(-0.725,0.3,0.47));
#4823 = LINE('',#4824,#4825);
#4824 = CARTESIAN_POINT('',(-0.725,5.E-02,0.47));
#4825 = VECTOR('',#4826,1.);
#4826 = DIRECTION('',(0.,1.,0.));
#4827 = ORIENTED_EDGE('',*,*,#4828,.F.);
#4828 = EDGE_CURVE('',#4625,#4821,#4829,.T.);
#4829 = LINE('',#4830,#4831);
#4830 = CARTESIAN_POINT('',(-0.7475,0.3,0.47));
#4831 = VECTOR('',#4832,1.);
#4832 = DIRECTION('',(-1.,0.,0.));
#4833 = ORIENTED_EDGE('',*,*,#4622,.F.);
#4834 = PLANE('',#4835);
#4835 = AXIS2_PLACEMENT_3D('',#4836,#4837,#4838);
#4836 = CARTESIAN_POINT('',(-0.77,-0.4,0.47));
#4837 = DIRECTION('',(0.,0.,1.));
#4838 = DIRECTION('',(1.,0.,-0.));
#4839 = ADVANCED_FACE('',(#4840),#4851,.T.);
#4840 = FACE_BOUND('',#4841,.T.);
#4841 = EDGE_LOOP('',(#4842,#4843,#4844,#4845));
#4842 = ORIENTED_EDGE('',*,*,#4655,.T.);
#4843 = ORIENTED_EDGE('',*,*,#4758,.T.);
#4844 = ORIENTED_EDGE('',*,*,#4798,.T.);
#4845 = ORIENTED_EDGE('',*,*,#4846,.T.);
#4846 = EDGE_CURVE('',#4791,#4623,#4847,.T.);
#4847 = LINE('',#4848,#4849);
#4848 = CARTESIAN_POINT('',(0.5,0.4,0.47));
#4849 = VECTOR('',#4850,1.);
#4850 = DIRECTION('',(-1.,0.,0.));
#4851 = PLANE('',#4852);
#4852 = AXIS2_PLACEMENT_3D('',#4853,#4854,#4855);
#4853 = CARTESIAN_POINT('',(-8.772411109409E-18,0.4,0.775044128294));
#4854 = DIRECTION('',(0.,1.,0.));
#4855 = DIRECTION('',(0.,-0.,1.));
#4856 = ADVANCED_FACE('',(#4857),#4884,.T.);
#4857 = FACE_BOUND('',#4858,.T.);
#4858 = EDGE_LOOP('',(#4859,#4868,#4876,#4883));
#4859 = ORIENTED_EDGE('',*,*,#4860,.F.);
#4860 = EDGE_CURVE('',#4861,#4625,#4863,.T.);
#4861 = VERTEX_POINT('',#4862);
#4862 = CARTESIAN_POINT('',(-0.53,0.3,0.5));
#4863 = CIRCLE('',#4864,3.E-02);
#4864 = AXIS2_PLACEMENT_3D('',#4865,#4866,#4867);
#4865 = CARTESIAN_POINT('',(-0.53,0.3,0.47));
#4866 = DIRECTION('',(-0.,1.,0.));
#4867 = DIRECTION('',(1.,0.,0.));
#4868 = ORIENTED_EDGE('',*,*,#4869,.F.);
#4869 = EDGE_CURVE('',#4870,#4861,#4872,.T.);
#4870 = VERTEX_POINT('',#4871);
#4871 = CARTESIAN_POINT('',(-0.53,-0.3,0.5));
#4872 = LINE('',#4873,#4874);
#4873 = CARTESIAN_POINT('',(-0.53,-0.4,0.5));
#4874 = VECTOR('',#4875,1.);
#4875 = DIRECTION('',(0.,1.,0.));
#4876 = ORIENTED_EDGE('',*,*,#4877,.T.);
#4877 = EDGE_CURVE('',#4870,#4633,#4878,.T.);
#4878 = CIRCLE('',#4879,3.E-02);
#4879 = AXIS2_PLACEMENT_3D('',#4880,#4881,#4882);
#4880 = CARTESIAN_POINT('',(-0.53,-0.3,0.47));
#4881 = DIRECTION('',(-0.,1.,0.));
#4882 = DIRECTION('',(1.,0.,0.));
#4883 = ORIENTED_EDGE('',*,*,#4632,.T.);
#4884 = CYLINDRICAL_SURFACE('',#4885,3.E-02);
#4885 = AXIS2_PLACEMENT_3D('',#4886,#4887,#4888);
#4886 = CARTESIAN_POINT('',(-0.53,-0.4,0.47));
#4887 = DIRECTION('',(0.,1.,0.));
#4888 = DIRECTION('',(1.,0.,0.));
#4889 = ADVANCED_FACE('',(#4890),#4908,.T.);
#4890 = FACE_BOUND('',#4891,.T.);
#4891 = EDGE_LOOP('',(#4892,#4900,#4901,#4902));
#4892 = ORIENTED_EDGE('',*,*,#4893,.F.);
#4893 = EDGE_CURVE('',#4688,#4894,#4896,.T.);
#4894 = VERTEX_POINT('',#4895);
#4895 = CARTESIAN_POINT('',(-0.725,-0.3,0.47));
#4896 = LINE('',#4897,#4898);
#4897 = CARTESIAN_POINT('',(-0.725,-0.35,0.47));
#4898 = VECTOR('',#4899,1.);
#4899 = DIRECTION('',(0.,1.,0.));
#4900 = ORIENTED_EDGE('',*,*,#4695,.T.);
#4901 = ORIENTED_EDGE('',*,*,#4640,.F.);
#4902 = ORIENTED_EDGE('',*,*,#4903,.F.);
#4903 = EDGE_CURVE('',#4894,#4633,#4904,.T.);
#4904 = LINE('',#4905,#4906);
#4905 = CARTESIAN_POINT('',(-2.25E-02,-0.3,0.47));
#4906 = VECTOR('',#4907,1.);
#4907 = DIRECTION('',(1.,0.,0.));
#4908 = PLANE('',#4909);
#4909 = AXIS2_PLACEMENT_3D('',#4910,#4911,#4912);
#4910 = CARTESIAN_POINT('',(-0.77,-0.4,0.47));
#4911 = DIRECTION('',(0.,0.,1.));
#4912 = DIRECTION('',(1.,0.,-0.));
#4913 = ADVANCED_FACE('',(#4914),#4975,.F.);
#4914 = FACE_BOUND('',#4915,.F.);
#4915 = EDGE_LOOP('',(#4916,#4926,#4935,#4943,#4952,#4960,#4966,#4967,
    #4968,#4969));
#4916 = ORIENTED_EDGE('',*,*,#4917,.F.);
#4917 = EDGE_CURVE('',#4918,#4920,#4922,.T.);
#4918 = VERTEX_POINT('',#4919);
#4919 = CARTESIAN_POINT('',(-0.77,-0.4,-3.469446951954E-18));
#4920 = VERTEX_POINT('',#4921);
#4921 = CARTESIAN_POINT('',(-0.725,-0.4,0.));
#4922 = LINE('',#4923,#4924);
#4923 = CARTESIAN_POINT('',(-0.8,-0.4,0.));
#4924 = VECTOR('',#4925,1.);
#4925 = DIRECTION('',(1.,0.,0.));
#4926 = ORIENTED_EDGE('',*,*,#4927,.F.);
#4927 = EDGE_CURVE('',#4928,#4918,#4930,.T.);
#4928 = VERTEX_POINT('',#4929);
#4929 = CARTESIAN_POINT('',(-0.8,-0.4,3.E-02));
#4930 = CIRCLE('',#4931,3.E-02);
#4931 = AXIS2_PLACEMENT_3D('',#4932,#4933,#4934);
#4932 = CARTESIAN_POINT('',(-0.77,-0.4,3.E-02));
#4933 = DIRECTION('',(0.,-1.,0.));
#4934 = DIRECTION('',(0.,0.,1.));
#4935 = ORIENTED_EDGE('',*,*,#4936,.T.);
#4936 = EDGE_CURVE('',#4928,#4937,#4939,.T.);
#4937 = VERTEX_POINT('',#4938);
#4938 = CARTESIAN_POINT('',(-0.8,-0.4,0.47));
#4939 = LINE('',#4940,#4941);
#4940 = CARTESIAN_POINT('',(-0.8,-0.4,0.));
#4941 = VECTOR('',#4942,1.);
#4942 = DIRECTION('',(0.,0.,1.));
#4943 = ORIENTED_EDGE('',*,*,#4944,.T.);
#4944 = EDGE_CURVE('',#4937,#4945,#4947,.T.);
#4945 = VERTEX_POINT('',#4946);
#4946 = CARTESIAN_POINT('',(-0.77,-0.4,0.5));
#4947 = CIRCLE('',#4948,3.E-02);
#4948 = AXIS2_PLACEMENT_3D('',#4949,#4950,#4951);
#4949 = CARTESIAN_POINT('',(-0.77,-0.4,0.47));
#4950 = DIRECTION('',(0.,1.,0.));
#4951 = DIRECTION('',(0.,-0.,1.));
#4952 = ORIENTED_EDGE('',*,*,#4953,.T.);
#4953 = EDGE_CURVE('',#4945,#4954,#4956,.T.);
#4954 = VERTEX_POINT('',#4955);
#4955 = CARTESIAN_POINT('',(-0.725,-0.4,0.5));
#4956 = LINE('',#4957,#4958);
#4957 = CARTESIAN_POINT('',(-0.8,-0.4,0.5));
#4958 = VECTOR('',#4959,1.);
#4959 = DIRECTION('',(1.,0.,0.));
#4960 = ORIENTED_EDGE('',*,*,#4961,.F.);
#4961 = EDGE_CURVE('',#4688,#4954,#4962,.T.);
#4962 = LINE('',#4963,#4964);
#4963 = CARTESIAN_POINT('',(-0.725,-0.4,0.375));
#4964 = VECTOR('',#4965,1.);
#4965 = DIRECTION('',(0.,0.,1.));
#4966 = ORIENTED_EDGE('',*,*,#4687,.F.);
#4967 = ORIENTED_EDGE('',*,*,#4679,.F.);
#4968 = ORIENTED_EDGE('',*,*,#4669,.T.);
#4969 = ORIENTED_EDGE('',*,*,#4970,.F.);
#4970 = EDGE_CURVE('',#4920,#4672,#4971,.T.);
#4971 = LINE('',#4972,#4973);
#4972 = CARTESIAN_POINT('',(-0.725,-0.4,0.375));
#4973 = VECTOR('',#4974,1.);
#4974 = DIRECTION('',(0.,0.,1.));
#4975 = PLANE('',#4976);
#4976 = AXIS2_PLACEMENT_3D('',#4977,#4978,#4979);
#4977 = CARTESIAN_POINT('',(-0.8,-0.4,0.));
#4978 = DIRECTION('',(0.,1.,0.));
#4979 = DIRECTION('',(0.,-0.,1.));
#4980 = ADVANCED_FACE('',(#4981,#5070),#5096,.F.);
#4981 = FACE_BOUND('',#4982,.F.);
#4982 = EDGE_LOOP('',(#4983,#4991,#4992,#5000,#5008,#5016,#5024,#5032,
    #5040,#5048,#5056,#5064));
#4983 = ORIENTED_EDGE('',*,*,#4984,.F.);
#4984 = EDGE_CURVE('',#4672,#4985,#4987,.T.);
#4985 = VERTEX_POINT('',#4986);
#4986 = CARTESIAN_POINT('',(-0.725,-0.3,3.E-02));
#4987 = LINE('',#4988,#4989);
#4988 = CARTESIAN_POINT('',(-0.725,-0.35,3.E-02));
#4989 = VECTOR('',#4990,1.);
#4990 = DIRECTION('',(0.,1.,0.));
#4991 = ORIENTED_EDGE('',*,*,#4734,.T.);
#4992 = ORIENTED_EDGE('',*,*,#4993,.F.);
#4993 = EDGE_CURVE('',#4994,#4727,#4996,.T.);
#4994 = VERTEX_POINT('',#4995);
#4995 = CARTESIAN_POINT('',(0.725,-0.3,3.E-02));
#4996 = LINE('',#4997,#4998);
#4997 = CARTESIAN_POINT('',(0.725,-0.45,3.E-02));
#4998 = VECTOR('',#4999,1.);
#4999 = DIRECTION('',(0.,-1.,0.));
#5000 = ORIENTED_EDGE('',*,*,#5001,.F.);
#5001 = EDGE_CURVE('',#5002,#4994,#5004,.T.);
#5002 = VERTEX_POINT('',#5003);
#5003 = CARTESIAN_POINT('',(0.5,-0.3,3.E-02));
#5004 = LINE('',#5005,#5006);
#5005 = CARTESIAN_POINT('',(-2.25E-02,-0.3,3.E-02));
#5006 = VECTOR('',#5007,1.);
#5007 = DIRECTION('',(1.,0.,0.));
#5008 = ORIENTED_EDGE('',*,*,#5009,.T.);
#5009 = EDGE_CURVE('',#5002,#5010,#5012,.T.);
#5010 = VERTEX_POINT('',#5011);
#5011 = CARTESIAN_POINT('',(0.5,0.3,3.E-02));
#5012 = LINE('',#5013,#5014);
#5013 = CARTESIAN_POINT('',(0.5,-0.4,3.E-02));
#5014 = VECTOR('',#5015,1.);
#5015 = DIRECTION('',(0.,1.,0.));
#5016 = ORIENTED_EDGE('',*,*,#5017,.F.);
#5017 = EDGE_CURVE('',#5018,#5010,#5020,.T.);
#5018 = VERTEX_POINT('',#5019);
#5019 = CARTESIAN_POINT('',(0.725,0.3,3.E-02));
#5020 = LINE('',#5021,#5022);
#5021 = CARTESIAN_POINT('',(-0.7475,0.3,3.E-02));
#5022 = VECTOR('',#5023,1.);
#5023 = DIRECTION('',(-1.,0.,0.));
#5024 = ORIENTED_EDGE('',*,*,#5025,.F.);
#5025 = EDGE_CURVE('',#5026,#5018,#5028,.T.);
#5026 = VERTEX_POINT('',#5027);
#5027 = CARTESIAN_POINT('',(0.725,0.4,3.E-02));
#5028 = LINE('',#5029,#5030);
#5029 = CARTESIAN_POINT('',(0.725,-5.E-02,3.E-02));
#5030 = VECTOR('',#5031,1.);
#5031 = DIRECTION('',(0.,-1.,0.));
#5032 = ORIENTED_EDGE('',*,*,#5033,.F.);
#5033 = EDGE_CURVE('',#5034,#5026,#5036,.T.);
#5034 = VERTEX_POINT('',#5035);
#5035 = CARTESIAN_POINT('',(-0.725,0.4,3.E-02));
#5036 = LINE('',#5037,#5038);
#5037 = CARTESIAN_POINT('',(-0.77,0.4,3.E-02));
#5038 = VECTOR('',#5039,1.);
#5039 = DIRECTION('',(1.,0.,0.));
#5040 = ORIENTED_EDGE('',*,*,#5041,.F.);
#5041 = EDGE_CURVE('',#5042,#5034,#5044,.T.);
#5042 = VERTEX_POINT('',#5043);
#5043 = CARTESIAN_POINT('',(-0.725,0.3,3.E-02));
#5044 = LINE('',#5045,#5046);
#5045 = CARTESIAN_POINT('',(-0.725,5.E-02,3.E-02));
#5046 = VECTOR('',#5047,1.);
#5047 = DIRECTION('',(0.,1.,0.));
#5048 = ORIENTED_EDGE('',*,*,#5049,.F.);
#5049 = EDGE_CURVE('',#5050,#5042,#5052,.T.);
#5050 = VERTEX_POINT('',#5051);
#5051 = CARTESIAN_POINT('',(-0.5,0.3,3.E-02));
#5052 = LINE('',#5053,#5054);
#5053 = CARTESIAN_POINT('',(-0.7475,0.3,3.E-02));
#5054 = VECTOR('',#5055,1.);
#5055 = DIRECTION('',(-1.,0.,0.));
#5056 = ORIENTED_EDGE('',*,*,#5057,.F.);
#5057 = EDGE_CURVE('',#5058,#5050,#5060,.T.);
#5058 = VERTEX_POINT('',#5059);
#5059 = CARTESIAN_POINT('',(-0.5,-0.3,3.E-02));
#5060 = LINE('',#5061,#5062);
#5061 = CARTESIAN_POINT('',(-0.5,-0.4,3.E-02));
#5062 = VECTOR('',#5063,1.);
#5063 = DIRECTION('',(0.,1.,0.));
#5064 = ORIENTED_EDGE('',*,*,#5065,.F.);
#5065 = EDGE_CURVE('',#4985,#5058,#5066,.T.);
#5066 = LINE('',#5067,#5068);
#5067 = CARTESIAN_POINT('',(-2.25E-02,-0.3,3.E-02));
#5068 = VECTOR('',#5069,1.);
#5069 = DIRECTION('',(1.,0.,0.));
#5070 = FACE_BOUND('',#5071,.F.);
#5071 = EDGE_LOOP('',(#5072,#5082,#5090));
#5072 = ORIENTED_EDGE('',*,*,#5073,.T.);
#5073 = EDGE_CURVE('',#5074,#5076,#5078,.T.);
#5074 = VERTEX_POINT('',#5075);
#5075 = CARTESIAN_POINT('',(0.277128129211,0.32,3.E-02));
#5076 = VERTEX_POINT('',#5077);
#5077 = CARTESIAN_POINT('',(0.277128129211,-0.32,3.E-02));
#5078 = LINE('',#5079,#5080);
#5079 = CARTESIAN_POINT('',(0.277128129211,0.32,3.E-02));
#5080 = VECTOR('',#5081,1.);
#5081 = DIRECTION('',(0.,-1.,0.));
#5082 = ORIENTED_EDGE('',*,*,#5083,.T.);
#5083 = EDGE_CURVE('',#5076,#5084,#5086,.T.);
#5084 = VERTEX_POINT('',#5085);
#5085 = CARTESIAN_POINT('',(-0.277128129211,0.,3.E-02));
#5086 = LINE('',#5087,#5088);
#5087 = CARTESIAN_POINT('',(0.277128129211,-0.32,3.E-02));
#5088 = VECTOR('',#5089,1.);
#5089 = DIRECTION('',(-0.866025403784,0.5,0.));
#5090 = ORIENTED_EDGE('',*,*,#5091,.T.);
#5091 = EDGE_CURVE('',#5084,#5074,#5092,.T.);
#5092 = LINE('',#5093,#5094);
#5093 = CARTESIAN_POINT('',(-0.277128129211,0.,3.E-02));
#5094 = VECTOR('',#5095,1.);
#5095 = DIRECTION('',(0.866025403784,0.5,0.));
#5096 = PLANE('',#5097);
#5097 = AXIS2_PLACEMENT_3D('',#5098,#5099,#5100);
#5098 = CARTESIAN_POINT('',(-0.77,-0.4,3.E-02));
#5099 = DIRECTION('',(0.,0.,1.));
#5100 = DIRECTION('',(1.,0.,-0.));
#5101 = ADVANCED_FACE('',(#5102),#5163,.F.);
#5102 = FACE_BOUND('',#5103,.F.);
#5103 = EDGE_LOOP('',(#5104,#5114,#5120,#5121,#5122,#5123,#5131,#5139,
    #5148,#5156));
#5104 = ORIENTED_EDGE('',*,*,#5105,.F.);
#5105 = EDGE_CURVE('',#5106,#5108,#5110,.T.);
#5106 = VERTEX_POINT('',#5107);
#5107 = CARTESIAN_POINT('',(0.725,-0.4,0.));
#5108 = VERTEX_POINT('',#5109);
#5109 = CARTESIAN_POINT('',(0.77,-0.4,-3.469446951954E-18));
#5110 = LINE('',#5111,#5112);
#5111 = CARTESIAN_POINT('',(0.5,-0.4,0.));
#5112 = VECTOR('',#5113,1.);
#5113 = DIRECTION('',(1.,0.,0.));
#5114 = ORIENTED_EDGE('',*,*,#5115,.F.);
#5115 = EDGE_CURVE('',#4727,#5106,#5116,.T.);
#5116 = LINE('',#5117,#5118);
#5117 = CARTESIAN_POINT('',(0.725,-0.4,0.375));
#5118 = VECTOR('',#5119,1.);
#5119 = DIRECTION('',(0.,0.,-1.));
#5120 = ORIENTED_EDGE('',*,*,#4726,.T.);
#5121 = ORIENTED_EDGE('',*,*,#4718,.T.);
#5122 = ORIENTED_EDGE('',*,*,#4710,.F.);
#5123 = ORIENTED_EDGE('',*,*,#5124,.F.);
#5124 = EDGE_CURVE('',#5125,#4703,#5127,.T.);
#5125 = VERTEX_POINT('',#5126);
#5126 = CARTESIAN_POINT('',(0.725,-0.4,0.5));
#5127 = LINE('',#5128,#5129);
#5128 = CARTESIAN_POINT('',(0.725,-0.4,0.375));
#5129 = VECTOR('',#5130,1.);
#5130 = DIRECTION('',(0.,0.,-1.));
#5131 = ORIENTED_EDGE('',*,*,#5132,.T.);
#5132 = EDGE_CURVE('',#5125,#5133,#5135,.T.);
#5133 = VERTEX_POINT('',#5134);
#5134 = CARTESIAN_POINT('',(0.77,-0.4,0.5));
#5135 = LINE('',#5136,#5137);
#5136 = CARTESIAN_POINT('',(0.5,-0.4,0.5));
#5137 = VECTOR('',#5138,1.);
#5138 = DIRECTION('',(1.,0.,0.));
#5139 = ORIENTED_EDGE('',*,*,#5140,.F.);
#5140 = EDGE_CURVE('',#5141,#5133,#5143,.T.);
#5141 = VERTEX_POINT('',#5142);
#5142 = CARTESIAN_POINT('',(0.8,-0.4,0.47));
#5143 = CIRCLE('',#5144,3.E-02);
#5144 = AXIS2_PLACEMENT_3D('',#5145,#5146,#5147);
#5145 = CARTESIAN_POINT('',(0.77,-0.4,0.47));
#5146 = DIRECTION('',(0.,-1.,0.));
#5147 = DIRECTION('',(0.,0.,1.));
#5148 = ORIENTED_EDGE('',*,*,#5149,.F.);
#5149 = EDGE_CURVE('',#5150,#5141,#5152,.T.);
#5150 = VERTEX_POINT('',#5151);
#5151 = CARTESIAN_POINT('',(0.8,-0.4,3.E-02));
#5152 = LINE('',#5153,#5154);
#5153 = CARTESIAN_POINT('',(0.8,-0.4,0.));
#5154 = VECTOR('',#5155,1.);
#5155 = DIRECTION('',(0.,0.,1.));
#5156 = ORIENTED_EDGE('',*,*,#5157,.T.);
#5157 = EDGE_CURVE('',#5150,#5108,#5158,.T.);
#5158 = CIRCLE('',#5159,3.E-02);
#5159 = AXIS2_PLACEMENT_3D('',#5160,#5161,#5162);
#5160 = CARTESIAN_POINT('',(0.77,-0.4,3.E-02));
#5161 = DIRECTION('',(0.,1.,0.));
#5162 = DIRECTION('',(0.,-0.,1.));
#5163 = PLANE('',#5164);
#5164 = AXIS2_PLACEMENT_3D('',#5165,#5166,#5167);
#5165 = CARTESIAN_POINT('',(0.5,-0.4,0.));
#5166 = DIRECTION('',(0.,1.,0.));
#5167 = DIRECTION('',(0.,-0.,1.));
#5168 = ADVANCED_FACE('',(#5169),#5187,.T.);
#5169 = FACE_BOUND('',#5170,.T.);
#5170 = EDGE_LOOP('',(#5171,#5179,#5180,#5181));
#5171 = ORIENTED_EDGE('',*,*,#5172,.F.);
#5172 = EDGE_CURVE('',#4775,#5173,#5175,.T.);
#5173 = VERTEX_POINT('',#5174);
#5174 = CARTESIAN_POINT('',(0.725,-0.3,0.47));
#5175 = LINE('',#5176,#5177);
#5176 = CARTESIAN_POINT('',(-2.25E-02,-0.3,0.47));
#5177 = VECTOR('',#5178,1.);
#5178 = DIRECTION('',(1.,0.,0.));
#5179 = ORIENTED_EDGE('',*,*,#4774,.T.);
#5180 = ORIENTED_EDGE('',*,*,#4702,.T.);
#5181 = ORIENTED_EDGE('',*,*,#5182,.F.);
#5182 = EDGE_CURVE('',#5173,#4703,#5183,.T.);
#5183 = LINE('',#5184,#5185);
#5184 = CARTESIAN_POINT('',(0.725,-0.45,0.47));
#5185 = VECTOR('',#5186,1.);
#5186 = DIRECTION('',(0.,-1.,0.));
#5187 = PLANE('',#5188);
#5188 = AXIS2_PLACEMENT_3D('',#5189,#5190,#5191);
#5189 = CARTESIAN_POINT('',(-0.77,-0.4,0.47));
#5190 = DIRECTION('',(0.,0.,1.));
#5191 = DIRECTION('',(1.,0.,-0.));
#5192 = ADVANCED_FACE('',(#5193),#5218,.T.);
#5193 = FACE_BOUND('',#5194,.T.);
#5194 = EDGE_LOOP('',(#5195,#5203,#5204,#5212));
#5195 = ORIENTED_EDGE('',*,*,#5196,.F.);
#5196 = EDGE_CURVE('',#4791,#5197,#5199,.T.);
#5197 = VERTEX_POINT('',#5198);
#5198 = CARTESIAN_POINT('',(0.725,0.4,0.47));
#5199 = LINE('',#5200,#5201);
#5200 = CARTESIAN_POINT('',(-0.77,0.4,0.47));
#5201 = VECTOR('',#5202,1.);
#5202 = DIRECTION('',(1.,0.,0.));
#5203 = ORIENTED_EDGE('',*,*,#4790,.T.);
#5204 = ORIENTED_EDGE('',*,*,#5205,.F.);
#5205 = EDGE_CURVE('',#5206,#4783,#5208,.T.);
#5206 = VERTEX_POINT('',#5207);
#5207 = CARTESIAN_POINT('',(0.725,0.3,0.47));
#5208 = LINE('',#5209,#5210);
#5209 = CARTESIAN_POINT('',(-0.7475,0.3,0.47));
#5210 = VECTOR('',#5211,1.);
#5211 = DIRECTION('',(-1.,0.,0.));
#5212 = ORIENTED_EDGE('',*,*,#5213,.F.);
#5213 = EDGE_CURVE('',#5197,#5206,#5214,.T.);
#5214 = LINE('',#5215,#5216);
#5215 = CARTESIAN_POINT('',(0.725,-5.E-02,0.47));
#5216 = VECTOR('',#5217,1.);
#5217 = DIRECTION('',(0.,-1.,0.));
#5218 = PLANE('',#5219);
#5219 = AXIS2_PLACEMENT_3D('',#5220,#5221,#5222);
#5220 = CARTESIAN_POINT('',(-0.77,-0.4,0.47));
#5221 = DIRECTION('',(0.,0.,1.));
#5222 = DIRECTION('',(1.,0.,-0.));
#5223 = ADVANCED_FACE('',(#5224),#5251,.T.);
#5224 = FACE_BOUND('',#5225,.T.);
#5225 = EDGE_LOOP('',(#5226,#5227,#5236,#5244));
#5226 = ORIENTED_EDGE('',*,*,#4782,.F.);
#5227 = ORIENTED_EDGE('',*,*,#5228,.T.);
#5228 = EDGE_CURVE('',#4775,#5229,#5231,.T.);
#5229 = VERTEX_POINT('',#5230);
#5230 = CARTESIAN_POINT('',(0.53,-0.3,0.5));
#5231 = CIRCLE('',#5232,3.E-02);
#5232 = AXIS2_PLACEMENT_3D('',#5233,#5234,#5235);
#5233 = CARTESIAN_POINT('',(0.53,-0.3,0.47));
#5234 = DIRECTION('',(0.,1.,-0.));
#5235 = DIRECTION('',(-1.,0.,0.));
#5236 = ORIENTED_EDGE('',*,*,#5237,.T.);
#5237 = EDGE_CURVE('',#5229,#5238,#5240,.T.);
#5238 = VERTEX_POINT('',#5239);
#5239 = CARTESIAN_POINT('',(0.53,0.3,0.5));
#5240 = LINE('',#5241,#5242);
#5241 = CARTESIAN_POINT('',(0.53,-0.4,0.5));
#5242 = VECTOR('',#5243,1.);
#5243 = DIRECTION('',(0.,1.,0.));
#5244 = ORIENTED_EDGE('',*,*,#5245,.F.);
#5245 = EDGE_CURVE('',#4783,#5238,#5246,.T.);
#5246 = CIRCLE('',#5247,3.E-02);
#5247 = AXIS2_PLACEMENT_3D('',#5248,#5249,#5250);
#5248 = CARTESIAN_POINT('',(0.53,0.3,0.47));
#5249 = DIRECTION('',(0.,1.,-0.));
#5250 = DIRECTION('',(-1.,0.,0.));
#5251 = CYLINDRICAL_SURFACE('',#5252,3.E-02);
#5252 = AXIS2_PLACEMENT_3D('',#5253,#5254,#5255);
#5253 = CARTESIAN_POINT('',(0.53,-0.4,0.47));
#5254 = DIRECTION('',(0.,1.,0.));
#5255 = DIRECTION('',(-1.,0.,0.));
#5256 = ADVANCED_FACE('',(#5257),#5307,.T.);
#5257 = FACE_BOUND('',#5258,.T.);
#5258 = EDGE_LOOP('',(#5259,#5267,#5275,#5281,#5282,#5283,#5284,#5292,
    #5300,#5306));
#5259 = ORIENTED_EDGE('',*,*,#5260,.F.);
#5260 = EDGE_CURVE('',#5261,#5034,#5263,.T.);
#5261 = VERTEX_POINT('',#5262);
#5262 = CARTESIAN_POINT('',(-0.77,0.4,3.E-02));
#5263 = LINE('',#5264,#5265);
#5264 = CARTESIAN_POINT('',(-0.77,0.4,3.E-02));
#5265 = VECTOR('',#5266,1.);
#5266 = DIRECTION('',(1.,0.,0.));
#5267 = ORIENTED_EDGE('',*,*,#5268,.T.);
#5268 = EDGE_CURVE('',#5261,#5269,#5271,.T.);
#5269 = VERTEX_POINT('',#5270);
#5270 = CARTESIAN_POINT('',(-0.77,0.4,0.47));
#5271 = LINE('',#5272,#5273);
#5272 = CARTESIAN_POINT('',(-0.77,0.4,3.E-02));
#5273 = VECTOR('',#5274,1.);
#5274 = DIRECTION('',(0.,0.,1.));
#5275 = ORIENTED_EDGE('',*,*,#5276,.T.);
#5276 = EDGE_CURVE('',#5269,#4813,#5277,.T.);
#5277 = LINE('',#5278,#5279);
#5278 = CARTESIAN_POINT('',(-0.77,0.4,0.47));
#5279 = VECTOR('',#5280,1.);
#5280 = DIRECTION('',(1.,0.,0.));
#5281 = ORIENTED_EDGE('',*,*,#4812,.T.);
#5282 = ORIENTED_EDGE('',*,*,#4846,.F.);
#5283 = ORIENTED_EDGE('',*,*,#5196,.T.);
#5284 = ORIENTED_EDGE('',*,*,#5285,.T.);
#5285 = EDGE_CURVE('',#5197,#5286,#5288,.T.);
#5286 = VERTEX_POINT('',#5287);
#5287 = CARTESIAN_POINT('',(0.77,0.4,0.47));
#5288 = LINE('',#5289,#5290);
#5289 = CARTESIAN_POINT('',(-0.77,0.4,0.47));
#5290 = VECTOR('',#5291,1.);
#5291 = DIRECTION('',(1.,0.,0.));
#5292 = ORIENTED_EDGE('',*,*,#5293,.F.);
#5293 = EDGE_CURVE('',#5294,#5286,#5296,.T.);
#5294 = VERTEX_POINT('',#5295);
#5295 = CARTESIAN_POINT('',(0.77,0.4,3.E-02));
#5296 = LINE('',#5297,#5298);
#5297 = CARTESIAN_POINT('',(0.77,0.4,3.E-02));
#5298 = VECTOR('',#5299,1.);
#5299 = DIRECTION('',(0.,0.,1.));
#5300 = ORIENTED_EDGE('',*,*,#5301,.F.);
#5301 = EDGE_CURVE('',#5026,#5294,#5302,.T.);
#5302 = LINE('',#5303,#5304);
#5303 = CARTESIAN_POINT('',(-0.77,0.4,3.E-02));
#5304 = VECTOR('',#5305,1.);
#5305 = DIRECTION('',(1.,0.,0.));
#5306 = ORIENTED_EDGE('',*,*,#5033,.F.);
#5307 = PLANE('',#5308);
#5308 = AXIS2_PLACEMENT_3D('',#5309,#5310,#5311);
#5309 = CARTESIAN_POINT('',(-0.77,0.4,3.E-02));
#5310 = DIRECTION('',(0.,1.,0.));
#5311 = DIRECTION('',(0.,-0.,1.));
#5312 = ADVANCED_FACE('',(#5313),#5331,.F.);
#5313 = FACE_BOUND('',#5314,.F.);
#5314 = EDGE_LOOP('',(#5315,#5323,#5329,#5330));
#5315 = ORIENTED_EDGE('',*,*,#5316,.F.);
#5316 = EDGE_CURVE('',#5317,#4861,#5319,.T.);
#5317 = VERTEX_POINT('',#5318);
#5318 = CARTESIAN_POINT('',(-0.725,0.3,0.5));
#5319 = LINE('',#5320,#5321);
#5320 = CARTESIAN_POINT('',(-0.7625,0.3,0.5));
#5321 = VECTOR('',#5322,1.);
#5322 = DIRECTION('',(1.,0.,0.));
#5323 = ORIENTED_EDGE('',*,*,#5324,.T.);
#5324 = EDGE_CURVE('',#5317,#4821,#5325,.T.);
#5325 = LINE('',#5326,#5327);
#5326 = CARTESIAN_POINT('',(-0.725,0.3,0.75));
#5327 = VECTOR('',#5328,1.);
#5328 = DIRECTION('',(-0.,-0.,-1.));
#5329 = ORIENTED_EDGE('',*,*,#4828,.F.);
#5330 = ORIENTED_EDGE('',*,*,#4860,.F.);
#5331 = PLANE('',#5332);
#5332 = AXIS2_PLACEMENT_3D('',#5333,#5334,#5335);
#5333 = CARTESIAN_POINT('',(-0.725,0.3,0.75));
#5334 = DIRECTION('',(0.,-1.,0.));
#5335 = DIRECTION('',(1.,0.,0.));
#5336 = ADVANCED_FACE('',(#5337),#5355,.F.);
#5337 = FACE_BOUND('',#5338,.F.);
#5338 = EDGE_LOOP('',(#5339,#5340,#5348,#5354));
#5339 = ORIENTED_EDGE('',*,*,#5324,.F.);
#5340 = ORIENTED_EDGE('',*,*,#5341,.F.);
#5341 = EDGE_CURVE('',#5342,#5317,#5344,.T.);
#5342 = VERTEX_POINT('',#5343);
#5343 = CARTESIAN_POINT('',(-0.725,0.4,0.5));
#5344 = LINE('',#5345,#5346);
#5345 = CARTESIAN_POINT('',(-0.725,5.E-02,0.5));
#5346 = VECTOR('',#5347,1.);
#5347 = DIRECTION('',(0.,-1.,0.));
#5348 = ORIENTED_EDGE('',*,*,#5349,.F.);
#5349 = EDGE_CURVE('',#4813,#5342,#5350,.T.);
#5350 = LINE('',#5351,#5352);
#5351 = CARTESIAN_POINT('',(-0.725,0.4,0.375));
#5352 = VECTOR('',#5353,1.);
#5353 = DIRECTION('',(0.,0.,1.));
#5354 = ORIENTED_EDGE('',*,*,#4820,.F.);
#5355 = PLANE('',#5356);
#5356 = AXIS2_PLACEMENT_3D('',#5357,#5358,#5359);
#5357 = CARTESIAN_POINT('',(-0.725,0.5,0.75));
#5358 = DIRECTION('',(-1.,0.,0.));
#5359 = DIRECTION('',(0.,-1.,0.));
#5360 = ADVANCED_FACE('',(#5361),#5379,.F.);
#5361 = FACE_BOUND('',#5362,.F.);
#5362 = EDGE_LOOP('',(#5363,#5371,#5377,#5378));
#5363 = ORIENTED_EDGE('',*,*,#5364,.F.);
#5364 = EDGE_CURVE('',#5365,#4894,#5367,.T.);
#5365 = VERTEX_POINT('',#5366);
#5366 = CARTESIAN_POINT('',(-0.725,-0.3,0.5));
#5367 = LINE('',#5368,#5369);
#5368 = CARTESIAN_POINT('',(-0.725,-0.3,0.75));
#5369 = VECTOR('',#5370,1.);
#5370 = DIRECTION('',(-0.,-0.,-1.));
#5371 = ORIENTED_EDGE('',*,*,#5372,.F.);
#5372 = EDGE_CURVE('',#4870,#5365,#5373,.T.);
#5373 = LINE('',#5374,#5375);
#5374 = CARTESIAN_POINT('',(-3.75E-02,-0.3,0.5));
#5375 = VECTOR('',#5376,1.);
#5376 = DIRECTION('',(-1.,0.,0.));
#5377 = ORIENTED_EDGE('',*,*,#4877,.T.);
#5378 = ORIENTED_EDGE('',*,*,#4903,.F.);
#5379 = PLANE('',#5380);
#5380 = AXIS2_PLACEMENT_3D('',#5381,#5382,#5383);
#5381 = CARTESIAN_POINT('',(0.725,-0.3,0.75));
#5382 = DIRECTION('',(0.,1.,0.));
#5383 = DIRECTION('',(-1.,0.,0.));
#5384 = ADVANCED_FACE('',(#5385),#5412,.T.);
#5385 = FACE_BOUND('',#5386,.T.);
#5386 = EDGE_LOOP('',(#5387,#5395,#5401,#5402,#5408,#5409,#5410,#5411));
#5387 = ORIENTED_EDGE('',*,*,#5388,.F.);
#5388 = EDGE_CURVE('',#5389,#5342,#5391,.T.);
#5389 = VERTEX_POINT('',#5390);
#5390 = CARTESIAN_POINT('',(-0.77,0.4,0.5));
#5391 = LINE('',#5392,#5393);
#5392 = CARTESIAN_POINT('',(-0.8,0.4,0.5));
#5393 = VECTOR('',#5394,1.);
#5394 = DIRECTION('',(1.,0.,0.));
#5395 = ORIENTED_EDGE('',*,*,#5396,.F.);
#5396 = EDGE_CURVE('',#4945,#5389,#5397,.T.);
#5397 = LINE('',#5398,#5399);
#5398 = CARTESIAN_POINT('',(-0.77,-0.4,0.5));
#5399 = VECTOR('',#5400,1.);
#5400 = DIRECTION('',(0.,1.,0.));
#5401 = ORIENTED_EDGE('',*,*,#4953,.T.);
#5402 = ORIENTED_EDGE('',*,*,#5403,.F.);
#5403 = EDGE_CURVE('',#5365,#4954,#5404,.T.);
#5404 = LINE('',#5405,#5406);
#5405 = CARTESIAN_POINT('',(-0.725,-0.35,0.5));
#5406 = VECTOR('',#5407,1.);
#5407 = DIRECTION('',(0.,-1.,0.));
#5408 = ORIENTED_EDGE('',*,*,#5372,.F.);
#5409 = ORIENTED_EDGE('',*,*,#4869,.T.);
#5410 = ORIENTED_EDGE('',*,*,#5316,.F.);
#5411 = ORIENTED_EDGE('',*,*,#5341,.F.);
#5412 = PLANE('',#5413);
#5413 = AXIS2_PLACEMENT_3D('',#5414,#5415,#5416);
#5414 = CARTESIAN_POINT('',(-0.8,-0.4,0.5));
#5415 = DIRECTION('',(0.,0.,1.));
#5416 = DIRECTION('',(1.,0.,-0.));
#5417 = ADVANCED_FACE('',(#5418),#5424,.F.);
#5418 = FACE_BOUND('',#5419,.F.);
#5419 = EDGE_LOOP('',(#5420,#5421,#5422,#5423));
#5420 = ORIENTED_EDGE('',*,*,#5403,.F.);
#5421 = ORIENTED_EDGE('',*,*,#5364,.T.);
#5422 = ORIENTED_EDGE('',*,*,#4893,.F.);
#5423 = ORIENTED_EDGE('',*,*,#4961,.T.);
#5424 = PLANE('',#5425);
#5425 = AXIS2_PLACEMENT_3D('',#5426,#5427,#5428);
#5426 = CARTESIAN_POINT('',(-0.725,-0.3,0.75));
#5427 = DIRECTION('',(-1.,0.,0.));
#5428 = DIRECTION('',(0.,-1.,0.));
#5429 = ADVANCED_FACE('',(#5430),#5487,.F.);
#5430 = FACE_BOUND('',#5431,.F.);
#5431 = EDGE_LOOP('',(#5432,#5442,#5448,#5449,#5457,#5465,#5473,#5481));
#5432 = ORIENTED_EDGE('',*,*,#5433,.F.);
#5433 = EDGE_CURVE('',#5434,#5436,#5438,.T.);
#5434 = VERTEX_POINT('',#5435);
#5435 = CARTESIAN_POINT('',(-0.77,0.4,-3.469446951954E-18));
#5436 = VERTEX_POINT('',#5437);
#5437 = CARTESIAN_POINT('',(-0.725,0.4,0.));
#5438 = LINE('',#5439,#5440);
#5439 = CARTESIAN_POINT('',(-0.8,0.4,0.));
#5440 = VECTOR('',#5441,1.);
#5441 = DIRECTION('',(1.,0.,0.));
#5442 = ORIENTED_EDGE('',*,*,#5443,.F.);
#5443 = EDGE_CURVE('',#4918,#5434,#5444,.T.);
#5444 = LINE('',#5445,#5446);
#5445 = CARTESIAN_POINT('',(-0.77,-0.4,-3.469446951954E-18));
#5446 = VECTOR('',#5447,1.);
#5447 = DIRECTION('',(0.,1.,0.));
#5448 = ORIENTED_EDGE('',*,*,#4917,.T.);
#5449 = ORIENTED_EDGE('',*,*,#5450,.F.);
#5450 = EDGE_CURVE('',#5451,#4920,#5453,.T.);
#5451 = VERTEX_POINT('',#5452);
#5452 = CARTESIAN_POINT('',(-0.725,-0.3,0.));
#5453 = LINE('',#5454,#5455);
#5454 = CARTESIAN_POINT('',(-0.725,-0.35,0.));
#5455 = VECTOR('',#5456,1.);
#5456 = DIRECTION('',(0.,-1.,0.));
#5457 = ORIENTED_EDGE('',*,*,#5458,.F.);
#5458 = EDGE_CURVE('',#5459,#5451,#5461,.T.);
#5459 = VERTEX_POINT('',#5460);
#5460 = CARTESIAN_POINT('',(-0.53,-0.3,-3.469446951954E-18));
#5461 = LINE('',#5462,#5463);
#5462 = CARTESIAN_POINT('',(-3.75E-02,-0.3,0.));
#5463 = VECTOR('',#5464,1.);
#5464 = DIRECTION('',(-1.,0.,0.));
#5465 = ORIENTED_EDGE('',*,*,#5466,.T.);
#5466 = EDGE_CURVE('',#5459,#5467,#5469,.T.);
#5467 = VERTEX_POINT('',#5468);
#5468 = CARTESIAN_POINT('',(-0.53,0.3,-3.469446951954E-18));
#5469 = LINE('',#5470,#5471);
#5470 = CARTESIAN_POINT('',(-0.53,-0.4,-3.469446951954E-18));
#5471 = VECTOR('',#5472,1.);
#5472 = DIRECTION('',(0.,1.,0.));
#5473 = ORIENTED_EDGE('',*,*,#5474,.F.);
#5474 = EDGE_CURVE('',#5475,#5467,#5477,.T.);
#5475 = VERTEX_POINT('',#5476);
#5476 = CARTESIAN_POINT('',(-0.725,0.3,0.));
#5477 = LINE('',#5478,#5479);
#5478 = CARTESIAN_POINT('',(-0.7625,0.3,0.));
#5479 = VECTOR('',#5480,1.);
#5480 = DIRECTION('',(1.,0.,0.));
#5481 = ORIENTED_EDGE('',*,*,#5482,.F.);
#5482 = EDGE_CURVE('',#5436,#5475,#5483,.T.);
#5483 = LINE('',#5484,#5485);
#5484 = CARTESIAN_POINT('',(-0.725,5.E-02,0.));
#5485 = VECTOR('',#5486,1.);
#5486 = DIRECTION('',(0.,-1.,0.));
#5487 = PLANE('',#5488);
#5488 = AXIS2_PLACEMENT_3D('',#5489,#5490,#5491);
#5489 = CARTESIAN_POINT('',(-0.8,-0.4,0.));
#5490 = DIRECTION('',(0.,0.,1.));
#5491 = DIRECTION('',(1.,0.,-0.));
#5492 = ADVANCED_FACE('',(#5493),#5512,.T.);
#5493 = FACE_BOUND('',#5494,.T.);
#5494 = EDGE_LOOP('',(#5495,#5503,#5510,#5511));
#5495 = ORIENTED_EDGE('',*,*,#5496,.T.);
#5496 = EDGE_CURVE('',#4928,#5497,#5499,.T.);
#5497 = VERTEX_POINT('',#5498);
#5498 = CARTESIAN_POINT('',(-0.8,0.4,3.E-02));
#5499 = LINE('',#5500,#5501);
#5500 = CARTESIAN_POINT('',(-0.8,-0.4,3.E-02));
#5501 = VECTOR('',#5502,1.);
#5502 = DIRECTION('',(0.,1.,0.));
#5503 = ORIENTED_EDGE('',*,*,#5504,.T.);
#5504 = EDGE_CURVE('',#5497,#5434,#5505,.T.);
#5505 = CIRCLE('',#5506,3.E-02);
#5506 = AXIS2_PLACEMENT_3D('',#5507,#5508,#5509);
#5507 = CARTESIAN_POINT('',(-0.77,0.4,3.E-02));
#5508 = DIRECTION('',(0.,-1.,0.));
#5509 = DIRECTION('',(0.,0.,1.));
#5510 = ORIENTED_EDGE('',*,*,#5443,.F.);
#5511 = ORIENTED_EDGE('',*,*,#4927,.F.);
#5512 = CYLINDRICAL_SURFACE('',#5513,3.E-02);
#5513 = AXIS2_PLACEMENT_3D('',#5514,#5515,#5516);
#5514 = CARTESIAN_POINT('',(-0.77,-0.4,3.E-02));
#5515 = DIRECTION('',(0.,1.,0.));
#5516 = DIRECTION('',(-1.,0.,0.));
#5517 = ADVANCED_FACE('',(#5518),#5529,.F.);
#5518 = FACE_BOUND('',#5519,.F.);
#5519 = EDGE_LOOP('',(#5520,#5521,#5527,#5528));
#5520 = ORIENTED_EDGE('',*,*,#4984,.T.);
#5521 = ORIENTED_EDGE('',*,*,#5522,.T.);
#5522 = EDGE_CURVE('',#4985,#5451,#5523,.T.);
#5523 = LINE('',#5524,#5525);
#5524 = CARTESIAN_POINT('',(-0.725,-0.3,0.75));
#5525 = VECTOR('',#5526,1.);
#5526 = DIRECTION('',(-0.,-0.,-1.));
#5527 = ORIENTED_EDGE('',*,*,#5450,.T.);
#5528 = ORIENTED_EDGE('',*,*,#4970,.T.);
#5529 = PLANE('',#5530);
#5530 = AXIS2_PLACEMENT_3D('',#5531,#5532,#5533);
#5531 = CARTESIAN_POINT('',(-0.725,-0.3,0.75));
#5532 = DIRECTION('',(-1.,0.,0.));
#5533 = DIRECTION('',(0.,-1.,0.));
#5534 = ADVANCED_FACE('',(#5535),#5553,.F.);
#5535 = FACE_BOUND('',#5536,.F.);
#5536 = EDGE_LOOP('',(#5537,#5538,#5539,#5547));
#5537 = ORIENTED_EDGE('',*,*,#4936,.F.);
#5538 = ORIENTED_EDGE('',*,*,#5496,.T.);
#5539 = ORIENTED_EDGE('',*,*,#5540,.T.);
#5540 = EDGE_CURVE('',#5497,#5541,#5543,.T.);
#5541 = VERTEX_POINT('',#5542);
#5542 = CARTESIAN_POINT('',(-0.8,0.4,0.47));
#5543 = LINE('',#5544,#5545);
#5544 = CARTESIAN_POINT('',(-0.8,0.4,0.));
#5545 = VECTOR('',#5546,1.);
#5546 = DIRECTION('',(0.,0.,1.));
#5547 = ORIENTED_EDGE('',*,*,#5548,.F.);
#5548 = EDGE_CURVE('',#4937,#5541,#5549,.T.);
#5549 = LINE('',#5550,#5551);
#5550 = CARTESIAN_POINT('',(-0.8,-0.4,0.47));
#5551 = VECTOR('',#5552,1.);
#5552 = DIRECTION('',(0.,1.,0.));
#5553 = PLANE('',#5554);
#5554 = AXIS2_PLACEMENT_3D('',#5555,#5556,#5557);
#5555 = CARTESIAN_POINT('',(-0.8,-0.4,0.));
#5556 = DIRECTION('',(1.,0.,0.));
#5557 = DIRECTION('',(0.,0.,1.));
#5558 = ADVANCED_FACE('',(#5559),#5571,.T.);
#5559 = FACE_BOUND('',#5560,.T.);
#5560 = EDGE_LOOP('',(#5561,#5562,#5563,#5570));
#5561 = ORIENTED_EDGE('',*,*,#4944,.T.);
#5562 = ORIENTED_EDGE('',*,*,#5396,.T.);
#5563 = ORIENTED_EDGE('',*,*,#5564,.F.);
#5564 = EDGE_CURVE('',#5541,#5389,#5565,.T.);
#5565 = CIRCLE('',#5566,3.E-02);
#5566 = AXIS2_PLACEMENT_3D('',#5567,#5568,#5569);
#5567 = CARTESIAN_POINT('',(-0.77,0.4,0.47));
#5568 = DIRECTION('',(0.,1.,0.));
#5569 = DIRECTION('',(0.,-0.,1.));
#5570 = ORIENTED_EDGE('',*,*,#5548,.F.);
#5571 = CYLINDRICAL_SURFACE('',#5572,3.E-02);
#5572 = AXIS2_PLACEMENT_3D('',#5573,#5574,#5575);
#5573 = CARTESIAN_POINT('',(-0.77,-0.4,0.47));
#5574 = DIRECTION('',(0.,1.,0.));
#5575 = DIRECTION('',(-1.,0.,0.));
#5576 = ADVANCED_FACE('',(#5577),#5589,.F.);
#5577 = FACE_BOUND('',#5578,.F.);
#5578 = EDGE_LOOP('',(#5579,#5580,#5581,#5588));
#5579 = ORIENTED_EDGE('',*,*,#5522,.F.);
#5580 = ORIENTED_EDGE('',*,*,#5065,.T.);
#5581 = ORIENTED_EDGE('',*,*,#5582,.T.);
#5582 = EDGE_CURVE('',#5058,#5459,#5583,.T.);
#5583 = CIRCLE('',#5584,3.E-02);
#5584 = AXIS2_PLACEMENT_3D('',#5585,#5586,#5587);
#5585 = CARTESIAN_POINT('',(-0.53,-0.3,3.E-02));
#5586 = DIRECTION('',(-0.,1.,0.));
#5587 = DIRECTION('',(1.,0.,0.));
#5588 = ORIENTED_EDGE('',*,*,#5458,.T.);
#5589 = PLANE('',#5590);
#5590 = AXIS2_PLACEMENT_3D('',#5591,#5592,#5593);
#5591 = CARTESIAN_POINT('',(0.725,-0.3,0.75));
#5592 = DIRECTION('',(0.,1.,0.));
#5593 = DIRECTION('',(-1.,0.,0.));
#5594 = ADVANCED_FACE('',(#5595),#5607,.T.);
#5595 = FACE_BOUND('',#5596,.T.);
#5596 = EDGE_LOOP('',(#5597,#5598,#5599,#5600));
#5597 = ORIENTED_EDGE('',*,*,#5057,.F.);
#5598 = ORIENTED_EDGE('',*,*,#5582,.T.);
#5599 = ORIENTED_EDGE('',*,*,#5466,.T.);
#5600 = ORIENTED_EDGE('',*,*,#5601,.F.);
#5601 = EDGE_CURVE('',#5050,#5467,#5602,.T.);
#5602 = CIRCLE('',#5603,3.E-02);
#5603 = AXIS2_PLACEMENT_3D('',#5604,#5605,#5606);
#5604 = CARTESIAN_POINT('',(-0.53,0.3,3.E-02));
#5605 = DIRECTION('',(-0.,1.,0.));
#5606 = DIRECTION('',(1.,0.,0.));
#5607 = CYLINDRICAL_SURFACE('',#5608,3.E-02);
#5608 = AXIS2_PLACEMENT_3D('',#5609,#5610,#5611);
#5609 = CARTESIAN_POINT('',(-0.53,-0.4,3.E-02));
#5610 = DIRECTION('',(0.,1.,0.));
#5611 = DIRECTION('',(1.,0.,0.));
#5612 = ADVANCED_FACE('',(#5613),#5624,.F.);
#5613 = FACE_BOUND('',#5614,.F.);
#5614 = EDGE_LOOP('',(#5615,#5616,#5622,#5623));
#5615 = ORIENTED_EDGE('',*,*,#5049,.T.);
#5616 = ORIENTED_EDGE('',*,*,#5617,.T.);
#5617 = EDGE_CURVE('',#5042,#5475,#5618,.T.);
#5618 = LINE('',#5619,#5620);
#5619 = CARTESIAN_POINT('',(-0.725,0.3,0.75));
#5620 = VECTOR('',#5621,1.);
#5621 = DIRECTION('',(-0.,-0.,-1.));
#5622 = ORIENTED_EDGE('',*,*,#5474,.T.);
#5623 = ORIENTED_EDGE('',*,*,#5601,.F.);
#5624 = PLANE('',#5625);
#5625 = AXIS2_PLACEMENT_3D('',#5626,#5627,#5628);
#5626 = CARTESIAN_POINT('',(-0.725,0.3,0.75));
#5627 = DIRECTION('',(0.,-1.,0.));
#5628 = DIRECTION('',(1.,0.,0.));
#5629 = ADVANCED_FACE('',(#5630),#5641,.F.);
#5630 = FACE_BOUND('',#5631,.F.);
#5631 = EDGE_LOOP('',(#5632,#5633,#5634,#5640));
#5632 = ORIENTED_EDGE('',*,*,#5617,.F.);
#5633 = ORIENTED_EDGE('',*,*,#5041,.T.);
#5634 = ORIENTED_EDGE('',*,*,#5635,.F.);
#5635 = EDGE_CURVE('',#5436,#5034,#5636,.T.);
#5636 = LINE('',#5637,#5638);
#5637 = CARTESIAN_POINT('',(-0.725,0.4,0.375));
#5638 = VECTOR('',#5639,1.);
#5639 = DIRECTION('',(0.,0.,1.));
#5640 = ORIENTED_EDGE('',*,*,#5482,.T.);
#5641 = PLANE('',#5642);
#5642 = AXIS2_PLACEMENT_3D('',#5643,#5644,#5645);
#5643 = CARTESIAN_POINT('',(-0.725,0.5,0.75));
#5644 = DIRECTION('',(-1.,0.,0.));
#5645 = DIRECTION('',(0.,-1.,0.));
#5646 = ADVANCED_FACE('',(#5647),#5672,.F.);
#5647 = FACE_BOUND('',#5648,.F.);
#5648 = EDGE_LOOP('',(#5649,#5650,#5658,#5666));
#5649 = ORIENTED_EDGE('',*,*,#5025,.T.);
#5650 = ORIENTED_EDGE('',*,*,#5651,.T.);
#5651 = EDGE_CURVE('',#5018,#5652,#5654,.T.);
#5652 = VERTEX_POINT('',#5653);
#5653 = CARTESIAN_POINT('',(0.725,0.3,0.));
#5654 = LINE('',#5655,#5656);
#5655 = CARTESIAN_POINT('',(0.725,0.3,0.75));
#5656 = VECTOR('',#5657,1.);
#5657 = DIRECTION('',(-0.,-0.,-1.));
#5658 = ORIENTED_EDGE('',*,*,#5659,.T.);
#5659 = EDGE_CURVE('',#5652,#5660,#5662,.T.);
#5660 = VERTEX_POINT('',#5661);
#5661 = CARTESIAN_POINT('',(0.725,0.4,0.));
#5662 = LINE('',#5663,#5664);
#5663 = CARTESIAN_POINT('',(0.725,-5.E-02,0.));
#5664 = VECTOR('',#5665,1.);
#5665 = DIRECTION('',(0.,1.,0.));
#5666 = ORIENTED_EDGE('',*,*,#5667,.F.);
#5667 = EDGE_CURVE('',#5026,#5660,#5668,.T.);
#5668 = LINE('',#5669,#5670);
#5669 = CARTESIAN_POINT('',(0.725,0.4,0.375));
#5670 = VECTOR('',#5671,1.);
#5671 = DIRECTION('',(0.,0.,-1.));
#5672 = PLANE('',#5673);
#5673 = AXIS2_PLACEMENT_3D('',#5674,#5675,#5676);
#5674 = CARTESIAN_POINT('',(0.725,0.3,0.75));
#5675 = DIRECTION('',(1.,0.,0.));
#5676 = DIRECTION('',(-0.,1.,0.));
#5677 = ADVANCED_FACE('',(#5678),#5697,.F.);
#5678 = FACE_BOUND('',#5679,.F.);
#5679 = EDGE_LOOP('',(#5680,#5681,#5682,#5691));
#5680 = ORIENTED_EDGE('',*,*,#5651,.F.);
#5681 = ORIENTED_EDGE('',*,*,#5017,.T.);
#5682 = ORIENTED_EDGE('',*,*,#5683,.F.);
#5683 = EDGE_CURVE('',#5684,#5010,#5686,.T.);
#5684 = VERTEX_POINT('',#5685);
#5685 = CARTESIAN_POINT('',(0.53,0.3,-3.469446951954E-18));
#5686 = CIRCLE('',#5687,3.E-02);
#5687 = AXIS2_PLACEMENT_3D('',#5688,#5689,#5690);
#5688 = CARTESIAN_POINT('',(0.53,0.3,3.E-02));
#5689 = DIRECTION('',(0.,1.,-0.));
#5690 = DIRECTION('',(-1.,0.,0.));
#5691 = ORIENTED_EDGE('',*,*,#5692,.T.);
#5692 = EDGE_CURVE('',#5684,#5652,#5693,.T.);
#5693 = LINE('',#5694,#5695);
#5694 = CARTESIAN_POINT('',(-0.1125,0.3,0.));
#5695 = VECTOR('',#5696,1.);
#5696 = DIRECTION('',(1.,0.,0.));
#5697 = PLANE('',#5698);
#5698 = AXIS2_PLACEMENT_3D('',#5699,#5700,#5701);
#5699 = CARTESIAN_POINT('',(-0.725,0.3,0.75));
#5700 = DIRECTION('',(0.,-1.,0.));
#5701 = DIRECTION('',(1.,0.,0.));
#5702 = ADVANCED_FACE('',(#5703),#5722,.T.);
#5703 = FACE_BOUND('',#5704,.T.);
#5704 = EDGE_LOOP('',(#5705,#5706,#5714,#5721));
#5705 = ORIENTED_EDGE('',*,*,#5683,.F.);
#5706 = ORIENTED_EDGE('',*,*,#5707,.F.);
#5707 = EDGE_CURVE('',#5708,#5684,#5710,.T.);
#5708 = VERTEX_POINT('',#5709);
#5709 = CARTESIAN_POINT('',(0.53,-0.3,-3.469446951954E-18));
#5710 = LINE('',#5711,#5712);
#5711 = CARTESIAN_POINT('',(0.53,-0.4,-3.469446951954E-18));
#5712 = VECTOR('',#5713,1.);
#5713 = DIRECTION('',(0.,1.,0.));
#5714 = ORIENTED_EDGE('',*,*,#5715,.T.);
#5715 = EDGE_CURVE('',#5708,#5002,#5716,.T.);
#5716 = CIRCLE('',#5717,3.E-02);
#5717 = AXIS2_PLACEMENT_3D('',#5718,#5719,#5720);
#5718 = CARTESIAN_POINT('',(0.53,-0.3,3.E-02));
#5719 = DIRECTION('',(0.,1.,-0.));
#5720 = DIRECTION('',(-1.,0.,0.));
#5721 = ORIENTED_EDGE('',*,*,#5009,.T.);
#5722 = CYLINDRICAL_SURFACE('',#5723,3.E-02);
#5723 = AXIS2_PLACEMENT_3D('',#5724,#5725,#5726);
#5724 = CARTESIAN_POINT('',(0.53,-0.4,3.E-02));
#5725 = DIRECTION('',(0.,1.,0.));
#5726 = DIRECTION('',(-1.,0.,0.));
#5727 = ADVANCED_FACE('',(#5728),#5746,.F.);
#5728 = FACE_BOUND('',#5729,.F.);
#5729 = EDGE_LOOP('',(#5730,#5731,#5739,#5745));
#5730 = ORIENTED_EDGE('',*,*,#5001,.T.);
#5731 = ORIENTED_EDGE('',*,*,#5732,.T.);
#5732 = EDGE_CURVE('',#4994,#5733,#5735,.T.);
#5733 = VERTEX_POINT('',#5734);
#5734 = CARTESIAN_POINT('',(0.725,-0.3,0.));
#5735 = LINE('',#5736,#5737);
#5736 = CARTESIAN_POINT('',(0.725,-0.3,0.75));
#5737 = VECTOR('',#5738,1.);
#5738 = DIRECTION('',(-0.,-0.,-1.));
#5739 = ORIENTED_EDGE('',*,*,#5740,.T.);
#5740 = EDGE_CURVE('',#5733,#5708,#5741,.T.);
#5741 = LINE('',#5742,#5743);
#5742 = CARTESIAN_POINT('',(0.6125,-0.3,0.));
#5743 = VECTOR('',#5744,1.);
#5744 = DIRECTION('',(-1.,0.,0.));
#5745 = ORIENTED_EDGE('',*,*,#5715,.T.);
#5746 = PLANE('',#5747);
#5747 = AXIS2_PLACEMENT_3D('',#5748,#5749,#5750);
#5748 = CARTESIAN_POINT('',(0.725,-0.3,0.75));
#5749 = DIRECTION('',(0.,1.,0.));
#5750 = DIRECTION('',(-1.,0.,0.));
#5751 = ADVANCED_FACE('',(#5752),#5763,.F.);
#5752 = FACE_BOUND('',#5753,.F.);
#5753 = EDGE_LOOP('',(#5754,#5755,#5756,#5757));
#5754 = ORIENTED_EDGE('',*,*,#5732,.F.);
#5755 = ORIENTED_EDGE('',*,*,#4993,.T.);
#5756 = ORIENTED_EDGE('',*,*,#5115,.T.);
#5757 = ORIENTED_EDGE('',*,*,#5758,.T.);
#5758 = EDGE_CURVE('',#5106,#5733,#5759,.T.);
#5759 = LINE('',#5760,#5761);
#5760 = CARTESIAN_POINT('',(0.725,-0.45,0.));
#5761 = VECTOR('',#5762,1.);
#5762 = DIRECTION('',(0.,1.,0.));
#5763 = PLANE('',#5764);
#5764 = AXIS2_PLACEMENT_3D('',#5765,#5766,#5767);
#5765 = CARTESIAN_POINT('',(0.725,-0.5,0.75));
#5766 = DIRECTION('',(1.,0.,0.));
#5767 = DIRECTION('',(-0.,1.,0.));
#5768 = ADVANCED_FACE('',(#5769),#5794,.T.);
#5769 = FACE_BOUND('',#5770,.T.);
#5770 = EDGE_LOOP('',(#5771,#5779,#5780,#5788));
#5771 = ORIENTED_EDGE('',*,*,#5772,.T.);
#5772 = EDGE_CURVE('',#5773,#5074,#5775,.T.);
#5773 = VERTEX_POINT('',#5774);
#5774 = CARTESIAN_POINT('',(0.277128129211,0.32,1.5E-02));
#5775 = LINE('',#5776,#5777);
#5776 = CARTESIAN_POINT('',(0.277128129211,0.32,1.5E-02));
#5777 = VECTOR('',#5778,1.);
#5778 = DIRECTION('',(0.,0.,1.));
#5779 = ORIENTED_EDGE('',*,*,#5073,.T.);
#5780 = ORIENTED_EDGE('',*,*,#5781,.F.);
#5781 = EDGE_CURVE('',#5782,#5076,#5784,.T.);
#5782 = VERTEX_POINT('',#5783);
#5783 = CARTESIAN_POINT('',(0.277128129211,-0.32,1.5E-02));
#5784 = LINE('',#5785,#5786);
#5785 = CARTESIAN_POINT('',(0.277128129211,-0.32,1.5E-02));
#5786 = VECTOR('',#5787,1.);
#5787 = DIRECTION('',(0.,0.,1.));
#5788 = ORIENTED_EDGE('',*,*,#5789,.F.);
#5789 = EDGE_CURVE('',#5773,#5782,#5790,.T.);
#5790 = LINE('',#5791,#5792);
#5791 = CARTESIAN_POINT('',(0.277128129211,0.32,1.5E-02));
#5792 = VECTOR('',#5793,1.);
#5793 = DIRECTION('',(0.,-1.,0.));
#5794 = PLANE('',#5795);
#5795 = AXIS2_PLACEMENT_3D('',#5796,#5797,#5798);
#5796 = CARTESIAN_POINT('',(0.277128129211,0.32,1.5E-02));
#5797 = DIRECTION('',(1.,0.,0.));
#5798 = DIRECTION('',(0.,-1.,0.));
#5799 = ADVANCED_FACE('',(#5800),#5818,.T.);
#5800 = FACE_BOUND('',#5801,.T.);
#5801 = EDGE_LOOP('',(#5802,#5810,#5811,#5812));
#5802 = ORIENTED_EDGE('',*,*,#5803,.T.);
#5803 = EDGE_CURVE('',#5804,#5084,#5806,.T.);
#5804 = VERTEX_POINT('',#5805);
#5805 = CARTESIAN_POINT('',(-0.277128129211,0.,1.5E-02));
#5806 = LINE('',#5807,#5808);
#5807 = CARTESIAN_POINT('',(-0.277128129211,0.,1.5E-02));
#5808 = VECTOR('',#5809,1.);
#5809 = DIRECTION('',(0.,0.,1.));
#5810 = ORIENTED_EDGE('',*,*,#5091,.T.);
#5811 = ORIENTED_EDGE('',*,*,#5772,.F.);
#5812 = ORIENTED_EDGE('',*,*,#5813,.F.);
#5813 = EDGE_CURVE('',#5804,#5773,#5814,.T.);
#5814 = LINE('',#5815,#5816);
#5815 = CARTESIAN_POINT('',(-0.277128129211,0.,1.5E-02));
#5816 = VECTOR('',#5817,1.);
#5817 = DIRECTION('',(0.866025403784,0.5,0.));
#5818 = PLANE('',#5819);
#5819 = AXIS2_PLACEMENT_3D('',#5820,#5821,#5822);
#5820 = CARTESIAN_POINT('',(-0.277128129211,0.,1.5E-02));
#5821 = DIRECTION('',(-0.5,0.866025403784,0.));
#5822 = DIRECTION('',(0.866025403784,0.5,0.));
#5823 = ADVANCED_FACE('',(#5824),#5835,.T.);
#5824 = FACE_BOUND('',#5825,.T.);
#5825 = EDGE_LOOP('',(#5826,#5827,#5828,#5829));
#5826 = ORIENTED_EDGE('',*,*,#5781,.T.);
#5827 = ORIENTED_EDGE('',*,*,#5083,.T.);
#5828 = ORIENTED_EDGE('',*,*,#5803,.F.);
#5829 = ORIENTED_EDGE('',*,*,#5830,.F.);
#5830 = EDGE_CURVE('',#5782,#5804,#5831,.T.);
#5831 = LINE('',#5832,#5833);
#5832 = CARTESIAN_POINT('',(0.277128129211,-0.32,1.5E-02));
#5833 = VECTOR('',#5834,1.);
#5834 = DIRECTION('',(-0.866025403784,0.5,0.));
#5835 = PLANE('',#5836);
#5836 = AXIS2_PLACEMENT_3D('',#5837,#5838,#5839);
#5837 = CARTESIAN_POINT('',(0.277128129211,-0.32,1.5E-02));
#5838 = DIRECTION('',(-0.5,-0.866025403784,0.));
#5839 = DIRECTION('',(-0.866025403784,0.5,0.));
#5840 = ADVANCED_FACE('',(#5841),#5863,.F.);
#5841 = FACE_BOUND('',#5842,.F.);
#5842 = EDGE_LOOP('',(#5843,#5851,#5852,#5853,#5854,#5855,#5856,#5857));
#5843 = ORIENTED_EDGE('',*,*,#5844,.F.);
#5844 = EDGE_CURVE('',#5660,#5845,#5847,.T.);
#5845 = VERTEX_POINT('',#5846);
#5846 = CARTESIAN_POINT('',(0.77,0.4,-3.469446951954E-18));
#5847 = LINE('',#5848,#5849);
#5848 = CARTESIAN_POINT('',(0.5,0.4,0.));
#5849 = VECTOR('',#5850,1.);
#5850 = DIRECTION('',(1.,0.,0.));
#5851 = ORIENTED_EDGE('',*,*,#5659,.F.);
#5852 = ORIENTED_EDGE('',*,*,#5692,.F.);
#5853 = ORIENTED_EDGE('',*,*,#5707,.F.);
#5854 = ORIENTED_EDGE('',*,*,#5740,.F.);
#5855 = ORIENTED_EDGE('',*,*,#5758,.F.);
#5856 = ORIENTED_EDGE('',*,*,#5105,.T.);
#5857 = ORIENTED_EDGE('',*,*,#5858,.T.);
#5858 = EDGE_CURVE('',#5108,#5845,#5859,.T.);
#5859 = LINE('',#5860,#5861);
#5860 = CARTESIAN_POINT('',(0.77,-0.4,-3.469446951954E-18));
#5861 = VECTOR('',#5862,1.);
#5862 = DIRECTION('',(0.,1.,0.));
#5863 = PLANE('',#5864);
#5864 = AXIS2_PLACEMENT_3D('',#5865,#5866,#5867);
#5865 = CARTESIAN_POINT('',(0.5,-0.4,0.));
#5866 = DIRECTION('',(0.,0.,1.));
#5867 = DIRECTION('',(1.,0.,-0.));
#5868 = ADVANCED_FACE('',(#5869),#5888,.T.);
#5869 = FACE_BOUND('',#5870,.T.);
#5870 = EDGE_LOOP('',(#5871,#5872,#5873,#5882));
#5871 = ORIENTED_EDGE('',*,*,#5157,.T.);
#5872 = ORIENTED_EDGE('',*,*,#5858,.T.);
#5873 = ORIENTED_EDGE('',*,*,#5874,.F.);
#5874 = EDGE_CURVE('',#5875,#5845,#5877,.T.);
#5875 = VERTEX_POINT('',#5876);
#5876 = CARTESIAN_POINT('',(0.8,0.4,3.E-02));
#5877 = CIRCLE('',#5878,3.E-02);
#5878 = AXIS2_PLACEMENT_3D('',#5879,#5880,#5881);
#5879 = CARTESIAN_POINT('',(0.77,0.4,3.E-02));
#5880 = DIRECTION('',(0.,1.,0.));
#5881 = DIRECTION('',(0.,-0.,1.));
#5882 = ORIENTED_EDGE('',*,*,#5883,.F.);
#5883 = EDGE_CURVE('',#5150,#5875,#5884,.T.);
#5884 = LINE('',#5885,#5886);
#5885 = CARTESIAN_POINT('',(0.8,-0.4,3.E-02));
#5886 = VECTOR('',#5887,1.);
#5887 = DIRECTION('',(0.,1.,0.));
#5888 = CYLINDRICAL_SURFACE('',#5889,3.E-02);
#5889 = AXIS2_PLACEMENT_3D('',#5890,#5891,#5892);
#5890 = CARTESIAN_POINT('',(0.77,-0.4,3.E-02));
#5891 = DIRECTION('',(0.,1.,0.));
#5892 = DIRECTION('',(1.,0.,0.));
#5893 = ADVANCED_FACE('',(#5894),#5912,.T.);
#5894 = FACE_BOUND('',#5895,.T.);
#5895 = EDGE_LOOP('',(#5896,#5897,#5898,#5906));
#5896 = ORIENTED_EDGE('',*,*,#5149,.F.);
#5897 = ORIENTED_EDGE('',*,*,#5883,.T.);
#5898 = ORIENTED_EDGE('',*,*,#5899,.T.);
#5899 = EDGE_CURVE('',#5875,#5900,#5902,.T.);
#5900 = VERTEX_POINT('',#5901);
#5901 = CARTESIAN_POINT('',(0.8,0.4,0.47));
#5902 = LINE('',#5903,#5904);
#5903 = CARTESIAN_POINT('',(0.8,0.4,0.));
#5904 = VECTOR('',#5905,1.);
#5905 = DIRECTION('',(0.,0.,1.));
#5906 = ORIENTED_EDGE('',*,*,#5907,.F.);
#5907 = EDGE_CURVE('',#5141,#5900,#5908,.T.);
#5908 = LINE('',#5909,#5910);
#5909 = CARTESIAN_POINT('',(0.8,-0.4,0.47));
#5910 = VECTOR('',#5911,1.);
#5911 = DIRECTION('',(0.,1.,0.));
#5912 = PLANE('',#5913);
#5913 = AXIS2_PLACEMENT_3D('',#5914,#5915,#5916);
#5914 = CARTESIAN_POINT('',(0.8,-0.4,0.));
#5915 = DIRECTION('',(1.,0.,0.));
#5916 = DIRECTION('',(0.,0.,1.));
#5917 = ADVANCED_FACE('',(#5918),#5937,.T.);
#5918 = FACE_BOUND('',#5919,.T.);
#5919 = EDGE_LOOP('',(#5920,#5921,#5930,#5936));
#5920 = ORIENTED_EDGE('',*,*,#5907,.T.);
#5921 = ORIENTED_EDGE('',*,*,#5922,.T.);
#5922 = EDGE_CURVE('',#5900,#5923,#5925,.T.);
#5923 = VERTEX_POINT('',#5924);
#5924 = CARTESIAN_POINT('',(0.77,0.4,0.5));
#5925 = CIRCLE('',#5926,3.E-02);
#5926 = AXIS2_PLACEMENT_3D('',#5927,#5928,#5929);
#5927 = CARTESIAN_POINT('',(0.77,0.4,0.47));
#5928 = DIRECTION('',(0.,-1.,0.));
#5929 = DIRECTION('',(0.,0.,1.));
#5930 = ORIENTED_EDGE('',*,*,#5931,.F.);
#5931 = EDGE_CURVE('',#5133,#5923,#5932,.T.);
#5932 = LINE('',#5933,#5934);
#5933 = CARTESIAN_POINT('',(0.77,-0.4,0.5));
#5934 = VECTOR('',#5935,1.);
#5935 = DIRECTION('',(0.,1.,0.));
#5936 = ORIENTED_EDGE('',*,*,#5140,.F.);
#5937 = CYLINDRICAL_SURFACE('',#5938,3.E-02);
#5938 = AXIS2_PLACEMENT_3D('',#5939,#5940,#5941);
#5939 = CARTESIAN_POINT('',(0.77,-0.4,0.47));
#5940 = DIRECTION('',(0.,1.,0.));
#5941 = DIRECTION('',(1.,0.,0.));
#5942 = ADVANCED_FACE('',(#5943),#5984,.T.);
#5943 = FACE_BOUND('',#5944,.T.);
#5944 = EDGE_LOOP('',(#5945,#5953,#5961,#5967,#5968,#5976,#5982,#5983));
#5945 = ORIENTED_EDGE('',*,*,#5946,.F.);
#5946 = EDGE_CURVE('',#5947,#5923,#5949,.T.);
#5947 = VERTEX_POINT('',#5948);
#5948 = CARTESIAN_POINT('',(0.725,0.4,0.5));
#5949 = LINE('',#5950,#5951);
#5950 = CARTESIAN_POINT('',(0.5,0.4,0.5));
#5951 = VECTOR('',#5952,1.);
#5952 = DIRECTION('',(1.,0.,0.));
#5953 = ORIENTED_EDGE('',*,*,#5954,.F.);
#5954 = EDGE_CURVE('',#5955,#5947,#5957,.T.);
#5955 = VERTEX_POINT('',#5956);
#5956 = CARTESIAN_POINT('',(0.725,0.3,0.5));
#5957 = LINE('',#5958,#5959);
#5958 = CARTESIAN_POINT('',(0.725,-5.E-02,0.5));
#5959 = VECTOR('',#5960,1.);
#5960 = DIRECTION('',(0.,1.,0.));
#5961 = ORIENTED_EDGE('',*,*,#5962,.F.);
#5962 = EDGE_CURVE('',#5238,#5955,#5963,.T.);
#5963 = LINE('',#5964,#5965);
#5964 = CARTESIAN_POINT('',(-0.1125,0.3,0.5));
#5965 = VECTOR('',#5966,1.);
#5966 = DIRECTION('',(1.,0.,0.));
#5967 = ORIENTED_EDGE('',*,*,#5237,.F.);
#5968 = ORIENTED_EDGE('',*,*,#5969,.F.);
#5969 = EDGE_CURVE('',#5970,#5229,#5972,.T.);
#5970 = VERTEX_POINT('',#5971);
#5971 = CARTESIAN_POINT('',(0.725,-0.3,0.5));
#5972 = LINE('',#5973,#5974);
#5973 = CARTESIAN_POINT('',(0.6125,-0.3,0.5));
#5974 = VECTOR('',#5975,1.);
#5975 = DIRECTION('',(-1.,0.,0.));
#5976 = ORIENTED_EDGE('',*,*,#5977,.F.);
#5977 = EDGE_CURVE('',#5125,#5970,#5978,.T.);
#5978 = LINE('',#5979,#5980);
#5979 = CARTESIAN_POINT('',(0.725,-0.45,0.5));
#5980 = VECTOR('',#5981,1.);
#5981 = DIRECTION('',(0.,1.,0.));
#5982 = ORIENTED_EDGE('',*,*,#5132,.T.);
#5983 = ORIENTED_EDGE('',*,*,#5931,.T.);
#5984 = PLANE('',#5985);
#5985 = AXIS2_PLACEMENT_3D('',#5986,#5987,#5988);
#5986 = CARTESIAN_POINT('',(0.5,-0.4,0.5));
#5987 = DIRECTION('',(0.,0.,1.));
#5988 = DIRECTION('',(1.,0.,-0.));
#5989 = ADVANCED_FACE('',(#5990),#6001,.F.);
#5990 = FACE_BOUND('',#5991,.F.);
#5991 = EDGE_LOOP('',(#5992,#5998,#5999,#6000));
#5992 = ORIENTED_EDGE('',*,*,#5993,.F.);
#5993 = EDGE_CURVE('',#5970,#5173,#5994,.T.);
#5994 = LINE('',#5995,#5996);
#5995 = CARTESIAN_POINT('',(0.725,-0.3,0.75));
#5996 = VECTOR('',#5997,1.);
#5997 = DIRECTION('',(-0.,-0.,-1.));
#5998 = ORIENTED_EDGE('',*,*,#5977,.F.);
#5999 = ORIENTED_EDGE('',*,*,#5124,.T.);
#6000 = ORIENTED_EDGE('',*,*,#5182,.F.);
#6001 = PLANE('',#6002);
#6002 = AXIS2_PLACEMENT_3D('',#6003,#6004,#6005);
#6003 = CARTESIAN_POINT('',(0.725,-0.5,0.75));
#6004 = DIRECTION('',(1.,0.,0.));
#6005 = DIRECTION('',(-0.,1.,0.));
#6006 = ADVANCED_FACE('',(#6007),#6013,.F.);
#6007 = FACE_BOUND('',#6008,.F.);
#6008 = EDGE_LOOP('',(#6009,#6010,#6011,#6012));
#6009 = ORIENTED_EDGE('',*,*,#5969,.F.);
#6010 = ORIENTED_EDGE('',*,*,#5993,.T.);
#6011 = ORIENTED_EDGE('',*,*,#5172,.F.);
#6012 = ORIENTED_EDGE('',*,*,#5228,.T.);
#6013 = PLANE('',#6014);
#6014 = AXIS2_PLACEMENT_3D('',#6015,#6016,#6017);
#6015 = CARTESIAN_POINT('',(0.725,-0.3,0.75));
#6016 = DIRECTION('',(0.,1.,0.));
#6017 = DIRECTION('',(-1.,0.,0.));
#6018 = ADVANCED_FACE('',(#6019),#6035,.F.);
#6019 = FACE_BOUND('',#6020,.F.);
#6020 = EDGE_LOOP('',(#6021,#6022,#6028,#6029));
#6021 = ORIENTED_EDGE('',*,*,#5954,.F.);
#6022 = ORIENTED_EDGE('',*,*,#6023,.T.);
#6023 = EDGE_CURVE('',#5955,#5206,#6024,.T.);
#6024 = LINE('',#6025,#6026);
#6025 = CARTESIAN_POINT('',(0.725,0.3,0.75));
#6026 = VECTOR('',#6027,1.);
#6027 = DIRECTION('',(-0.,-0.,-1.));
#6028 = ORIENTED_EDGE('',*,*,#5213,.F.);
#6029 = ORIENTED_EDGE('',*,*,#6030,.F.);
#6030 = EDGE_CURVE('',#5947,#5197,#6031,.T.);
#6031 = LINE('',#6032,#6033);
#6032 = CARTESIAN_POINT('',(0.725,0.4,0.375));
#6033 = VECTOR('',#6034,1.);
#6034 = DIRECTION('',(0.,0.,-1.));
#6035 = PLANE('',#6036);
#6036 = AXIS2_PLACEMENT_3D('',#6037,#6038,#6039);
#6037 = CARTESIAN_POINT('',(0.725,0.3,0.75));
#6038 = DIRECTION('',(1.,0.,0.));
#6039 = DIRECTION('',(-0.,1.,0.));
#6040 = ADVANCED_FACE('',(#6041),#6047,.F.);
#6041 = FACE_BOUND('',#6042,.F.);
#6042 = EDGE_LOOP('',(#6043,#6044,#6045,#6046));
#6043 = ORIENTED_EDGE('',*,*,#6023,.F.);
#6044 = ORIENTED_EDGE('',*,*,#5962,.F.);
#6045 = ORIENTED_EDGE('',*,*,#5245,.F.);
#6046 = ORIENTED_EDGE('',*,*,#5205,.F.);
#6047 = PLANE('',#6048);
#6048 = AXIS2_PLACEMENT_3D('',#6049,#6050,#6051);
#6049 = CARTESIAN_POINT('',(-0.725,0.3,0.75));
#6050 = DIRECTION('',(0.,-1.,0.));
#6051 = DIRECTION('',(1.,0.,0.));
#6052 = ADVANCED_FACE('',(#6053),#6065,.T.);
#6053 = FACE_BOUND('',#6054,.T.);
#6054 = EDGE_LOOP('',(#6055,#6056,#6057,#6058,#6059,#6060,#6061,#6062,
    #6063,#6064));
#6055 = ORIENTED_EDGE('',*,*,#5433,.F.);
#6056 = ORIENTED_EDGE('',*,*,#5504,.F.);
#6057 = ORIENTED_EDGE('',*,*,#5540,.T.);
#6058 = ORIENTED_EDGE('',*,*,#5564,.T.);
#6059 = ORIENTED_EDGE('',*,*,#5388,.T.);
#6060 = ORIENTED_EDGE('',*,*,#5349,.F.);
#6061 = ORIENTED_EDGE('',*,*,#5276,.F.);
#6062 = ORIENTED_EDGE('',*,*,#5268,.F.);
#6063 = ORIENTED_EDGE('',*,*,#5260,.T.);
#6064 = ORIENTED_EDGE('',*,*,#5635,.F.);
#6065 = PLANE('',#6066);
#6066 = AXIS2_PLACEMENT_3D('',#6067,#6068,#6069);
#6067 = CARTESIAN_POINT('',(-0.8,0.4,0.));
#6068 = DIRECTION('',(0.,1.,0.));
#6069 = DIRECTION('',(0.,-0.,1.));
#6070 = ADVANCED_FACE('',(#6071),#6083,.T.);
#6071 = FACE_BOUND('',#6072,.T.);
#6072 = EDGE_LOOP('',(#6073,#6074,#6075,#6076,#6077,#6078,#6079,#6080,
    #6081,#6082));
#6073 = ORIENTED_EDGE('',*,*,#5844,.F.);
#6074 = ORIENTED_EDGE('',*,*,#5667,.F.);
#6075 = ORIENTED_EDGE('',*,*,#5301,.T.);
#6076 = ORIENTED_EDGE('',*,*,#5293,.T.);
#6077 = ORIENTED_EDGE('',*,*,#5285,.F.);
#6078 = ORIENTED_EDGE('',*,*,#6030,.F.);
#6079 = ORIENTED_EDGE('',*,*,#5946,.T.);
#6080 = ORIENTED_EDGE('',*,*,#5922,.F.);
#6081 = ORIENTED_EDGE('',*,*,#5899,.F.);
#6082 = ORIENTED_EDGE('',*,*,#5874,.T.);
#6083 = PLANE('',#6084);
#6084 = AXIS2_PLACEMENT_3D('',#6085,#6086,#6087);
#6085 = CARTESIAN_POINT('',(0.5,0.4,0.));
#6086 = DIRECTION('',(0.,1.,0.));
#6087 = DIRECTION('',(0.,-0.,1.));
#6088 = ADVANCED_FACE('',(#6089),#6094,.T.);
#6089 = FACE_BOUND('',#6090,.T.);
#6090 = EDGE_LOOP('',(#6091,#6092,#6093));
#6091 = ORIENTED_EDGE('',*,*,#5813,.T.);
#6092 = ORIENTED_EDGE('',*,*,#5789,.T.);
#6093 = ORIENTED_EDGE('',*,*,#5830,.T.);
#6094 = PLANE('',#6095);
#6095 = AXIS2_PLACEMENT_3D('',#6096,#6097,#6098);
#6096 = CARTESIAN_POINT('',(9.237604307034E-02,0.,1.5E-02));
#6097 = DIRECTION('',(-0.,-0.,-1.));
#6098 = DIRECTION('',(-1.,0.,0.));
#6099 = ( GEOMETRIC_REPRESENTATION_CONTEXT(3) 
GLOBAL_UNCERTAINTY_ASSIGNED_CONTEXT((#6103)) 
GLOBAL_UNIT_ASSIGNED_CONTEXT((#6100,#6101,#6102)) REPRESENTATION_CONTEXT
('Context #1','3D Context with UNIT and UNCERTAINTY') );
#6100 = ( LENGTH_UNIT() NAMED_UNIT(*) SI_UNIT(.MILLI.,.METRE.) );
#6101 = ( NAMED_UNIT(*) PLANE_ANGLE_UNIT() SI_UNIT($,.RADIAN.) );
#6102 = ( NAMED_UNIT(*) SI_UNIT($,.STERADIAN.) SOLID_ANGLE_UNIT() );
#6103 = UNCERTAINTY_MEASURE_WITH_UNIT(LENGTH_MEASURE(1.E-07),#6100,
  'distance_accuracy_value','confusion accuracy');
#6104 = CONTEXT_DEPENDENT_SHAPE_REPRESENTATION(#6105,#6107);
#6105 = ( REPRESENTATION_RELATIONSHIP('','',#4575,#10) 
REPRESENTATION_RELATIONSHIP_WITH_TRANSFORMATION(#6106) 
SHAPE_REPRESENTATION_RELATIONSHIP() );
#6106 = ITEM_DEFINED_TRANSFORMATION('','',#11,#19);
#6107 = PRODUCT_DEFINITION_SHAPE('Placement','Placement of an item',
  #6108);
#6108 = NEXT_ASSEMBLY_USAGE_OCCURRENCE('2','D2','',#5,#4570,$);
#6109 = PRODUCT_RELATED_PRODUCT_CATEGORY('part',$,(#4572));
#6110 = SHAPE_DEFINITION_REPRESENTATION(#6111,#6117);
#6111 = PRODUCT_DEFINITION_SHAPE('','',#6112);
#6112 = PRODUCT_DEFINITION('design','',#6113,#6116);
#6113 = PRODUCT_DEFINITION_FORMATION('','',#6114);
#6114 = PRODUCT('JST_XH_B2B-XH-A_1x02_P2.50mm_Vertical',
  'JST_XH_B2B-XH-A_1x02_P2.50mm_Vertical','',(#6115));
#6115 = PRODUCT_CONTEXT('',#2,'mechanical');
#6116 = PRODUCT_DEFINITION_CONTEXT('part definition',#2,'design');
#6117 = ADVANCED_BREP_SHAPE_REPRESENTATION('',(#11,#6118),#8833);
#6118 = MANIFOLD_SOLID_BREP('',#6119);
#6119 = CLOSED_SHELL('',(#6120,#6192,#6231,#6255,#6320,#6344,#6432,#6456
    ,#6521,#6546,#6595,#6612,#6636,#6653,#6791,#6815,#6985,#7009,#7042,
    #7066,#7097,#7114,#7147,#7171,#7202,#7214,#7247,#7264,#7281,#7293,
    #7373,#7390,#7407,#7424,#7441,#7458,#7475,#7492,#7509,#7526,#7543,
    #7555,#7572,#7589,#7635,#7681,#7712,#7736,#7760,#7777,#7808,#7832,
    #7856,#7873,#7936,#7960,#8016,#8033,#8096,#8120,#8176,#8193,#8224,
    #8248,#8272,#8289,#8320,#8344,#8368,#8385,#8432,#8463,#8475,#8492,
    #8518,#8551,#8598,#8629,#8641,#8658,#8684,#8717,#8729,#8741,#8758,
    #8775,#8787,#8804,#8821));
#6120 = ADVANCED_FACE('',(#6121),#6187,.T.);
#6121 = FACE_BOUND('',#6122,.T.);
#6122 = EDGE_LOOP('',(#6123,#6133,#6141,#6149,#6157,#6165,#6173,#6181));
#6123 = ORIENTED_EDGE('',*,*,#6124,.T.);
#6124 = EDGE_CURVE('',#6125,#6127,#6129,.T.);
#6125 = VERTEX_POINT('',#6126);
#6126 = CARTESIAN_POINT('',(-1.8,0.5,7.));
#6127 = VERTEX_POINT('',#6128);
#6128 = CARTESIAN_POINT('',(-2.45,0.5,7.));
#6129 = LINE('',#6130,#6131);
#6130 = CARTESIAN_POINT('',(4.95,0.5,7.));
#6131 = VECTOR('',#6132,1.);
#6132 = DIRECTION('',(-1.,1.224646799147E-16,0.));
#6133 = ORIENTED_EDGE('',*,*,#6134,.T.);
#6134 = EDGE_CURVE('',#6127,#6135,#6137,.T.);
#6135 = VERTEX_POINT('',#6136);
#6136 = CARTESIAN_POINT('',(-2.45,-3.4,7.));
#6137 = LINE('',#6138,#6139);
#6138 = CARTESIAN_POINT('',(-2.45,2.35,7.));
#6139 = VECTOR('',#6140,1.);
#6140 = DIRECTION('',(-1.224646799147E-16,-1.,0.));
#6141 = ORIENTED_EDGE('',*,*,#6142,.T.);
#6142 = EDGE_CURVE('',#6135,#6143,#6145,.T.);
#6143 = VERTEX_POINT('',#6144);
#6144 = CARTESIAN_POINT('',(4.95,-3.4,7.));
#6145 = LINE('',#6146,#6147);
#6146 = CARTESIAN_POINT('',(-2.45,-3.4,7.));
#6147 = VECTOR('',#6148,1.);
#6148 = DIRECTION('',(1.,-1.224646799147E-16,0.));
#6149 = ORIENTED_EDGE('',*,*,#6150,.T.);
#6150 = EDGE_CURVE('',#6143,#6151,#6153,.T.);
#6151 = VERTEX_POINT('',#6152);
#6152 = CARTESIAN_POINT('',(4.95,0.5,7.));
#6153 = LINE('',#6154,#6155);
#6154 = CARTESIAN_POINT('',(4.95,-3.4,7.));
#6155 = VECTOR('',#6156,1.);
#6156 = DIRECTION('',(1.224646799147E-16,1.,0.));
#6157 = ORIENTED_EDGE('',*,*,#6158,.T.);
#6158 = EDGE_CURVE('',#6151,#6159,#6161,.T.);
#6159 = VERTEX_POINT('',#6160);
#6160 = CARTESIAN_POINT('',(4.3,0.5,7.));
#6161 = LINE('',#6162,#6163);
#6162 = CARTESIAN_POINT('',(4.95,0.5,7.));
#6163 = VECTOR('',#6164,1.);
#6164 = DIRECTION('',(-1.,1.224646799147E-16,0.));
#6165 = ORIENTED_EDGE('',*,*,#6166,.F.);
#6166 = EDGE_CURVE('',#6167,#6159,#6169,.T.);
#6167 = VERTEX_POINT('',#6168);
#6168 = CARTESIAN_POINT('',(4.3,-2.85,7.));
#6169 = LINE('',#6170,#6171);
#6170 = CARTESIAN_POINT('',(4.3,-2.65,7.));
#6171 = VECTOR('',#6172,1.);
#6172 = DIRECTION('',(1.224646799147E-16,1.,0.));
#6173 = ORIENTED_EDGE('',*,*,#6174,.F.);
#6174 = EDGE_CURVE('',#6175,#6167,#6177,.T.);
#6175 = VERTEX_POINT('',#6176);
#6176 = CARTESIAN_POINT('',(-1.8,-2.85,7.));
#6177 = LINE('',#6178,#6179);
#6178 = CARTESIAN_POINT('',(-1.6,-2.85,7.));
#6179 = VECTOR('',#6180,1.);
#6180 = DIRECTION('',(1.,-1.224646799147E-16,0.));
#6181 = ORIENTED_EDGE('',*,*,#6182,.F.);
#6182 = EDGE_CURVE('',#6125,#6175,#6183,.T.);
#6183 = LINE('',#6184,#6185);
#6184 = CARTESIAN_POINT('',(-1.8,0.5,7.));
#6185 = VECTOR('',#6186,1.);
#6186 = DIRECTION('',(-1.224646799147E-16,-1.,0.));
#6187 = PLANE('',#6188);
#6188 = AXIS2_PLACEMENT_3D('',#6189,#6190,#6191);
#6189 = CARTESIAN_POINT('',(1.25,-0.525,7.));
#6190 = DIRECTION('',(0.,0.,1.));
#6191 = DIRECTION('',(-1.,1.224646799147E-16,0.));
#6192 = ADVANCED_FACE('',(#6193),#6226,.T.);
#6193 = FACE_BOUND('',#6194,.T.);
#6194 = EDGE_LOOP('',(#6195,#6205,#6213,#6219,#6220));
#6195 = ORIENTED_EDGE('',*,*,#6196,.T.);
#6196 = EDGE_CURVE('',#6197,#6199,#6201,.T.);
#6197 = VERTEX_POINT('',#6198);
#6198 = CARTESIAN_POINT('',(-1.6,0.5,6.8));
#6199 = VERTEX_POINT('',#6200);
#6200 = CARTESIAN_POINT('',(-1.6,0.5,3.65));
#6201 = LINE('',#6202,#6203);
#6202 = CARTESIAN_POINT('',(-1.6,0.5,5.325));
#6203 = VECTOR('',#6204,1.);
#6204 = DIRECTION('',(-0.,0.,-1.));
#6205 = ORIENTED_EDGE('',*,*,#6206,.T.);
#6206 = EDGE_CURVE('',#6199,#6207,#6209,.T.);
#6207 = VERTEX_POINT('',#6208);
#6208 = CARTESIAN_POINT('',(-2.45,0.5,3.65));
#6209 = LINE('',#6210,#6211);
#6210 = CARTESIAN_POINT('',(4.95,0.5,3.65));
#6211 = VECTOR('',#6212,1.);
#6212 = DIRECTION('',(-1.,1.224646799147E-16,0.));
#6213 = ORIENTED_EDGE('',*,*,#6214,.T.);
#6214 = EDGE_CURVE('',#6207,#6127,#6215,.T.);
#6215 = LINE('',#6216,#6217);
#6216 = CARTESIAN_POINT('',(-2.45,0.5,1.825));
#6217 = VECTOR('',#6218,1.);
#6218 = DIRECTION('',(0.,0.,1.));
#6219 = ORIENTED_EDGE('',*,*,#6124,.F.);
#6220 = ORIENTED_EDGE('',*,*,#6221,.T.);
#6221 = EDGE_CURVE('',#6125,#6197,#6222,.T.);
#6222 = LINE('',#6223,#6224);
#6223 = CARTESIAN_POINT('',(0.775,0.5,4.425));
#6224 = VECTOR('',#6225,1.);
#6225 = DIRECTION('',(0.707106781187,-8.659560562349E-17,-0.707106781187
    ));
#6226 = PLANE('',#6227);
#6227 = AXIS2_PLACEMENT_3D('',#6228,#6229,#6230);
#6228 = CARTESIAN_POINT('',(4.95,0.5,3.65));
#6229 = DIRECTION('',(1.224646799147E-16,1.,0.));
#6230 = DIRECTION('',(0.,-0.,1.));
#6231 = ADVANCED_FACE('',(#6232),#6250,.F.);
#6232 = FACE_BOUND('',#6233,.T.);
#6233 = EDGE_LOOP('',(#6234,#6235,#6236,#6244));
#6234 = ORIENTED_EDGE('',*,*,#6221,.F.);
#6235 = ORIENTED_EDGE('',*,*,#6182,.T.);
#6236 = ORIENTED_EDGE('',*,*,#6237,.T.);
#6237 = EDGE_CURVE('',#6175,#6238,#6240,.T.);
#6238 = VERTEX_POINT('',#6239);
#6239 = CARTESIAN_POINT('',(-1.6,-2.65,6.8));
#6240 = LINE('',#6241,#6242);
#6241 = CARTESIAN_POINT('',(-1.141666666667,-2.191666666667,
    6.341666666667));
#6242 = VECTOR('',#6243,1.);
#6243 = DIRECTION('',(0.57735026919,0.57735026919,-0.57735026919));
#6244 = ORIENTED_EDGE('',*,*,#6245,.F.);
#6245 = EDGE_CURVE('',#6197,#6238,#6246,.T.);
#6246 = LINE('',#6247,#6248);
#6247 = CARTESIAN_POINT('',(-1.6,0.5,6.8));
#6248 = VECTOR('',#6249,1.);
#6249 = DIRECTION('',(-1.224646799147E-16,-1.,0.));
#6250 = PLANE('',#6251);
#6251 = AXIS2_PLACEMENT_3D('',#6252,#6253,#6254);
#6252 = CARTESIAN_POINT('',(-1.7,0.5,6.9));
#6253 = DIRECTION('',(-0.707106781187,8.659560562349E-17,-0.707106781187
    ));
#6254 = DIRECTION('',(1.224646799147E-16,1.,-2.105272540809E-29));
#6255 = ADVANCED_FACE('',(#6256),#6315,.F.);
#6256 = FACE_BOUND('',#6257,.F.);
#6257 = EDGE_LOOP('',(#6258,#6268,#6276,#6284,#6292,#6301,#6307,#6308,
    #6309));
#6258 = ORIENTED_EDGE('',*,*,#6259,.F.);
#6259 = EDGE_CURVE('',#6260,#6262,#6264,.T.);
#6260 = VERTEX_POINT('',#6261);
#6261 = CARTESIAN_POINT('',(-2.45,2.35,0.));
#6262 = VERTEX_POINT('',#6263);
#6263 = CARTESIAN_POINT('',(-2.45,-3.4,0.));
#6264 = LINE('',#6265,#6266);
#6265 = CARTESIAN_POINT('',(-2.45,2.35,0.));
#6266 = VECTOR('',#6267,1.);
#6267 = DIRECTION('',(-1.224646799147E-16,-1.,0.));
#6268 = ORIENTED_EDGE('',*,*,#6269,.T.);
#6269 = EDGE_CURVE('',#6260,#6270,#6272,.T.);
#6270 = VERTEX_POINT('',#6271);
#6271 = CARTESIAN_POINT('',(-2.45,2.35,7.));
#6272 = LINE('',#6273,#6274);
#6273 = CARTESIAN_POINT('',(-2.45,2.35,0.));
#6274 = VECTOR('',#6275,1.);
#6275 = DIRECTION('',(0.,0.,1.));
#6276 = ORIENTED_EDGE('',*,*,#6277,.T.);
#6277 = EDGE_CURVE('',#6270,#6278,#6280,.T.);
#6278 = VERTEX_POINT('',#6279);
#6279 = CARTESIAN_POINT('',(-2.45,1.5,7.));
#6280 = LINE('',#6281,#6282);
#6281 = CARTESIAN_POINT('',(-2.45,2.35,7.));
#6282 = VECTOR('',#6283,1.);
#6283 = DIRECTION('',(-1.224646799147E-16,-1.,0.));
#6284 = ORIENTED_EDGE('',*,*,#6285,.T.);
#6285 = EDGE_CURVE('',#6278,#6286,#6288,.T.);
#6286 = VERTEX_POINT('',#6287);
#6287 = CARTESIAN_POINT('',(-2.45,1.5,4.15));
#6288 = LINE('',#6289,#6290);
#6289 = CARTESIAN_POINT('',(-2.45,1.5,3.5));
#6290 = VECTOR('',#6291,1.);
#6291 = DIRECTION('',(-0.,0.,-1.));
#6292 = ORIENTED_EDGE('',*,*,#6293,.F.);
#6293 = EDGE_CURVE('',#6294,#6286,#6296,.T.);
#6294 = VERTEX_POINT('',#6295);
#6295 = CARTESIAN_POINT('',(-2.45,1.,3.65));
#6296 = CIRCLE('',#6297,0.5);
#6297 = AXIS2_PLACEMENT_3D('',#6298,#6299,#6300);
#6298 = CARTESIAN_POINT('',(-2.45,1.,4.15));
#6299 = DIRECTION('',(1.,-1.224646799147E-16,0.));
#6300 = DIRECTION('',(1.224646799147E-16,1.,0.));
#6301 = ORIENTED_EDGE('',*,*,#6302,.T.);
#6302 = EDGE_CURVE('',#6294,#6207,#6303,.T.);
#6303 = LINE('',#6304,#6305);
#6304 = CARTESIAN_POINT('',(-2.45,1.675,3.65));
#6305 = VECTOR('',#6306,1.);
#6306 = DIRECTION('',(-1.224646799147E-16,-1.,0.));
#6307 = ORIENTED_EDGE('',*,*,#6214,.T.);
#6308 = ORIENTED_EDGE('',*,*,#6134,.T.);
#6309 = ORIENTED_EDGE('',*,*,#6310,.F.);
#6310 = EDGE_CURVE('',#6262,#6135,#6311,.T.);
#6311 = LINE('',#6312,#6313);
#6312 = CARTESIAN_POINT('',(-2.45,-3.4,0.));
#6313 = VECTOR('',#6314,1.);
#6314 = DIRECTION('',(0.,0.,1.));
#6315 = PLANE('',#6316);
#6316 = AXIS2_PLACEMENT_3D('',#6317,#6318,#6319);
#6317 = CARTESIAN_POINT('',(-2.45,2.35,0.));
#6318 = DIRECTION('',(1.,-1.224646799147E-16,0.));
#6319 = DIRECTION('',(-1.224646799147E-16,-1.,0.));
#6320 = ADVANCED_FACE('',(#6321),#6339,.F.);
#6321 = FACE_BOUND('',#6322,.T.);
#6322 = EDGE_LOOP('',(#6323,#6324,#6325,#6333));
#6323 = ORIENTED_EDGE('',*,*,#6237,.F.);
#6324 = ORIENTED_EDGE('',*,*,#6174,.T.);
#6325 = ORIENTED_EDGE('',*,*,#6326,.T.);
#6326 = EDGE_CURVE('',#6167,#6327,#6329,.T.);
#6327 = VERTEX_POINT('',#6328);
#6328 = CARTESIAN_POINT('',(4.1,-2.65,6.8));
#6329 = LINE('',#6330,#6331);
#6330 = CARTESIAN_POINT('',(3.216666666667,-1.766666666667,
    5.916666666667));
#6331 = VECTOR('',#6332,1.);
#6332 = DIRECTION('',(-0.57735026919,0.57735026919,-0.57735026919));
#6333 = ORIENTED_EDGE('',*,*,#6334,.F.);
#6334 = EDGE_CURVE('',#6238,#6327,#6335,.T.);
#6335 = LINE('',#6336,#6337);
#6336 = CARTESIAN_POINT('',(-1.6,-2.65,6.8));
#6337 = VECTOR('',#6338,1.);
#6338 = DIRECTION('',(1.,-1.224646799147E-16,0.));
#6339 = PLANE('',#6340);
#6340 = AXIS2_PLACEMENT_3D('',#6341,#6342,#6343);
#6341 = CARTESIAN_POINT('',(-1.6,-2.75,6.9));
#6342 = DIRECTION('',(-8.659560562349E-17,-0.707106781187,
    -0.707106781187));
#6343 = DIRECTION('',(-1.,1.224646799147E-16,-2.105272540809E-29));
#6344 = ADVANCED_FACE('',(#6345),#6427,.F.);
#6345 = FACE_BOUND('',#6346,.F.);
#6346 = EDGE_LOOP('',(#6347,#6355,#6356,#6357,#6365,#6373,#6381,#6389,
    #6397,#6405,#6413,#6421));
#6347 = ORIENTED_EDGE('',*,*,#6348,.F.);
#6348 = EDGE_CURVE('',#6262,#6349,#6351,.T.);
#6349 = VERTEX_POINT('',#6350);
#6350 = CARTESIAN_POINT('',(-0.75,-3.4,0.));
#6351 = LINE('',#6352,#6353);
#6352 = CARTESIAN_POINT('',(-2.45,-3.4,0.));
#6353 = VECTOR('',#6354,1.);
#6354 = DIRECTION('',(1.,-1.224646799147E-16,0.));
#6355 = ORIENTED_EDGE('',*,*,#6310,.T.);
#6356 = ORIENTED_EDGE('',*,*,#6142,.T.);
#6357 = ORIENTED_EDGE('',*,*,#6358,.F.);
#6358 = EDGE_CURVE('',#6359,#6143,#6361,.T.);
#6359 = VERTEX_POINT('',#6360);
#6360 = CARTESIAN_POINT('',(4.95,-3.4,0.));
#6361 = LINE('',#6362,#6363);
#6362 = CARTESIAN_POINT('',(4.95,-3.4,0.));
#6363 = VECTOR('',#6364,1.);
#6364 = DIRECTION('',(0.,0.,1.));
#6365 = ORIENTED_EDGE('',*,*,#6366,.F.);
#6366 = EDGE_CURVE('',#6367,#6359,#6369,.T.);
#6367 = VERTEX_POINT('',#6368);
#6368 = CARTESIAN_POINT('',(3.25,-3.4,0.));
#6369 = LINE('',#6370,#6371);
#6370 = CARTESIAN_POINT('',(-2.45,-3.4,0.));
#6371 = VECTOR('',#6372,1.);
#6372 = DIRECTION('',(1.,-1.224646799147E-16,0.));
#6373 = ORIENTED_EDGE('',*,*,#6374,.F.);
#6374 = EDGE_CURVE('',#6375,#6367,#6377,.T.);
#6375 = VERTEX_POINT('',#6376);
#6376 = CARTESIAN_POINT('',(3.25,-3.4,1.));
#6377 = LINE('',#6378,#6379);
#6378 = CARTESIAN_POINT('',(3.25,-3.4,1.));
#6379 = VECTOR('',#6380,1.);
#6380 = DIRECTION('',(-0.,0.,-1.));
#6381 = ORIENTED_EDGE('',*,*,#6382,.T.);
#6382 = EDGE_CURVE('',#6375,#6383,#6385,.T.);
#6383 = VERTEX_POINT('',#6384);
#6384 = CARTESIAN_POINT('',(1.75,-3.4,1.));
#6385 = LINE('',#6386,#6387);
#6386 = CARTESIAN_POINT('',(3.25,-3.4,1.));
#6387 = VECTOR('',#6388,1.);
#6388 = DIRECTION('',(-1.,1.224646799147E-16,0.));
#6389 = ORIENTED_EDGE('',*,*,#6390,.T.);
#6390 = EDGE_CURVE('',#6383,#6391,#6393,.T.);
#6391 = VERTEX_POINT('',#6392);
#6392 = CARTESIAN_POINT('',(1.75,-3.4,0.));
#6393 = LINE('',#6394,#6395);
#6394 = CARTESIAN_POINT('',(1.75,-3.4,1.));
#6395 = VECTOR('',#6396,1.);
#6396 = DIRECTION('',(-0.,0.,-1.));
#6397 = ORIENTED_EDGE('',*,*,#6398,.F.);
#6398 = EDGE_CURVE('',#6399,#6391,#6401,.T.);
#6399 = VERTEX_POINT('',#6400);
#6400 = CARTESIAN_POINT('',(0.75,-3.4,0.));
#6401 = LINE('',#6402,#6403);
#6402 = CARTESIAN_POINT('',(-2.45,-3.4,0.));
#6403 = VECTOR('',#6404,1.);
#6404 = DIRECTION('',(1.,-1.224646799147E-16,0.));
#6405 = ORIENTED_EDGE('',*,*,#6406,.F.);
#6406 = EDGE_CURVE('',#6407,#6399,#6409,.T.);
#6407 = VERTEX_POINT('',#6408);
#6408 = CARTESIAN_POINT('',(0.75,-3.4,1.));
#6409 = LINE('',#6410,#6411);
#6410 = CARTESIAN_POINT('',(0.75,-3.4,1.));
#6411 = VECTOR('',#6412,1.);
#6412 = DIRECTION('',(-0.,0.,-1.));
#6413 = ORIENTED_EDGE('',*,*,#6414,.T.);
#6414 = EDGE_CURVE('',#6407,#6415,#6417,.T.);
#6415 = VERTEX_POINT('',#6416);
#6416 = CARTESIAN_POINT('',(-0.75,-3.4,1.));
#6417 = LINE('',#6418,#6419);
#6418 = CARTESIAN_POINT('',(0.75,-3.4,1.));
#6419 = VECTOR('',#6420,1.);
#6420 = DIRECTION('',(-1.,1.224646799147E-16,0.));
#6421 = ORIENTED_EDGE('',*,*,#6422,.T.);
#6422 = EDGE_CURVE('',#6415,#6349,#6423,.T.);
#6423 = LINE('',#6424,#6425);
#6424 = CARTESIAN_POINT('',(-0.75,-3.4,1.));
#6425 = VECTOR('',#6426,1.);
#6426 = DIRECTION('',(-0.,0.,-1.));
#6427 = PLANE('',#6428);
#6428 = AXIS2_PLACEMENT_3D('',#6429,#6430,#6431);
#6429 = CARTESIAN_POINT('',(-2.45,-3.4,0.));
#6430 = DIRECTION('',(1.224646799147E-16,1.,0.));
#6431 = DIRECTION('',(1.,-1.224646799147E-16,0.));
#6432 = ADVANCED_FACE('',(#6433),#6451,.F.);
#6433 = FACE_BOUND('',#6434,.T.);
#6434 = EDGE_LOOP('',(#6435,#6436,#6437,#6445));
#6435 = ORIENTED_EDGE('',*,*,#6326,.F.);
#6436 = ORIENTED_EDGE('',*,*,#6166,.T.);
#6437 = ORIENTED_EDGE('',*,*,#6438,.T.);
#6438 = EDGE_CURVE('',#6159,#6439,#6441,.T.);
#6439 = VERTEX_POINT('',#6440);
#6440 = CARTESIAN_POINT('',(4.1,0.5,6.8));
#6441 = LINE('',#6442,#6443);
#6442 = CARTESIAN_POINT('',(3.575,0.5,6.275));
#6443 = VECTOR('',#6444,1.);
#6444 = DIRECTION('',(-0.707106781187,8.659560562349E-17,-0.707106781187
    ));
#6445 = ORIENTED_EDGE('',*,*,#6446,.F.);
#6446 = EDGE_CURVE('',#6327,#6439,#6447,.T.);
#6447 = LINE('',#6448,#6449);
#6448 = CARTESIAN_POINT('',(4.1,-2.65,6.8));
#6449 = VECTOR('',#6450,1.);
#6450 = DIRECTION('',(1.224646799147E-16,1.,0.));
#6451 = PLANE('',#6452);
#6452 = AXIS2_PLACEMENT_3D('',#6453,#6454,#6455);
#6453 = CARTESIAN_POINT('',(4.2,-2.65,6.9));
#6454 = DIRECTION('',(0.707106781187,-8.659560562349E-17,-0.707106781187
    ));
#6455 = DIRECTION('',(-1.224646799147E-16,-1.,-2.105272540809E-29));
#6456 = ADVANCED_FACE('',(#6457),#6516,.F.);
#6457 = FACE_BOUND('',#6458,.F.);
#6458 = EDGE_LOOP('',(#6459,#6467,#6468,#6469,#6477,#6485,#6494,#6502,
    #6510));
#6459 = ORIENTED_EDGE('',*,*,#6460,.F.);
#6460 = EDGE_CURVE('',#6359,#6461,#6463,.T.);
#6461 = VERTEX_POINT('',#6462);
#6462 = CARTESIAN_POINT('',(4.95,2.35,0.));
#6463 = LINE('',#6464,#6465);
#6464 = CARTESIAN_POINT('',(4.95,-3.4,0.));
#6465 = VECTOR('',#6466,1.);
#6466 = DIRECTION('',(1.224646799147E-16,1.,0.));
#6467 = ORIENTED_EDGE('',*,*,#6358,.T.);
#6468 = ORIENTED_EDGE('',*,*,#6150,.T.);
#6469 = ORIENTED_EDGE('',*,*,#6470,.F.);
#6470 = EDGE_CURVE('',#6471,#6151,#6473,.T.);
#6471 = VERTEX_POINT('',#6472);
#6472 = CARTESIAN_POINT('',(4.95,0.5,3.65));
#6473 = LINE('',#6474,#6475);
#6474 = CARTESIAN_POINT('',(4.95,0.5,3.65));
#6475 = VECTOR('',#6476,1.);
#6476 = DIRECTION('',(0.,0.,1.));
#6477 = ORIENTED_EDGE('',*,*,#6478,.F.);
#6478 = EDGE_CURVE('',#6479,#6471,#6481,.T.);
#6479 = VERTEX_POINT('',#6480);
#6480 = CARTESIAN_POINT('',(4.95,1.,3.65));
#6481 = LINE('',#6482,#6483);
#6482 = CARTESIAN_POINT('',(4.95,1.,3.65));
#6483 = VECTOR('',#6484,1.);
#6484 = DIRECTION('',(-1.224646799147E-16,-1.,0.));
#6485 = ORIENTED_EDGE('',*,*,#6486,.F.);
#6486 = EDGE_CURVE('',#6487,#6479,#6489,.T.);
#6487 = VERTEX_POINT('',#6488);
#6488 = CARTESIAN_POINT('',(4.95,1.5,4.15));
#6489 = CIRCLE('',#6490,0.5);
#6490 = AXIS2_PLACEMENT_3D('',#6491,#6492,#6493);
#6491 = CARTESIAN_POINT('',(4.95,1.,4.15));
#6492 = DIRECTION('',(-1.,1.224646799147E-16,0.));
#6493 = DIRECTION('',(1.224646799147E-16,1.,0.));
#6494 = ORIENTED_EDGE('',*,*,#6495,.F.);
#6495 = EDGE_CURVE('',#6496,#6487,#6498,.T.);
#6496 = VERTEX_POINT('',#6497);
#6497 = CARTESIAN_POINT('',(4.95,1.5,7.));
#6498 = LINE('',#6499,#6500);
#6499 = CARTESIAN_POINT('',(4.95,1.5,7.));
#6500 = VECTOR('',#6501,1.);
#6501 = DIRECTION('',(-0.,0.,-1.));
#6502 = ORIENTED_EDGE('',*,*,#6503,.T.);
#6503 = EDGE_CURVE('',#6496,#6504,#6506,.T.);
#6504 = VERTEX_POINT('',#6505);
#6505 = CARTESIAN_POINT('',(4.95,2.35,7.));
#6506 = LINE('',#6507,#6508);
#6507 = CARTESIAN_POINT('',(4.95,-3.4,7.));
#6508 = VECTOR('',#6509,1.);
#6509 = DIRECTION('',(1.224646799147E-16,1.,0.));
#6510 = ORIENTED_EDGE('',*,*,#6511,.F.);
#6511 = EDGE_CURVE('',#6461,#6504,#6512,.T.);
#6512 = LINE('',#6513,#6514);
#6513 = CARTESIAN_POINT('',(4.95,2.35,0.));
#6514 = VECTOR('',#6515,1.);
#6515 = DIRECTION('',(0.,0.,1.));
#6516 = PLANE('',#6517);
#6517 = AXIS2_PLACEMENT_3D('',#6518,#6519,#6520);
#6518 = CARTESIAN_POINT('',(4.95,-3.4,0.));
#6519 = DIRECTION('',(-1.,1.224646799147E-16,0.));
#6520 = DIRECTION('',(1.224646799147E-16,1.,0.));
#6521 = ADVANCED_FACE('',(#6522),#6541,.T.);
#6522 = FACE_BOUND('',#6523,.T.);
#6523 = EDGE_LOOP('',(#6524,#6525,#6526,#6534,#6540));
#6524 = ORIENTED_EDGE('',*,*,#6158,.F.);
#6525 = ORIENTED_EDGE('',*,*,#6470,.F.);
#6526 = ORIENTED_EDGE('',*,*,#6527,.T.);
#6527 = EDGE_CURVE('',#6471,#6528,#6530,.T.);
#6528 = VERTEX_POINT('',#6529);
#6529 = CARTESIAN_POINT('',(4.1,0.5,3.65));
#6530 = LINE('',#6531,#6532);
#6531 = CARTESIAN_POINT('',(4.95,0.5,3.65));
#6532 = VECTOR('',#6533,1.);
#6533 = DIRECTION('',(-1.,1.224646799147E-16,0.));
#6534 = ORIENTED_EDGE('',*,*,#6535,.T.);
#6535 = EDGE_CURVE('',#6528,#6439,#6536,.T.);
#6536 = LINE('',#6537,#6538);
#6537 = CARTESIAN_POINT('',(4.1,0.5,5.325));
#6538 = VECTOR('',#6539,1.);
#6539 = DIRECTION('',(0.,0.,1.));
#6540 = ORIENTED_EDGE('',*,*,#6438,.F.);
#6541 = PLANE('',#6542);
#6542 = AXIS2_PLACEMENT_3D('',#6543,#6544,#6545);
#6543 = CARTESIAN_POINT('',(4.95,0.5,3.65));
#6544 = DIRECTION('',(1.224646799147E-16,1.,0.));
#6545 = DIRECTION('',(0.,-0.,1.));
#6546 = ADVANCED_FACE('',(#6547),#6590,.F.);
#6547 = FACE_BOUND('',#6548,.F.);
#6548 = EDGE_LOOP('',(#6549,#6550,#6558,#6567,#6575,#6583,#6589));
#6549 = ORIENTED_EDGE('',*,*,#6196,.T.);
#6550 = ORIENTED_EDGE('',*,*,#6551,.T.);
#6551 = EDGE_CURVE('',#6199,#6552,#6554,.T.);
#6552 = VERTEX_POINT('',#6553);
#6553 = CARTESIAN_POINT('',(-1.6,1.,3.65));
#6554 = LINE('',#6555,#6556);
#6555 = CARTESIAN_POINT('',(-1.6,1.25,3.65));
#6556 = VECTOR('',#6557,1.);
#6557 = DIRECTION('',(1.224646799147E-16,1.,0.));
#6558 = ORIENTED_EDGE('',*,*,#6559,.T.);
#6559 = EDGE_CURVE('',#6552,#6560,#6562,.T.);
#6560 = VERTEX_POINT('',#6561);
#6561 = CARTESIAN_POINT('',(-1.6,1.5,4.15));
#6562 = CIRCLE('',#6563,0.5);
#6563 = AXIS2_PLACEMENT_3D('',#6564,#6565,#6566);
#6564 = CARTESIAN_POINT('',(-1.6,1.,4.15));
#6565 = DIRECTION('',(1.,-1.224646799147E-16,0.));
#6566 = DIRECTION('',(1.224646799147E-16,1.,0.));
#6567 = ORIENTED_EDGE('',*,*,#6568,.T.);
#6568 = EDGE_CURVE('',#6560,#6569,#6571,.T.);
#6569 = VERTEX_POINT('',#6570);
#6570 = CARTESIAN_POINT('',(-1.6,1.5,1.85));
#6571 = LINE('',#6572,#6573);
#6572 = CARTESIAN_POINT('',(-1.6,1.5,7.));
#6573 = VECTOR('',#6574,1.);
#6574 = DIRECTION('',(0.,0.,-1.));
#6575 = ORIENTED_EDGE('',*,*,#6576,.T.);
#6576 = EDGE_CURVE('',#6569,#6577,#6579,.T.);
#6577 = VERTEX_POINT('',#6578);
#6578 = CARTESIAN_POINT('',(-1.6,-2.65,1.85));
#6579 = LINE('',#6580,#6581);
#6580 = CARTESIAN_POINT('',(-1.6,1.5,1.85));
#6581 = VECTOR('',#6582,1.);
#6582 = DIRECTION('',(-1.224646799147E-16,-1.,0.));
#6583 = ORIENTED_EDGE('',*,*,#6584,.F.);
#6584 = EDGE_CURVE('',#6238,#6577,#6585,.T.);
#6585 = LINE('',#6586,#6587);
#6586 = CARTESIAN_POINT('',(-1.6,-2.65,7.));
#6587 = VECTOR('',#6588,1.);
#6588 = DIRECTION('',(0.,0.,-1.));
#6589 = ORIENTED_EDGE('',*,*,#6245,.F.);
#6590 = PLANE('',#6591);
#6591 = AXIS2_PLACEMENT_3D('',#6592,#6593,#6594);
#6592 = CARTESIAN_POINT('',(-1.6,1.5,7.));
#6593 = DIRECTION('',(-1.,1.224646799147E-16,0.));
#6594 = DIRECTION('',(-1.224646799147E-16,-1.,0.));
#6595 = ADVANCED_FACE('',(#6596),#6607,.T.);
#6596 = FACE_BOUND('',#6597,.T.);
#6597 = EDGE_LOOP('',(#6598,#6599,#6605,#6606));
#6598 = ORIENTED_EDGE('',*,*,#6551,.T.);
#6599 = ORIENTED_EDGE('',*,*,#6600,.T.);
#6600 = EDGE_CURVE('',#6552,#6294,#6601,.T.);
#6601 = LINE('',#6602,#6603);
#6602 = CARTESIAN_POINT('',(4.95,1.,3.65));
#6603 = VECTOR('',#6604,1.);
#6604 = DIRECTION('',(-1.,1.224646799147E-16,0.));
#6605 = ORIENTED_EDGE('',*,*,#6302,.T.);
#6606 = ORIENTED_EDGE('',*,*,#6206,.F.);
#6607 = PLANE('',#6608);
#6608 = AXIS2_PLACEMENT_3D('',#6609,#6610,#6611);
#6609 = CARTESIAN_POINT('',(4.95,1.,3.65));
#6610 = DIRECTION('',(0.,0.,1.));
#6611 = DIRECTION('',(-1.224646799147E-16,-1.,0.));
#6612 = ADVANCED_FACE('',(#6613),#6631,.F.);
#6613 = FACE_BOUND('',#6614,.F.);
#6614 = EDGE_LOOP('',(#6615,#6616,#6624,#6630));
#6615 = ORIENTED_EDGE('',*,*,#6348,.T.);
#6616 = ORIENTED_EDGE('',*,*,#6617,.T.);
#6617 = EDGE_CURVE('',#6349,#6618,#6620,.T.);
#6618 = VERTEX_POINT('',#6619);
#6619 = CARTESIAN_POINT('',(-0.75,2.35,0.));
#6620 = LINE('',#6621,#6622);
#6621 = CARTESIAN_POINT('',(-0.75,-3.4,0.));
#6622 = VECTOR('',#6623,1.);
#6623 = DIRECTION('',(1.224646799147E-16,1.,0.));
#6624 = ORIENTED_EDGE('',*,*,#6625,.T.);
#6625 = EDGE_CURVE('',#6618,#6260,#6626,.T.);
#6626 = LINE('',#6627,#6628);
#6627 = CARTESIAN_POINT('',(4.95,2.35,0.));
#6628 = VECTOR('',#6629,1.);
#6629 = DIRECTION('',(-1.,1.224646799147E-16,0.));
#6630 = ORIENTED_EDGE('',*,*,#6259,.T.);
#6631 = PLANE('',#6632);
#6632 = AXIS2_PLACEMENT_3D('',#6633,#6634,#6635);
#6633 = CARTESIAN_POINT('',(1.25,-0.525,0.));
#6634 = DIRECTION('',(0.,0.,1.));
#6635 = DIRECTION('',(-1.,1.224646799147E-16,0.));
#6636 = ADVANCED_FACE('',(#6637),#6648,.F.);
#6637 = FACE_BOUND('',#6638,.F.);
#6638 = EDGE_LOOP('',(#6639,#6640,#6641,#6647));
#6639 = ORIENTED_EDGE('',*,*,#6600,.T.);
#6640 = ORIENTED_EDGE('',*,*,#6293,.T.);
#6641 = ORIENTED_EDGE('',*,*,#6642,.F.);
#6642 = EDGE_CURVE('',#6560,#6286,#6643,.T.);
#6643 = LINE('',#6644,#6645);
#6644 = CARTESIAN_POINT('',(4.95,1.5,4.15));
#6645 = VECTOR('',#6646,1.);
#6646 = DIRECTION('',(-1.,1.224646799147E-16,0.));
#6647 = ORIENTED_EDGE('',*,*,#6559,.F.);
#6648 = CYLINDRICAL_SURFACE('',#6649,0.5);
#6649 = AXIS2_PLACEMENT_3D('',#6650,#6651,#6652);
#6650 = CARTESIAN_POINT('',(4.95,1.,4.15));
#6651 = DIRECTION('',(1.,-1.224646799147E-16,-0.));
#6652 = DIRECTION('',(1.224646799147E-16,1.,0.));
#6653 = ADVANCED_FACE('',(#6654),#6786,.T.);
#6654 = FACE_BOUND('',#6655,.T.);
#6655 = EDGE_LOOP('',(#6656,#6657,#6665,#6673,#6681,#6689,#6697,#6706,
    #6714,#6723,#6731,#6739,#6747,#6755,#6761,#6762,#6763,#6764,#6772,
    #6780));
#6656 = ORIENTED_EDGE('',*,*,#6495,.F.);
#6657 = ORIENTED_EDGE('',*,*,#6658,.T.);
#6658 = EDGE_CURVE('',#6496,#6659,#6661,.T.);
#6659 = VERTEX_POINT('',#6660);
#6660 = CARTESIAN_POINT('',(3.,1.5,7.));
#6661 = LINE('',#6662,#6663);
#6662 = CARTESIAN_POINT('',(4.95,1.5,7.));
#6663 = VECTOR('',#6664,1.);
#6664 = DIRECTION('',(-1.,1.224646799147E-16,0.));
#6665 = ORIENTED_EDGE('',*,*,#6666,.T.);
#6666 = EDGE_CURVE('',#6659,#6667,#6669,.T.);
#6667 = VERTEX_POINT('',#6668);
#6668 = CARTESIAN_POINT('',(3.,1.5,6.1));
#6669 = LINE('',#6670,#6671);
#6670 = CARTESIAN_POINT('',(3.,1.5,5.340388446215));
#6671 = VECTOR('',#6672,1.);
#6672 = DIRECTION('',(-2.467162276945E-16,8.387236609414E-17,-1.));
#6673 = ORIENTED_EDGE('',*,*,#6674,.T.);
#6674 = EDGE_CURVE('',#6667,#6675,#6677,.T.);
#6675 = VERTEX_POINT('',#6676);
#6676 = CARTESIAN_POINT('',(2.75,1.5,5.85));
#6677 = LINE('',#6678,#6679);
#6678 = CARTESIAN_POINT('',(2.057694223108,1.5,5.157694223108));
#6679 = VECTOR('',#6680,1.);
#6680 = DIRECTION('',(-0.707106781187,1.459023244428E-16,-0.707106781187
    ));
#6681 = ORIENTED_EDGE('',*,*,#6682,.T.);
#6682 = EDGE_CURVE('',#6675,#6683,#6685,.T.);
#6683 = VERTEX_POINT('',#6684);
#6684 = CARTESIAN_POINT('',(3.,1.5,5.6));
#6685 = LINE('',#6686,#6687);
#6686 = CARTESIAN_POINT('',(2.817305776892,1.5,5.782694223108));
#6687 = VECTOR('',#6688,1.);
#6688 = DIRECTION('',(0.707106781187,-2.72888868042E-17,-0.707106781187)
  );
#6689 = ORIENTED_EDGE('',*,*,#6690,.T.);
#6690 = EDGE_CURVE('',#6683,#6691,#6693,.T.);
#6691 = VERTEX_POINT('',#6692);
#6692 = CARTESIAN_POINT('',(3.,1.5,3.85));
#6693 = LINE('',#6694,#6695);
#6694 = CARTESIAN_POINT('',(3.,1.5,3.840388446215));
#6695 = VECTOR('',#6696,1.);
#6696 = DIRECTION('',(1.027140246741E-32,8.387236609414E-17,-1.));
#6697 = ORIENTED_EDGE('',*,*,#6698,.F.);
#6698 = EDGE_CURVE('',#6699,#6691,#6701,.T.);
#6699 = VERTEX_POINT('',#6700);
#6700 = CARTESIAN_POINT('',(2.25,1.5,3.1));
#6701 = CIRCLE('',#6702,0.75);
#6702 = AXIS2_PLACEMENT_3D('',#6703,#6704,#6705);
#6703 = CARTESIAN_POINT('',(2.25,1.5,3.85));
#6704 = DIRECTION('',(-1.224646799147E-16,-1.,0.));
#6705 = DIRECTION('',(-0.,0.,-1.));
#6706 = ORIENTED_EDGE('',*,*,#6707,.F.);
#6707 = EDGE_CURVE('',#6708,#6699,#6710,.T.);
#6708 = VERTEX_POINT('',#6709);
#6709 = CARTESIAN_POINT('',(0.25,1.5,3.1));
#6710 = LINE('',#6711,#6712);
#6711 = CARTESIAN_POINT('',(1.25,1.5,3.1));
#6712 = VECTOR('',#6713,1.);
#6713 = DIRECTION('',(1.,-1.224646799147E-16,6.189508478766E-63));
#6714 = ORIENTED_EDGE('',*,*,#6715,.F.);
#6715 = EDGE_CURVE('',#6716,#6708,#6718,.T.);
#6716 = VERTEX_POINT('',#6717);
#6717 = CARTESIAN_POINT('',(-0.5,1.5,3.85));
#6718 = CIRCLE('',#6719,0.75);
#6719 = AXIS2_PLACEMENT_3D('',#6720,#6721,#6722);
#6720 = CARTESIAN_POINT('',(0.25,1.5,3.85));
#6721 = DIRECTION('',(-1.224646799147E-16,-1.,0.));
#6722 = DIRECTION('',(-0.,0.,-1.));
#6723 = ORIENTED_EDGE('',*,*,#6724,.F.);
#6724 = EDGE_CURVE('',#6725,#6716,#6727,.T.);
#6725 = VERTEX_POINT('',#6726);
#6726 = CARTESIAN_POINT('',(-0.5,1.5,5.6));
#6727 = LINE('',#6728,#6729);
#6728 = CARTESIAN_POINT('',(-0.5,1.5,3.840388446215));
#6729 = VECTOR('',#6730,1.);
#6730 = DIRECTION('',(1.027140246741E-32,8.387236609414E-17,-1.));
#6731 = ORIENTED_EDGE('',*,*,#6732,.F.);
#6732 = EDGE_CURVE('',#6733,#6725,#6735,.T.);
#6733 = VERTEX_POINT('',#6734);
#6734 = CARTESIAN_POINT('',(-0.25,1.5,5.85));
#6735 = LINE('',#6736,#6737);
#6736 = CARTESIAN_POINT('',(-0.317305776892,1.5,5.782694223108));
#6737 = VECTOR('',#6738,1.);
#6738 = DIRECTION('',(-0.707106781187,1.459023244428E-16,-0.707106781187
    ));
#6739 = ORIENTED_EDGE('',*,*,#6740,.F.);
#6740 = EDGE_CURVE('',#6741,#6733,#6743,.T.);
#6741 = VERTEX_POINT('',#6742);
#6742 = CARTESIAN_POINT('',(-0.5,1.5,6.1));
#6743 = LINE('',#6744,#6745);
#6744 = CARTESIAN_POINT('',(0.442305776892,1.5,5.157694223108));
#6745 = VECTOR('',#6746,1.);
#6746 = DIRECTION('',(0.707106781187,-2.72888868042E-17,-0.707106781187)
  );
#6747 = ORIENTED_EDGE('',*,*,#6748,.F.);
#6748 = EDGE_CURVE('',#6749,#6741,#6751,.T.);
#6749 = VERTEX_POINT('',#6750);
#6750 = CARTESIAN_POINT('',(-0.5,1.5,7.));
#6751 = LINE('',#6752,#6753);
#6752 = CARTESIAN_POINT('',(-0.5,1.5,5.340388446215));
#6753 = VECTOR('',#6754,1.);
#6754 = DIRECTION('',(1.027140246741E-32,8.387236609414E-17,-1.));
#6755 = ORIENTED_EDGE('',*,*,#6756,.T.);
#6756 = EDGE_CURVE('',#6749,#6278,#6757,.T.);
#6757 = LINE('',#6758,#6759);
#6758 = CARTESIAN_POINT('',(4.95,1.5,7.));
#6759 = VECTOR('',#6760,1.);
#6760 = DIRECTION('',(-1.,1.224646799147E-16,0.));
#6761 = ORIENTED_EDGE('',*,*,#6285,.T.);
#6762 = ORIENTED_EDGE('',*,*,#6642,.F.);
#6763 = ORIENTED_EDGE('',*,*,#6568,.T.);
#6764 = ORIENTED_EDGE('',*,*,#6765,.F.);
#6765 = EDGE_CURVE('',#6766,#6569,#6768,.T.);
#6766 = VERTEX_POINT('',#6767);
#6767 = CARTESIAN_POINT('',(4.1,1.5,1.85));
#6768 = LINE('',#6769,#6770);
#6769 = CARTESIAN_POINT('',(4.1,1.5,1.85));
#6770 = VECTOR('',#6771,1.);
#6771 = DIRECTION('',(-1.,1.224646799147E-16,0.));
#6772 = ORIENTED_EDGE('',*,*,#6773,.F.);
#6773 = EDGE_CURVE('',#6774,#6766,#6776,.T.);
#6774 = VERTEX_POINT('',#6775);
#6775 = CARTESIAN_POINT('',(4.1,1.5,4.15));
#6776 = LINE('',#6777,#6778);
#6777 = CARTESIAN_POINT('',(4.1,1.5,7.));
#6778 = VECTOR('',#6779,1.);
#6779 = DIRECTION('',(0.,0.,-1.));
#6780 = ORIENTED_EDGE('',*,*,#6781,.F.);
#6781 = EDGE_CURVE('',#6487,#6774,#6782,.T.);
#6782 = LINE('',#6783,#6784);
#6783 = CARTESIAN_POINT('',(4.95,1.5,4.15));
#6784 = VECTOR('',#6785,1.);
#6785 = DIRECTION('',(-1.,1.224646799147E-16,0.));
#6786 = PLANE('',#6787);
#6787 = AXIS2_PLACEMENT_3D('',#6788,#6789,#6790);
#6788 = CARTESIAN_POINT('',(1.25,1.5,4.58077689243));
#6789 = DIRECTION('',(-1.224646799147E-16,-1.,-8.387236609414E-17));
#6790 = DIRECTION('',(-1.027140246741E-32,-8.387236609414E-17,1.));
#6791 = ADVANCED_FACE('',(#6792),#6810,.T.);
#6792 = FACE_BOUND('',#6793,.T.);
#6793 = EDGE_LOOP('',(#6794,#6795,#6803,#6809));
#6794 = ORIENTED_EDGE('',*,*,#6756,.F.);
#6795 = ORIENTED_EDGE('',*,*,#6796,.F.);
#6796 = EDGE_CURVE('',#6797,#6749,#6799,.T.);
#6797 = VERTEX_POINT('',#6798);
#6798 = CARTESIAN_POINT('',(-0.5,2.35,7.));
#6799 = LINE('',#6800,#6801);
#6800 = CARTESIAN_POINT('',(-0.5,2.35,7.));
#6801 = VECTOR('',#6802,1.);
#6802 = DIRECTION('',(-1.224646799147E-16,-1.,0.));
#6803 = ORIENTED_EDGE('',*,*,#6804,.T.);
#6804 = EDGE_CURVE('',#6797,#6270,#6805,.T.);
#6805 = LINE('',#6806,#6807);
#6806 = CARTESIAN_POINT('',(4.95,2.35,7.));
#6807 = VECTOR('',#6808,1.);
#6808 = DIRECTION('',(-1.,1.224646799147E-16,0.));
#6809 = ORIENTED_EDGE('',*,*,#6277,.T.);
#6810 = PLANE('',#6811);
#6811 = AXIS2_PLACEMENT_3D('',#6812,#6813,#6814);
#6812 = CARTESIAN_POINT('',(1.25,-0.525,7.));
#6813 = DIRECTION('',(0.,0.,1.));
#6814 = DIRECTION('',(-1.,1.224646799147E-16,0.));
#6815 = ADVANCED_FACE('',(#6816),#6980,.F.);
#6816 = FACE_BOUND('',#6817,.F.);
#6817 = EDGE_LOOP('',(#6818,#6826,#6827,#6835,#6843,#6851,#6859,#6867,
    #6876,#6884,#6893,#6901,#6909,#6917,#6923,#6924,#6925,#6926,#6934,
    #6942,#6950,#6958,#6966,#6974));
#6818 = ORIENTED_EDGE('',*,*,#6819,.F.);
#6819 = EDGE_CURVE('',#6461,#6820,#6822,.T.);
#6820 = VERTEX_POINT('',#6821);
#6821 = CARTESIAN_POINT('',(3.25,2.35,0.));
#6822 = LINE('',#6823,#6824);
#6823 = CARTESIAN_POINT('',(4.95,2.35,0.));
#6824 = VECTOR('',#6825,1.);
#6825 = DIRECTION('',(-1.,1.224646799147E-16,0.));
#6826 = ORIENTED_EDGE('',*,*,#6511,.T.);
#6827 = ORIENTED_EDGE('',*,*,#6828,.T.);
#6828 = EDGE_CURVE('',#6504,#6829,#6831,.T.);
#6829 = VERTEX_POINT('',#6830);
#6830 = CARTESIAN_POINT('',(3.,2.35,7.));
#6831 = LINE('',#6832,#6833);
#6832 = CARTESIAN_POINT('',(4.95,2.35,7.));
#6833 = VECTOR('',#6834,1.);
#6834 = DIRECTION('',(-1.,1.224646799147E-16,0.));
#6835 = ORIENTED_EDGE('',*,*,#6836,.F.);
#6836 = EDGE_CURVE('',#6837,#6829,#6839,.T.);
#6837 = VERTEX_POINT('',#6838);
#6838 = CARTESIAN_POINT('',(3.,2.35,6.1));
#6839 = LINE('',#6840,#6841);
#6840 = CARTESIAN_POINT('',(3.,2.35,6.1));
#6841 = VECTOR('',#6842,1.);
#6842 = DIRECTION('',(2.467162276945E-16,-3.021402385438E-32,1.));
#6843 = ORIENTED_EDGE('',*,*,#6844,.F.);
#6844 = EDGE_CURVE('',#6845,#6837,#6847,.T.);
#6845 = VERTEX_POINT('',#6846);
#6846 = CARTESIAN_POINT('',(2.75,2.35,5.85));
#6847 = LINE('',#6848,#6849);
#6848 = CARTESIAN_POINT('',(2.75,2.35,5.85));
#6849 = VECTOR('',#6850,1.);
#6850 = DIRECTION('',(0.707106781187,-8.659560562349E-17,0.707106781187)
  );
#6851 = ORIENTED_EDGE('',*,*,#6852,.F.);
#6852 = EDGE_CURVE('',#6853,#6845,#6855,.T.);
#6853 = VERTEX_POINT('',#6854);
#6854 = CARTESIAN_POINT('',(3.,2.35,5.6));
#6855 = LINE('',#6856,#6857);
#6856 = CARTESIAN_POINT('',(3.,2.35,5.6));
#6857 = VECTOR('',#6858,1.);
#6858 = DIRECTION('',(-0.707106781187,8.659560562349E-17,0.707106781187)
  );
#6859 = ORIENTED_EDGE('',*,*,#6860,.F.);
#6860 = EDGE_CURVE('',#6861,#6853,#6863,.T.);
#6861 = VERTEX_POINT('',#6862);
#6862 = CARTESIAN_POINT('',(3.,2.35,3.85));
#6863 = LINE('',#6864,#6865);
#6864 = CARTESIAN_POINT('',(3.,2.35,3.1));
#6865 = VECTOR('',#6866,1.);
#6866 = DIRECTION('',(0.,0.,1.));
#6867 = ORIENTED_EDGE('',*,*,#6868,.F.);
#6868 = EDGE_CURVE('',#6869,#6861,#6871,.T.);
#6869 = VERTEX_POINT('',#6870);
#6870 = CARTESIAN_POINT('',(2.25,2.35,3.1));
#6871 = CIRCLE('',#6872,0.75);
#6872 = AXIS2_PLACEMENT_3D('',#6873,#6874,#6875);
#6873 = CARTESIAN_POINT('',(2.25,2.35,3.85));
#6874 = DIRECTION('',(-1.224646799147E-16,-1.,0.));
#6875 = DIRECTION('',(0.,0.,1.));
#6876 = ORIENTED_EDGE('',*,*,#6877,.F.);
#6877 = EDGE_CURVE('',#6878,#6869,#6880,.T.);
#6878 = VERTEX_POINT('',#6879);
#6879 = CARTESIAN_POINT('',(0.25,2.35,3.1));
#6880 = LINE('',#6881,#6882);
#6881 = CARTESIAN_POINT('',(1.25,2.35,3.1));
#6882 = VECTOR('',#6883,1.);
#6883 = DIRECTION('',(1.,-1.224646799147E-16,0.));
#6884 = ORIENTED_EDGE('',*,*,#6885,.T.);
#6885 = EDGE_CURVE('',#6878,#6886,#6888,.T.);
#6886 = VERTEX_POINT('',#6887);
#6887 = CARTESIAN_POINT('',(-0.5,2.35,3.85));
#6888 = CIRCLE('',#6889,0.75);
#6889 = AXIS2_PLACEMENT_3D('',#6890,#6891,#6892);
#6890 = CARTESIAN_POINT('',(0.25,2.35,3.85));
#6891 = DIRECTION('',(1.224646799147E-16,1.,-0.));
#6892 = DIRECTION('',(0.,0.,1.));
#6893 = ORIENTED_EDGE('',*,*,#6894,.T.);
#6894 = EDGE_CURVE('',#6886,#6895,#6897,.T.);
#6895 = VERTEX_POINT('',#6896);
#6896 = CARTESIAN_POINT('',(-0.5,2.35,5.6));
#6897 = LINE('',#6898,#6899);
#6898 = CARTESIAN_POINT('',(-0.5,2.35,3.1));
#6899 = VECTOR('',#6900,1.);
#6900 = DIRECTION('',(0.,0.,1.));
#6901 = ORIENTED_EDGE('',*,*,#6902,.T.);
#6902 = EDGE_CURVE('',#6895,#6903,#6905,.T.);
#6903 = VERTEX_POINT('',#6904);
#6904 = CARTESIAN_POINT('',(-0.25,2.35,5.85));
#6905 = LINE('',#6906,#6907);
#6906 = CARTESIAN_POINT('',(-0.5,2.35,5.6));
#6907 = VECTOR('',#6908,1.);
#6908 = DIRECTION('',(0.707106781187,-8.659560562349E-17,0.707106781187)
  );
#6909 = ORIENTED_EDGE('',*,*,#6910,.T.);
#6910 = EDGE_CURVE('',#6903,#6911,#6913,.T.);
#6911 = VERTEX_POINT('',#6912);
#6912 = CARTESIAN_POINT('',(-0.5,2.35,6.1));
#6913 = LINE('',#6914,#6915);
#6914 = CARTESIAN_POINT('',(-0.25,2.35,5.85));
#6915 = VECTOR('',#6916,1.);
#6916 = DIRECTION('',(-0.707106781187,8.659560562349E-17,0.707106781187)
  );
#6917 = ORIENTED_EDGE('',*,*,#6918,.T.);
#6918 = EDGE_CURVE('',#6911,#6797,#6919,.T.);
#6919 = LINE('',#6920,#6921);
#6920 = CARTESIAN_POINT('',(-0.5,2.35,6.1));
#6921 = VECTOR('',#6922,1.);
#6922 = DIRECTION('',(0.,0.,1.));
#6923 = ORIENTED_EDGE('',*,*,#6804,.T.);
#6924 = ORIENTED_EDGE('',*,*,#6269,.F.);
#6925 = ORIENTED_EDGE('',*,*,#6625,.F.);
#6926 = ORIENTED_EDGE('',*,*,#6927,.T.);
#6927 = EDGE_CURVE('',#6618,#6928,#6930,.T.);
#6928 = VERTEX_POINT('',#6929);
#6929 = CARTESIAN_POINT('',(-0.75,2.35,1.));
#6930 = LINE('',#6931,#6932);
#6931 = CARTESIAN_POINT('',(-0.75,2.35,0.));
#6932 = VECTOR('',#6933,1.);
#6933 = DIRECTION('',(0.,0.,1.));
#6934 = ORIENTED_EDGE('',*,*,#6935,.F.);
#6935 = EDGE_CURVE('',#6936,#6928,#6938,.T.);
#6936 = VERTEX_POINT('',#6937);
#6937 = CARTESIAN_POINT('',(0.75,2.35,1.));
#6938 = LINE('',#6939,#6940);
#6939 = CARTESIAN_POINT('',(0.75,2.35,1.));
#6940 = VECTOR('',#6941,1.);
#6941 = DIRECTION('',(-1.,1.224646799147E-16,0.));
#6942 = ORIENTED_EDGE('',*,*,#6943,.F.);
#6943 = EDGE_CURVE('',#6944,#6936,#6946,.T.);
#6944 = VERTEX_POINT('',#6945);
#6945 = CARTESIAN_POINT('',(0.75,2.35,0.));
#6946 = LINE('',#6947,#6948);
#6947 = CARTESIAN_POINT('',(0.75,2.35,0.));
#6948 = VECTOR('',#6949,1.);
#6949 = DIRECTION('',(0.,0.,1.));
#6950 = ORIENTED_EDGE('',*,*,#6951,.F.);
#6951 = EDGE_CURVE('',#6952,#6944,#6954,.T.);
#6952 = VERTEX_POINT('',#6953);
#6953 = CARTESIAN_POINT('',(1.75,2.35,0.));
#6954 = LINE('',#6955,#6956);
#6955 = CARTESIAN_POINT('',(4.95,2.35,0.));
#6956 = VECTOR('',#6957,1.);
#6957 = DIRECTION('',(-1.,1.224646799147E-16,0.));
#6958 = ORIENTED_EDGE('',*,*,#6959,.T.);
#6959 = EDGE_CURVE('',#6952,#6960,#6962,.T.);
#6960 = VERTEX_POINT('',#6961);
#6961 = CARTESIAN_POINT('',(1.75,2.35,1.));
#6962 = LINE('',#6963,#6964);
#6963 = CARTESIAN_POINT('',(1.75,2.35,0.));
#6964 = VECTOR('',#6965,1.);
#6965 = DIRECTION('',(0.,0.,1.));
#6966 = ORIENTED_EDGE('',*,*,#6967,.F.);
#6967 = EDGE_CURVE('',#6968,#6960,#6970,.T.);
#6968 = VERTEX_POINT('',#6969);
#6969 = CARTESIAN_POINT('',(3.25,2.35,1.));
#6970 = LINE('',#6971,#6972);
#6971 = CARTESIAN_POINT('',(3.25,2.35,1.));
#6972 = VECTOR('',#6973,1.);
#6973 = DIRECTION('',(-1.,1.224646799147E-16,0.));
#6974 = ORIENTED_EDGE('',*,*,#6975,.F.);
#6975 = EDGE_CURVE('',#6820,#6968,#6976,.T.);
#6976 = LINE('',#6977,#6978);
#6977 = CARTESIAN_POINT('',(3.25,2.35,0.));
#6978 = VECTOR('',#6979,1.);
#6979 = DIRECTION('',(0.,0.,1.));
#6980 = PLANE('',#6981);
#6981 = AXIS2_PLACEMENT_3D('',#6982,#6983,#6984);
#6982 = CARTESIAN_POINT('',(4.95,2.35,0.));
#6983 = DIRECTION('',(-1.224646799147E-16,-1.,0.));
#6984 = DIRECTION('',(-1.,1.224646799147E-16,0.));
#6985 = ADVANCED_FACE('',(#6986),#7004,.F.);
#6986 = FACE_BOUND('',#6987,.F.);
#6987 = EDGE_LOOP('',(#6988,#6989,#6997,#7003));
#6988 = ORIENTED_EDGE('',*,*,#6584,.T.);
#6989 = ORIENTED_EDGE('',*,*,#6990,.T.);
#6990 = EDGE_CURVE('',#6577,#6991,#6993,.T.);
#6991 = VERTEX_POINT('',#6992);
#6992 = CARTESIAN_POINT('',(4.1,-2.65,1.85));
#6993 = LINE('',#6994,#6995);
#6994 = CARTESIAN_POINT('',(-1.6,-2.65,1.85));
#6995 = VECTOR('',#6996,1.);
#6996 = DIRECTION('',(1.,-1.224646799147E-16,0.));
#6997 = ORIENTED_EDGE('',*,*,#6998,.F.);
#6998 = EDGE_CURVE('',#6327,#6991,#6999,.T.);
#6999 = LINE('',#7000,#7001);
#7000 = CARTESIAN_POINT('',(4.1,-2.65,7.));
#7001 = VECTOR('',#7002,1.);
#7002 = DIRECTION('',(0.,0.,-1.));
#7003 = ORIENTED_EDGE('',*,*,#6334,.F.);
#7004 = PLANE('',#7005);
#7005 = AXIS2_PLACEMENT_3D('',#7006,#7007,#7008);
#7006 = CARTESIAN_POINT('',(-1.6,-2.65,7.));
#7007 = DIRECTION('',(-1.224646799147E-16,-1.,0.));
#7008 = DIRECTION('',(1.,-1.224646799147E-16,0.));
#7009 = ADVANCED_FACE('',(#7010),#7037,.T.);
#7010 = FACE_BOUND('',#7011,.T.);
#7011 = EDGE_LOOP('',(#7012,#7013,#7021,#7029,#7035,#7036));
#7012 = ORIENTED_EDGE('',*,*,#6927,.T.);
#7013 = ORIENTED_EDGE('',*,*,#7014,.T.);
#7014 = EDGE_CURVE('',#6928,#7015,#7017,.T.);
#7015 = VERTEX_POINT('',#7016);
#7016 = CARTESIAN_POINT('',(-0.75,0.5,0.3));
#7017 = LINE('',#7018,#7019);
#7018 = CARTESIAN_POINT('',(-0.75,2.35,1.));
#7019 = VECTOR('',#7020,1.);
#7020 = DIRECTION('',(-1.14539532148E-16,-0.935286257456,-0.353892097416
    ));
#7021 = ORIENTED_EDGE('',*,*,#7022,.T.);
#7022 = EDGE_CURVE('',#7015,#7023,#7025,.T.);
#7023 = VERTEX_POINT('',#7024);
#7024 = CARTESIAN_POINT('',(-0.75,-0.5,0.3));
#7025 = LINE('',#7026,#7027);
#7026 = CARTESIAN_POINT('',(-0.75,0.5,0.3));
#7027 = VECTOR('',#7028,1.);
#7028 = DIRECTION('',(-1.224646799147E-16,-1.,0.));
#7029 = ORIENTED_EDGE('',*,*,#7030,.T.);
#7030 = EDGE_CURVE('',#7023,#6415,#7031,.T.);
#7031 = LINE('',#7032,#7033);
#7032 = CARTESIAN_POINT('',(-0.75,-0.5,0.3));
#7033 = VECTOR('',#7034,1.);
#7034 = DIRECTION('',(-1.190457365237E-16,-0.972082208573,0.234640533104
    ));
#7035 = ORIENTED_EDGE('',*,*,#6422,.T.);
#7036 = ORIENTED_EDGE('',*,*,#6617,.T.);
#7037 = PLANE('',#7038);
#7038 = AXIS2_PLACEMENT_3D('',#7039,#7040,#7041);
#7039 = CARTESIAN_POINT('',(-0.75,-0.515451356496,0.330008245993));
#7040 = DIRECTION('',(1.,-1.224646799147E-16,-1.256256073143E-32));
#7041 = DIRECTION('',(-1.256256073143E-32,1.538469978883E-48,-1.));
#7042 = ADVANCED_FACE('',(#7043),#7061,.F.);
#7043 = FACE_BOUND('',#7044,.F.);
#7044 = EDGE_LOOP('',(#7045,#7053,#7054,#7055));
#7045 = ORIENTED_EDGE('',*,*,#7046,.T.);
#7046 = EDGE_CURVE('',#7047,#7023,#7049,.T.);
#7047 = VERTEX_POINT('',#7048);
#7048 = CARTESIAN_POINT('',(0.75,-0.5,0.3));
#7049 = LINE('',#7050,#7051);
#7050 = CARTESIAN_POINT('',(0.75,-0.5,0.3));
#7051 = VECTOR('',#7052,1.);
#7052 = DIRECTION('',(-1.,1.224646799147E-16,0.));
#7053 = ORIENTED_EDGE('',*,*,#7030,.T.);
#7054 = ORIENTED_EDGE('',*,*,#6414,.F.);
#7055 = ORIENTED_EDGE('',*,*,#7056,.F.);
#7056 = EDGE_CURVE('',#7047,#6407,#7057,.T.);
#7057 = LINE('',#7058,#7059);
#7058 = CARTESIAN_POINT('',(0.75,-0.5,0.3));
#7059 = VECTOR('',#7060,1.);
#7060 = DIRECTION('',(-1.190457365237E-16,-0.972082208573,0.234640533104
    ));
#7061 = PLANE('',#7062);
#7062 = AXIS2_PLACEMENT_3D('',#7063,#7064,#7065);
#7063 = CARTESIAN_POINT('',(0.75,-0.5,0.3));
#7064 = DIRECTION('',(2.87351777816E-17,0.234640533104,0.972082208573));
#7065 = DIRECTION('',(-1.190457365237E-16,-0.972082208573,0.234640533104
    ));
#7066 = ADVANCED_FACE('',(#7067),#7092,.F.);
#7067 = FACE_BOUND('',#7068,.F.);
#7068 = EDGE_LOOP('',(#7069,#7070,#7078,#7084,#7085,#7086));
#7069 = ORIENTED_EDGE('',*,*,#6943,.T.);
#7070 = ORIENTED_EDGE('',*,*,#7071,.T.);
#7071 = EDGE_CURVE('',#6936,#7072,#7074,.T.);
#7072 = VERTEX_POINT('',#7073);
#7073 = CARTESIAN_POINT('',(0.75,0.5,0.3));
#7074 = LINE('',#7075,#7076);
#7075 = CARTESIAN_POINT('',(0.75,2.35,1.));
#7076 = VECTOR('',#7077,1.);
#7077 = DIRECTION('',(-1.14539532148E-16,-0.935286257456,-0.353892097416
    ));
#7078 = ORIENTED_EDGE('',*,*,#7079,.T.);
#7079 = EDGE_CURVE('',#7072,#7047,#7080,.T.);
#7080 = LINE('',#7081,#7082);
#7081 = CARTESIAN_POINT('',(0.75,0.5,0.3));
#7082 = VECTOR('',#7083,1.);
#7083 = DIRECTION('',(-1.224646799147E-16,-1.,0.));
#7084 = ORIENTED_EDGE('',*,*,#7056,.T.);
#7085 = ORIENTED_EDGE('',*,*,#6406,.T.);
#7086 = ORIENTED_EDGE('',*,*,#7087,.T.);
#7087 = EDGE_CURVE('',#6399,#6944,#7088,.T.);
#7088 = LINE('',#7089,#7090);
#7089 = CARTESIAN_POINT('',(0.75,-3.4,0.));
#7090 = VECTOR('',#7091,1.);
#7091 = DIRECTION('',(1.224646799147E-16,1.,0.));
#7092 = PLANE('',#7093);
#7093 = AXIS2_PLACEMENT_3D('',#7094,#7095,#7096);
#7094 = CARTESIAN_POINT('',(0.75,-0.515451356496,0.330008245993));
#7095 = DIRECTION('',(1.,-1.224646799147E-16,-1.256256073143E-32));
#7096 = DIRECTION('',(-1.256256073143E-32,1.538469978883E-48,-1.));
#7097 = ADVANCED_FACE('',(#7098),#7109,.F.);
#7098 = FACE_BOUND('',#7099,.F.);
#7099 = EDGE_LOOP('',(#7100,#7101,#7107,#7108));
#7100 = ORIENTED_EDGE('',*,*,#6398,.T.);
#7101 = ORIENTED_EDGE('',*,*,#7102,.T.);
#7102 = EDGE_CURVE('',#6391,#6952,#7103,.T.);
#7103 = LINE('',#7104,#7105);
#7104 = CARTESIAN_POINT('',(1.75,-3.4,0.));
#7105 = VECTOR('',#7106,1.);
#7106 = DIRECTION('',(1.224646799147E-16,1.,0.));
#7107 = ORIENTED_EDGE('',*,*,#6951,.T.);
#7108 = ORIENTED_EDGE('',*,*,#7087,.F.);
#7109 = PLANE('',#7110);
#7110 = AXIS2_PLACEMENT_3D('',#7111,#7112,#7113);
#7111 = CARTESIAN_POINT('',(1.25,-0.525,0.));
#7112 = DIRECTION('',(0.,0.,1.));
#7113 = DIRECTION('',(-1.,1.224646799147E-16,0.));
#7114 = ADVANCED_FACE('',(#7115),#7142,.T.);
#7115 = FACE_BOUND('',#7116,.T.);
#7116 = EDGE_LOOP('',(#7117,#7118,#7126,#7134,#7140,#7141));
#7117 = ORIENTED_EDGE('',*,*,#6959,.T.);
#7118 = ORIENTED_EDGE('',*,*,#7119,.T.);
#7119 = EDGE_CURVE('',#6960,#7120,#7122,.T.);
#7120 = VERTEX_POINT('',#7121);
#7121 = CARTESIAN_POINT('',(1.75,0.5,0.3));
#7122 = LINE('',#7123,#7124);
#7123 = CARTESIAN_POINT('',(1.75,2.35,1.));
#7124 = VECTOR('',#7125,1.);
#7125 = DIRECTION('',(-1.14539532148E-16,-0.935286257456,-0.353892097416
    ));
#7126 = ORIENTED_EDGE('',*,*,#7127,.T.);
#7127 = EDGE_CURVE('',#7120,#7128,#7130,.T.);
#7128 = VERTEX_POINT('',#7129);
#7129 = CARTESIAN_POINT('',(1.75,-0.5,0.3));
#7130 = LINE('',#7131,#7132);
#7131 = CARTESIAN_POINT('',(1.75,0.5,0.3));
#7132 = VECTOR('',#7133,1.);
#7133 = DIRECTION('',(-1.224646799147E-16,-1.,0.));
#7134 = ORIENTED_EDGE('',*,*,#7135,.T.);
#7135 = EDGE_CURVE('',#7128,#6383,#7136,.T.);
#7136 = LINE('',#7137,#7138);
#7137 = CARTESIAN_POINT('',(1.75,-0.5,0.3));
#7138 = VECTOR('',#7139,1.);
#7139 = DIRECTION('',(-1.190457365237E-16,-0.972082208573,0.234640533104
    ));
#7140 = ORIENTED_EDGE('',*,*,#6390,.T.);
#7141 = ORIENTED_EDGE('',*,*,#7102,.T.);
#7142 = PLANE('',#7143);
#7143 = AXIS2_PLACEMENT_3D('',#7144,#7145,#7146);
#7144 = CARTESIAN_POINT('',(1.75,-0.515451356496,0.330008245993));
#7145 = DIRECTION('',(1.,-1.224646799147E-16,-1.256256073143E-32));
#7146 = DIRECTION('',(-1.256256073143E-32,1.538469978883E-48,-1.));
#7147 = ADVANCED_FACE('',(#7148),#7166,.F.);
#7148 = FACE_BOUND('',#7149,.F.);
#7149 = EDGE_LOOP('',(#7150,#7158,#7159,#7160));
#7150 = ORIENTED_EDGE('',*,*,#7151,.T.);
#7151 = EDGE_CURVE('',#7152,#7128,#7154,.T.);
#7152 = VERTEX_POINT('',#7153);
#7153 = CARTESIAN_POINT('',(3.25,-0.5,0.3));
#7154 = LINE('',#7155,#7156);
#7155 = CARTESIAN_POINT('',(3.25,-0.5,0.3));
#7156 = VECTOR('',#7157,1.);
#7157 = DIRECTION('',(-1.,1.224646799147E-16,0.));
#7158 = ORIENTED_EDGE('',*,*,#7135,.T.);
#7159 = ORIENTED_EDGE('',*,*,#6382,.F.);
#7160 = ORIENTED_EDGE('',*,*,#7161,.F.);
#7161 = EDGE_CURVE('',#7152,#6375,#7162,.T.);
#7162 = LINE('',#7163,#7164);
#7163 = CARTESIAN_POINT('',(3.25,-0.5,0.3));
#7164 = VECTOR('',#7165,1.);
#7165 = DIRECTION('',(-1.190457365237E-16,-0.972082208573,0.234640533104
    ));
#7166 = PLANE('',#7167);
#7167 = AXIS2_PLACEMENT_3D('',#7168,#7169,#7170);
#7168 = CARTESIAN_POINT('',(3.25,-0.5,0.3));
#7169 = DIRECTION('',(2.87351777816E-17,0.234640533104,0.972082208573));
#7170 = DIRECTION('',(-1.190457365237E-16,-0.972082208573,0.234640533104
    ));
#7171 = ADVANCED_FACE('',(#7172),#7197,.F.);
#7172 = FACE_BOUND('',#7173,.F.);
#7173 = EDGE_LOOP('',(#7174,#7175,#7183,#7189,#7190,#7191));
#7174 = ORIENTED_EDGE('',*,*,#6975,.T.);
#7175 = ORIENTED_EDGE('',*,*,#7176,.T.);
#7176 = EDGE_CURVE('',#6968,#7177,#7179,.T.);
#7177 = VERTEX_POINT('',#7178);
#7178 = CARTESIAN_POINT('',(3.25,0.5,0.3));
#7179 = LINE('',#7180,#7181);
#7180 = CARTESIAN_POINT('',(3.25,2.35,1.));
#7181 = VECTOR('',#7182,1.);
#7182 = DIRECTION('',(-1.14539532148E-16,-0.935286257456,-0.353892097416
    ));
#7183 = ORIENTED_EDGE('',*,*,#7184,.T.);
#7184 = EDGE_CURVE('',#7177,#7152,#7185,.T.);
#7185 = LINE('',#7186,#7187);
#7186 = CARTESIAN_POINT('',(3.25,0.5,0.3));
#7187 = VECTOR('',#7188,1.);
#7188 = DIRECTION('',(-1.224646799147E-16,-1.,0.));
#7189 = ORIENTED_EDGE('',*,*,#7161,.T.);
#7190 = ORIENTED_EDGE('',*,*,#6374,.T.);
#7191 = ORIENTED_EDGE('',*,*,#7192,.T.);
#7192 = EDGE_CURVE('',#6367,#6820,#7193,.T.);
#7193 = LINE('',#7194,#7195);
#7194 = CARTESIAN_POINT('',(3.25,-3.4,0.));
#7195 = VECTOR('',#7196,1.);
#7196 = DIRECTION('',(1.224646799147E-16,1.,0.));
#7197 = PLANE('',#7198);
#7198 = AXIS2_PLACEMENT_3D('',#7199,#7200,#7201);
#7199 = CARTESIAN_POINT('',(3.25,-0.515451356496,0.330008245993));
#7200 = DIRECTION('',(1.,-1.224646799147E-16,-1.256256073143E-32));
#7201 = DIRECTION('',(-1.256256073143E-32,1.538469978883E-48,-1.));
#7202 = ADVANCED_FACE('',(#7203),#7209,.F.);
#7203 = FACE_BOUND('',#7204,.F.);
#7204 = EDGE_LOOP('',(#7205,#7206,#7207,#7208));
#7205 = ORIENTED_EDGE('',*,*,#6460,.T.);
#7206 = ORIENTED_EDGE('',*,*,#6819,.T.);
#7207 = ORIENTED_EDGE('',*,*,#7192,.F.);
#7208 = ORIENTED_EDGE('',*,*,#6366,.T.);
#7209 = PLANE('',#7210);
#7210 = AXIS2_PLACEMENT_3D('',#7211,#7212,#7213);
#7211 = CARTESIAN_POINT('',(1.25,-0.525,0.));
#7212 = DIRECTION('',(0.,0.,1.));
#7213 = DIRECTION('',(-1.,1.224646799147E-16,0.));
#7214 = ADVANCED_FACE('',(#7215),#7242,.F.);
#7215 = FACE_BOUND('',#7216,.F.);
#7216 = EDGE_LOOP('',(#7217,#7218,#7219,#7220,#7226,#7227,#7236));
#7217 = ORIENTED_EDGE('',*,*,#6535,.T.);
#7218 = ORIENTED_EDGE('',*,*,#6446,.F.);
#7219 = ORIENTED_EDGE('',*,*,#6998,.T.);
#7220 = ORIENTED_EDGE('',*,*,#7221,.T.);
#7221 = EDGE_CURVE('',#6991,#6766,#7222,.T.);
#7222 = LINE('',#7223,#7224);
#7223 = CARTESIAN_POINT('',(4.1,-2.65,1.85));
#7224 = VECTOR('',#7225,1.);
#7225 = DIRECTION('',(1.224646799147E-16,1.,0.));
#7226 = ORIENTED_EDGE('',*,*,#6773,.F.);
#7227 = ORIENTED_EDGE('',*,*,#7228,.F.);
#7228 = EDGE_CURVE('',#7229,#6774,#7231,.T.);
#7229 = VERTEX_POINT('',#7230);
#7230 = CARTESIAN_POINT('',(4.1,1.,3.65));
#7231 = CIRCLE('',#7232,0.5);
#7232 = AXIS2_PLACEMENT_3D('',#7233,#7234,#7235);
#7233 = CARTESIAN_POINT('',(4.1,1.,4.15));
#7234 = DIRECTION('',(1.,-1.224646799147E-16,0.));
#7235 = DIRECTION('',(1.224646799147E-16,1.,0.));
#7236 = ORIENTED_EDGE('',*,*,#7237,.T.);
#7237 = EDGE_CURVE('',#7229,#6528,#7238,.T.);
#7238 = LINE('',#7239,#7240);
#7239 = CARTESIAN_POINT('',(4.1,-0.825,3.65));
#7240 = VECTOR('',#7241,1.);
#7241 = DIRECTION('',(-1.224646799147E-16,-1.,0.));
#7242 = PLANE('',#7243);
#7243 = AXIS2_PLACEMENT_3D('',#7244,#7245,#7246);
#7244 = CARTESIAN_POINT('',(4.1,-2.65,7.));
#7245 = DIRECTION('',(1.,-1.224646799147E-16,0.));
#7246 = DIRECTION('',(1.224646799147E-16,1.,0.));
#7247 = ADVANCED_FACE('',(#7248),#7259,.T.);
#7248 = FACE_BOUND('',#7249,.T.);
#7249 = EDGE_LOOP('',(#7250,#7251,#7252,#7253));
#7250 = ORIENTED_EDGE('',*,*,#6658,.F.);
#7251 = ORIENTED_EDGE('',*,*,#6503,.T.);
#7252 = ORIENTED_EDGE('',*,*,#6828,.T.);
#7253 = ORIENTED_EDGE('',*,*,#7254,.T.);
#7254 = EDGE_CURVE('',#6829,#6659,#7255,.T.);
#7255 = LINE('',#7256,#7257);
#7256 = CARTESIAN_POINT('',(3.,2.35,7.));
#7257 = VECTOR('',#7258,1.);
#7258 = DIRECTION('',(-1.224646799147E-16,-1.,0.));
#7259 = PLANE('',#7260);
#7260 = AXIS2_PLACEMENT_3D('',#7261,#7262,#7263);
#7261 = CARTESIAN_POINT('',(1.25,-0.525,7.));
#7262 = DIRECTION('',(0.,0.,1.));
#7263 = DIRECTION('',(-1.,1.224646799147E-16,0.));
#7264 = ADVANCED_FACE('',(#7265),#7276,.F.);
#7265 = FACE_BOUND('',#7266,.F.);
#7266 = EDGE_LOOP('',(#7267,#7273,#7274,#7275));
#7267 = ORIENTED_EDGE('',*,*,#7268,.T.);
#7268 = EDGE_CURVE('',#6479,#7229,#7269,.T.);
#7269 = LINE('',#7270,#7271);
#7270 = CARTESIAN_POINT('',(4.95,1.,3.65));
#7271 = VECTOR('',#7272,1.);
#7272 = DIRECTION('',(-1.,1.224646799147E-16,0.));
#7273 = ORIENTED_EDGE('',*,*,#7228,.T.);
#7274 = ORIENTED_EDGE('',*,*,#6781,.F.);
#7275 = ORIENTED_EDGE('',*,*,#6486,.T.);
#7276 = CYLINDRICAL_SURFACE('',#7277,0.5);
#7277 = AXIS2_PLACEMENT_3D('',#7278,#7279,#7280);
#7278 = CARTESIAN_POINT('',(4.95,1.,4.15));
#7279 = DIRECTION('',(1.,-1.224646799147E-16,-0.));
#7280 = DIRECTION('',(1.224646799147E-16,1.,0.));
#7281 = ADVANCED_FACE('',(#7282),#7288,.T.);
#7282 = FACE_BOUND('',#7283,.T.);
#7283 = EDGE_LOOP('',(#7284,#7285,#7286,#7287));
#7284 = ORIENTED_EDGE('',*,*,#6478,.F.);
#7285 = ORIENTED_EDGE('',*,*,#7268,.T.);
#7286 = ORIENTED_EDGE('',*,*,#7237,.T.);
#7287 = ORIENTED_EDGE('',*,*,#6527,.F.);
#7288 = PLANE('',#7289);
#7289 = AXIS2_PLACEMENT_3D('',#7290,#7291,#7292);
#7290 = CARTESIAN_POINT('',(4.95,1.,3.65));
#7291 = DIRECTION('',(0.,0.,1.));
#7292 = DIRECTION('',(-1.224646799147E-16,-1.,0.));
#7293 = ADVANCED_FACE('',(#7294,#7300,#7334),#7368,.T.);
#7294 = FACE_BOUND('',#7295,.T.);
#7295 = EDGE_LOOP('',(#7296,#7297,#7298,#7299));
#7296 = ORIENTED_EDGE('',*,*,#6765,.T.);
#7297 = ORIENTED_EDGE('',*,*,#6576,.T.);
#7298 = ORIENTED_EDGE('',*,*,#6990,.T.);
#7299 = ORIENTED_EDGE('',*,*,#7221,.T.);
#7300 = FACE_BOUND('',#7301,.T.);
#7301 = EDGE_LOOP('',(#7302,#7312,#7320,#7328));
#7302 = ORIENTED_EDGE('',*,*,#7303,.F.);
#7303 = EDGE_CURVE('',#7304,#7306,#7308,.T.);
#7304 = VERTEX_POINT('',#7305);
#7305 = CARTESIAN_POINT('',(-0.32,0.32,1.85));
#7306 = VERTEX_POINT('',#7307);
#7307 = CARTESIAN_POINT('',(-0.32,-0.32,1.85));
#7308 = LINE('',#7309,#7310);
#7309 = CARTESIAN_POINT('',(-0.32,-0.26920299558,1.85));
#7310 = VECTOR('',#7311,1.);
#7311 = DIRECTION('',(-1.224646799147E-16,-1.,0.));
#7312 = ORIENTED_EDGE('',*,*,#7313,.T.);
#7313 = EDGE_CURVE('',#7304,#7314,#7316,.T.);
#7314 = VERTEX_POINT('',#7315);
#7315 = CARTESIAN_POINT('',(0.32,0.32,1.85));
#7316 = LINE('',#7317,#7318);
#7317 = CARTESIAN_POINT('',(0.785,0.32,1.85));
#7318 = VECTOR('',#7319,1.);
#7319 = DIRECTION('',(1.,-1.224646799147E-16,0.));
#7320 = ORIENTED_EDGE('',*,*,#7321,.T.);
#7321 = EDGE_CURVE('',#7314,#7322,#7324,.T.);
#7322 = VERTEX_POINT('',#7323);
#7323 = CARTESIAN_POINT('',(0.32,-0.32,1.85));
#7324 = LINE('',#7325,#7326);
#7325 = CARTESIAN_POINT('',(0.32,-0.26920299558,1.85));
#7326 = VECTOR('',#7327,1.);
#7327 = DIRECTION('',(-1.224646799147E-16,-1.,0.));
#7328 = ORIENTED_EDGE('',*,*,#7329,.T.);
#7329 = EDGE_CURVE('',#7322,#7306,#7330,.T.);
#7330 = LINE('',#7331,#7332);
#7331 = CARTESIAN_POINT('',(0.785,-0.32,1.85));
#7332 = VECTOR('',#7333,1.);
#7333 = DIRECTION('',(-1.,1.224646799147E-16,0.));
#7334 = FACE_BOUND('',#7335,.T.);
#7335 = EDGE_LOOP('',(#7336,#7346,#7354,#7362));
#7336 = ORIENTED_EDGE('',*,*,#7337,.F.);
#7337 = EDGE_CURVE('',#7338,#7340,#7342,.T.);
#7338 = VERTEX_POINT('',#7339);
#7339 = CARTESIAN_POINT('',(2.18,0.32,1.85));
#7340 = VERTEX_POINT('',#7341);
#7341 = CARTESIAN_POINT('',(2.18,-0.32,1.85));
#7342 = LINE('',#7343,#7344);
#7343 = CARTESIAN_POINT('',(2.18,-0.26920299558,1.85));
#7344 = VECTOR('',#7345,1.);
#7345 = DIRECTION('',(-1.224646799147E-16,-1.,0.));
#7346 = ORIENTED_EDGE('',*,*,#7347,.T.);
#7347 = EDGE_CURVE('',#7338,#7348,#7350,.T.);
#7348 = VERTEX_POINT('',#7349);
#7349 = CARTESIAN_POINT('',(2.82,0.32,1.85));
#7350 = LINE('',#7351,#7352);
#7351 = CARTESIAN_POINT('',(2.035,0.32,1.85));
#7352 = VECTOR('',#7353,1.);
#7353 = DIRECTION('',(1.,-1.224646799147E-16,0.));
#7354 = ORIENTED_EDGE('',*,*,#7355,.T.);
#7355 = EDGE_CURVE('',#7348,#7356,#7358,.T.);
#7356 = VERTEX_POINT('',#7357);
#7357 = CARTESIAN_POINT('',(2.82,-0.32,1.85));
#7358 = LINE('',#7359,#7360);
#7359 = CARTESIAN_POINT('',(2.82,-0.26920299558,1.85));
#7360 = VECTOR('',#7361,1.);
#7361 = DIRECTION('',(-1.224646799147E-16,-1.,0.));
#7362 = ORIENTED_EDGE('',*,*,#7363,.T.);
#7363 = EDGE_CURVE('',#7356,#7340,#7364,.T.);
#7364 = LINE('',#7365,#7366);
#7365 = CARTESIAN_POINT('',(2.035,-0.32,1.85));
#7366 = VECTOR('',#7367,1.);
#7367 = DIRECTION('',(-1.,1.224646799147E-16,0.));
#7368 = PLANE('',#7369);
#7369 = AXIS2_PLACEMENT_3D('',#7370,#7371,#7372);
#7370 = CARTESIAN_POINT('',(1.25,-0.575,1.85));
#7371 = DIRECTION('',(0.,0.,1.));
#7372 = DIRECTION('',(-1.,1.224646799147E-16,0.));
#7373 = ADVANCED_FACE('',(#7374),#7385,.F.);
#7374 = FACE_BOUND('',#7375,.F.);
#7375 = EDGE_LOOP('',(#7376,#7377,#7383,#7384));
#7376 = ORIENTED_EDGE('',*,*,#6918,.F.);
#7377 = ORIENTED_EDGE('',*,*,#7378,.T.);
#7378 = EDGE_CURVE('',#6911,#6741,#7379,.T.);
#7379 = LINE('',#7380,#7381);
#7380 = CARTESIAN_POINT('',(-0.5,2.35,6.1));
#7381 = VECTOR('',#7382,1.);
#7382 = DIRECTION('',(-1.224646799147E-16,-1.,0.));
#7383 = ORIENTED_EDGE('',*,*,#6748,.F.);
#7384 = ORIENTED_EDGE('',*,*,#6796,.F.);
#7385 = PLANE('',#7386);
#7386 = AXIS2_PLACEMENT_3D('',#7387,#7388,#7389);
#7387 = CARTESIAN_POINT('',(-0.5,2.35,6.1));
#7388 = DIRECTION('',(-1.,1.224646799147E-16,0.));
#7389 = DIRECTION('',(0.,0.,1.));
#7390 = ADVANCED_FACE('',(#7391),#7402,.F.);
#7391 = FACE_BOUND('',#7392,.F.);
#7392 = EDGE_LOOP('',(#7393,#7394,#7400,#7401));
#7393 = ORIENTED_EDGE('',*,*,#6910,.F.);
#7394 = ORIENTED_EDGE('',*,*,#7395,.T.);
#7395 = EDGE_CURVE('',#6903,#6733,#7396,.T.);
#7396 = LINE('',#7397,#7398);
#7397 = CARTESIAN_POINT('',(-0.25,2.35,5.85));
#7398 = VECTOR('',#7399,1.);
#7399 = DIRECTION('',(-1.224646799147E-16,-1.,0.));
#7400 = ORIENTED_EDGE('',*,*,#6740,.F.);
#7401 = ORIENTED_EDGE('',*,*,#7378,.F.);
#7402 = PLANE('',#7403);
#7403 = AXIS2_PLACEMENT_3D('',#7404,#7405,#7406);
#7404 = CARTESIAN_POINT('',(-0.25,2.35,5.85));
#7405 = DIRECTION('',(-0.707106781187,8.659560562349E-17,-0.707106781187
    ));
#7406 = DIRECTION('',(-0.707106781187,8.659560562349E-17,0.707106781187)
  );
#7407 = ADVANCED_FACE('',(#7408),#7419,.F.);
#7408 = FACE_BOUND('',#7409,.F.);
#7409 = EDGE_LOOP('',(#7410,#7411,#7417,#7418));
#7410 = ORIENTED_EDGE('',*,*,#6902,.F.);
#7411 = ORIENTED_EDGE('',*,*,#7412,.T.);
#7412 = EDGE_CURVE('',#6895,#6725,#7413,.T.);
#7413 = LINE('',#7414,#7415);
#7414 = CARTESIAN_POINT('',(-0.5,2.35,5.6));
#7415 = VECTOR('',#7416,1.);
#7416 = DIRECTION('',(-1.224646799147E-16,-1.,0.));
#7417 = ORIENTED_EDGE('',*,*,#6732,.F.);
#7418 = ORIENTED_EDGE('',*,*,#7395,.F.);
#7419 = PLANE('',#7420);
#7420 = AXIS2_PLACEMENT_3D('',#7421,#7422,#7423);
#7421 = CARTESIAN_POINT('',(-0.5,2.35,5.6));
#7422 = DIRECTION('',(-0.707106781187,8.659560562349E-17,0.707106781187)
  );
#7423 = DIRECTION('',(0.707106781187,-8.659560562349E-17,0.707106781187)
  );
#7424 = ADVANCED_FACE('',(#7425),#7436,.F.);
#7425 = FACE_BOUND('',#7426,.F.);
#7426 = EDGE_LOOP('',(#7427,#7428,#7434,#7435));
#7427 = ORIENTED_EDGE('',*,*,#6894,.F.);
#7428 = ORIENTED_EDGE('',*,*,#7429,.T.);
#7429 = EDGE_CURVE('',#6886,#6716,#7430,.T.);
#7430 = LINE('',#7431,#7432);
#7431 = CARTESIAN_POINT('',(-0.5,2.35,3.85));
#7432 = VECTOR('',#7433,1.);
#7433 = DIRECTION('',(-1.224646799147E-16,-1.,0.));
#7434 = ORIENTED_EDGE('',*,*,#6724,.F.);
#7435 = ORIENTED_EDGE('',*,*,#7412,.F.);
#7436 = PLANE('',#7437);
#7437 = AXIS2_PLACEMENT_3D('',#7438,#7439,#7440);
#7438 = CARTESIAN_POINT('',(-0.5,2.35,3.1));
#7439 = DIRECTION('',(-1.,1.224646799147E-16,0.));
#7440 = DIRECTION('',(0.,0.,1.));
#7441 = ADVANCED_FACE('',(#7442),#7453,.F.);
#7442 = FACE_BOUND('',#7443,.F.);
#7443 = EDGE_LOOP('',(#7444,#7445,#7446,#7447));
#7444 = ORIENTED_EDGE('',*,*,#6715,.F.);
#7445 = ORIENTED_EDGE('',*,*,#7429,.F.);
#7446 = ORIENTED_EDGE('',*,*,#6885,.F.);
#7447 = ORIENTED_EDGE('',*,*,#7448,.T.);
#7448 = EDGE_CURVE('',#6878,#6708,#7449,.T.);
#7449 = LINE('',#7450,#7451);
#7450 = CARTESIAN_POINT('',(0.25,2.35,3.1));
#7451 = VECTOR('',#7452,1.);
#7452 = DIRECTION('',(-1.224646799147E-16,-1.,0.));
#7453 = CYLINDRICAL_SURFACE('',#7454,0.75);
#7454 = AXIS2_PLACEMENT_3D('',#7455,#7456,#7457);
#7455 = CARTESIAN_POINT('',(0.25,2.35,3.85));
#7456 = DIRECTION('',(-1.224646799147E-16,-1.,0.));
#7457 = DIRECTION('',(-0.,0.,-1.));
#7458 = ADVANCED_FACE('',(#7459),#7470,.F.);
#7459 = FACE_BOUND('',#7460,.F.);
#7460 = EDGE_LOOP('',(#7461,#7462,#7463,#7469));
#7461 = ORIENTED_EDGE('',*,*,#7448,.F.);
#7462 = ORIENTED_EDGE('',*,*,#6877,.T.);
#7463 = ORIENTED_EDGE('',*,*,#7464,.T.);
#7464 = EDGE_CURVE('',#6869,#6699,#7465,.T.);
#7465 = LINE('',#7466,#7467);
#7466 = CARTESIAN_POINT('',(2.25,2.35,3.1));
#7467 = VECTOR('',#7468,1.);
#7468 = DIRECTION('',(-1.224646799147E-16,-1.,0.));
#7469 = ORIENTED_EDGE('',*,*,#6707,.F.);
#7470 = PLANE('',#7471);
#7471 = AXIS2_PLACEMENT_3D('',#7472,#7473,#7474);
#7472 = CARTESIAN_POINT('',(1.25,1.85,3.1));
#7473 = DIRECTION('',(1.288101310069E-46,1.051814540295E-30,-1.));
#7474 = DIRECTION('',(1.224646799147E-16,1.,1.051814540295E-30));
#7475 = ADVANCED_FACE('',(#7476),#7487,.F.);
#7476 = FACE_BOUND('',#7477,.F.);
#7477 = EDGE_LOOP('',(#7478,#7479,#7480,#7486));
#7478 = ORIENTED_EDGE('',*,*,#7464,.F.);
#7479 = ORIENTED_EDGE('',*,*,#6868,.T.);
#7480 = ORIENTED_EDGE('',*,*,#7481,.T.);
#7481 = EDGE_CURVE('',#6861,#6691,#7482,.T.);
#7482 = LINE('',#7483,#7484);
#7483 = CARTESIAN_POINT('',(3.,2.35,3.85));
#7484 = VECTOR('',#7485,1.);
#7485 = DIRECTION('',(-1.224646799147E-16,-1.,0.));
#7486 = ORIENTED_EDGE('',*,*,#6698,.F.);
#7487 = CYLINDRICAL_SURFACE('',#7488,0.75);
#7488 = AXIS2_PLACEMENT_3D('',#7489,#7490,#7491);
#7489 = CARTESIAN_POINT('',(2.25,2.35,3.85));
#7490 = DIRECTION('',(-1.224646799147E-16,-1.,0.));
#7491 = DIRECTION('',(0.,-0.,-1.));
#7492 = ADVANCED_FACE('',(#7493),#7504,.T.);
#7493 = FACE_BOUND('',#7494,.T.);
#7494 = EDGE_LOOP('',(#7495,#7496,#7497,#7498));
#7495 = ORIENTED_EDGE('',*,*,#6860,.F.);
#7496 = ORIENTED_EDGE('',*,*,#7481,.T.);
#7497 = ORIENTED_EDGE('',*,*,#6690,.F.);
#7498 = ORIENTED_EDGE('',*,*,#7499,.F.);
#7499 = EDGE_CURVE('',#6853,#6683,#7500,.T.);
#7500 = LINE('',#7501,#7502);
#7501 = CARTESIAN_POINT('',(3.,2.35,5.6));
#7502 = VECTOR('',#7503,1.);
#7503 = DIRECTION('',(-1.224646799147E-16,-1.,0.));
#7504 = PLANE('',#7505);
#7505 = AXIS2_PLACEMENT_3D('',#7506,#7507,#7508);
#7506 = CARTESIAN_POINT('',(3.,2.35,3.1));
#7507 = DIRECTION('',(-1.,1.224646799147E-16,0.));
#7508 = DIRECTION('',(0.,0.,1.));
#7509 = ADVANCED_FACE('',(#7510),#7521,.T.);
#7510 = FACE_BOUND('',#7511,.T.);
#7511 = EDGE_LOOP('',(#7512,#7513,#7514,#7515));
#7512 = ORIENTED_EDGE('',*,*,#6852,.F.);
#7513 = ORIENTED_EDGE('',*,*,#7499,.T.);
#7514 = ORIENTED_EDGE('',*,*,#6682,.F.);
#7515 = ORIENTED_EDGE('',*,*,#7516,.F.);
#7516 = EDGE_CURVE('',#6845,#6675,#7517,.T.);
#7517 = LINE('',#7518,#7519);
#7518 = CARTESIAN_POINT('',(2.75,2.35,5.85));
#7519 = VECTOR('',#7520,1.);
#7520 = DIRECTION('',(-1.224646799147E-16,-1.,0.));
#7521 = PLANE('',#7522);
#7522 = AXIS2_PLACEMENT_3D('',#7523,#7524,#7525);
#7523 = CARTESIAN_POINT('',(3.,2.35,5.6));
#7524 = DIRECTION('',(-0.707106781187,8.659560562349E-17,-0.707106781187
    ));
#7525 = DIRECTION('',(-0.707106781187,8.659560562349E-17,0.707106781187)
  );
#7526 = ADVANCED_FACE('',(#7527),#7538,.T.);
#7527 = FACE_BOUND('',#7528,.T.);
#7528 = EDGE_LOOP('',(#7529,#7530,#7531,#7532));
#7529 = ORIENTED_EDGE('',*,*,#6844,.F.);
#7530 = ORIENTED_EDGE('',*,*,#7516,.T.);
#7531 = ORIENTED_EDGE('',*,*,#6674,.F.);
#7532 = ORIENTED_EDGE('',*,*,#7533,.F.);
#7533 = EDGE_CURVE('',#6837,#6667,#7534,.T.);
#7534 = LINE('',#7535,#7536);
#7535 = CARTESIAN_POINT('',(3.,2.35,6.1));
#7536 = VECTOR('',#7537,1.);
#7537 = DIRECTION('',(-1.224646799147E-16,-1.,0.));
#7538 = PLANE('',#7539);
#7539 = AXIS2_PLACEMENT_3D('',#7540,#7541,#7542);
#7540 = CARTESIAN_POINT('',(2.75,2.35,5.85));
#7541 = DIRECTION('',(-0.707106781187,8.659560562349E-17,0.707106781187)
  );
#7542 = DIRECTION('',(0.707106781187,-8.659560562349E-17,0.707106781187)
  );
#7543 = ADVANCED_FACE('',(#7544),#7550,.T.);
#7544 = FACE_BOUND('',#7545,.T.);
#7545 = EDGE_LOOP('',(#7546,#7547,#7548,#7549));
#7546 = ORIENTED_EDGE('',*,*,#6836,.F.);
#7547 = ORIENTED_EDGE('',*,*,#7533,.T.);
#7548 = ORIENTED_EDGE('',*,*,#6666,.F.);
#7549 = ORIENTED_EDGE('',*,*,#7254,.F.);
#7550 = PLANE('',#7551);
#7551 = AXIS2_PLACEMENT_3D('',#7552,#7553,#7554);
#7552 = CARTESIAN_POINT('',(3.,2.35,6.1));
#7553 = DIRECTION('',(-1.,1.224646799147E-16,2.467162276945E-16));
#7554 = DIRECTION('',(2.467162276945E-16,-3.021402385438E-32,1.));
#7555 = ADVANCED_FACE('',(#7556),#7567,.F.);
#7556 = FACE_BOUND('',#7557,.F.);
#7557 = EDGE_LOOP('',(#7558,#7559,#7560,#7566));
#7558 = ORIENTED_EDGE('',*,*,#6967,.T.);
#7559 = ORIENTED_EDGE('',*,*,#7119,.T.);
#7560 = ORIENTED_EDGE('',*,*,#7561,.F.);
#7561 = EDGE_CURVE('',#7177,#7120,#7562,.T.);
#7562 = LINE('',#7563,#7564);
#7563 = CARTESIAN_POINT('',(3.25,0.5,0.3));
#7564 = VECTOR('',#7565,1.);
#7565 = DIRECTION('',(-1.,1.224646799147E-16,0.));
#7566 = ORIENTED_EDGE('',*,*,#7176,.F.);
#7567 = PLANE('',#7568);
#7568 = AXIS2_PLACEMENT_3D('',#7569,#7570,#7571);
#7569 = CARTESIAN_POINT('',(3.25,2.35,1.));
#7570 = DIRECTION('',(-4.33392824344E-17,-0.353892097416,0.935286257456)
  );
#7571 = DIRECTION('',(-1.14539532148E-16,-0.935286257456,-0.353892097416
    ));
#7572 = ADVANCED_FACE('',(#7573),#7584,.F.);
#7573 = FACE_BOUND('',#7574,.F.);
#7574 = EDGE_LOOP('',(#7575,#7576,#7577,#7583));
#7575 = ORIENTED_EDGE('',*,*,#6935,.T.);
#7576 = ORIENTED_EDGE('',*,*,#7014,.T.);
#7577 = ORIENTED_EDGE('',*,*,#7578,.F.);
#7578 = EDGE_CURVE('',#7072,#7015,#7579,.T.);
#7579 = LINE('',#7580,#7581);
#7580 = CARTESIAN_POINT('',(0.75,0.5,0.3));
#7581 = VECTOR('',#7582,1.);
#7582 = DIRECTION('',(-1.,1.224646799147E-16,0.));
#7583 = ORIENTED_EDGE('',*,*,#7071,.F.);
#7584 = PLANE('',#7585);
#7585 = AXIS2_PLACEMENT_3D('',#7586,#7587,#7588);
#7586 = CARTESIAN_POINT('',(0.75,2.35,1.));
#7587 = DIRECTION('',(-4.33392824344E-17,-0.353892097416,0.935286257456)
  );
#7588 = DIRECTION('',(-1.14539532148E-16,-0.935286257456,-0.353892097416
    ));
#7589 = ADVANCED_FACE('',(#7590,#7596),#7630,.F.);
#7590 = FACE_BOUND('',#7591,.F.);
#7591 = EDGE_LOOP('',(#7592,#7593,#7594,#7595));
#7592 = ORIENTED_EDGE('',*,*,#7578,.T.);
#7593 = ORIENTED_EDGE('',*,*,#7022,.T.);
#7594 = ORIENTED_EDGE('',*,*,#7046,.F.);
#7595 = ORIENTED_EDGE('',*,*,#7079,.F.);
#7596 = FACE_BOUND('',#7597,.F.);
#7597 = EDGE_LOOP('',(#7598,#7608,#7616,#7624));
#7598 = ORIENTED_EDGE('',*,*,#7599,.F.);
#7599 = EDGE_CURVE('',#7600,#7602,#7604,.T.);
#7600 = VERTEX_POINT('',#7601);
#7601 = CARTESIAN_POINT('',(-0.32,0.32,0.3));
#7602 = VERTEX_POINT('',#7603);
#7603 = CARTESIAN_POINT('',(-0.32,-0.32,0.3));
#7604 = LINE('',#7605,#7606);
#7605 = CARTESIAN_POINT('',(-0.32,0.26829700442,0.3));
#7606 = VECTOR('',#7607,1.);
#7607 = DIRECTION('',(-1.224646799147E-16,-1.,0.));
#7608 = ORIENTED_EDGE('',*,*,#7609,.T.);
#7609 = EDGE_CURVE('',#7600,#7610,#7612,.T.);
#7610 = VERTEX_POINT('',#7611);
#7611 = CARTESIAN_POINT('',(0.32,0.32,0.3));
#7612 = LINE('',#7613,#7614);
#7613 = CARTESIAN_POINT('',(0.535,0.32,0.3));
#7614 = VECTOR('',#7615,1.);
#7615 = DIRECTION('',(1.,-1.224646799147E-16,0.));
#7616 = ORIENTED_EDGE('',*,*,#7617,.T.);
#7617 = EDGE_CURVE('',#7610,#7618,#7620,.T.);
#7618 = VERTEX_POINT('',#7619);
#7619 = CARTESIAN_POINT('',(0.32,-0.32,0.3));
#7620 = LINE('',#7621,#7622);
#7621 = CARTESIAN_POINT('',(0.32,0.26829700442,0.3));
#7622 = VECTOR('',#7623,1.);
#7623 = DIRECTION('',(-1.224646799147E-16,-1.,0.));
#7624 = ORIENTED_EDGE('',*,*,#7625,.T.);
#7625 = EDGE_CURVE('',#7618,#7602,#7626,.T.);
#7626 = LINE('',#7627,#7628);
#7627 = CARTESIAN_POINT('',(0.535,-0.32,0.3));
#7628 = VECTOR('',#7629,1.);
#7629 = DIRECTION('',(-1.,1.224646799147E-16,0.));
#7630 = PLANE('',#7631);
#7631 = AXIS2_PLACEMENT_3D('',#7632,#7633,#7634);
#7632 = CARTESIAN_POINT('',(0.75,0.5,0.3));
#7633 = DIRECTION('',(0.,0.,1.));
#7634 = DIRECTION('',(-1.224646799147E-16,-1.,0.));
#7635 = ADVANCED_FACE('',(#7636,#7642),#7676,.F.);
#7636 = FACE_BOUND('',#7637,.F.);
#7637 = EDGE_LOOP('',(#7638,#7639,#7640,#7641));
#7638 = ORIENTED_EDGE('',*,*,#7561,.T.);
#7639 = ORIENTED_EDGE('',*,*,#7127,.T.);
#7640 = ORIENTED_EDGE('',*,*,#7151,.F.);
#7641 = ORIENTED_EDGE('',*,*,#7184,.F.);
#7642 = FACE_BOUND('',#7643,.F.);
#7643 = EDGE_LOOP('',(#7644,#7654,#7662,#7670));
#7644 = ORIENTED_EDGE('',*,*,#7645,.F.);
#7645 = EDGE_CURVE('',#7646,#7648,#7650,.T.);
#7646 = VERTEX_POINT('',#7647);
#7647 = CARTESIAN_POINT('',(2.18,0.32,0.3));
#7648 = VERTEX_POINT('',#7649);
#7649 = CARTESIAN_POINT('',(2.18,-0.32,0.3));
#7650 = LINE('',#7651,#7652);
#7651 = CARTESIAN_POINT('',(2.18,0.26829700442,0.3));
#7652 = VECTOR('',#7653,1.);
#7653 = DIRECTION('',(-1.224646799147E-16,-1.,0.));
#7654 = ORIENTED_EDGE('',*,*,#7655,.T.);
#7655 = EDGE_CURVE('',#7646,#7656,#7658,.T.);
#7656 = VERTEX_POINT('',#7657);
#7657 = CARTESIAN_POINT('',(2.82,0.32,0.3));
#7658 = LINE('',#7659,#7660);
#7659 = CARTESIAN_POINT('',(3.035,0.32,0.3));
#7660 = VECTOR('',#7661,1.);
#7661 = DIRECTION('',(1.,-1.224646799147E-16,0.));
#7662 = ORIENTED_EDGE('',*,*,#7663,.T.);
#7663 = EDGE_CURVE('',#7656,#7664,#7666,.T.);
#7664 = VERTEX_POINT('',#7665);
#7665 = CARTESIAN_POINT('',(2.82,-0.32,0.3));
#7666 = LINE('',#7667,#7668);
#7667 = CARTESIAN_POINT('',(2.82,0.26829700442,0.3));
#7668 = VECTOR('',#7669,1.);
#7669 = DIRECTION('',(-1.224646799147E-16,-1.,0.));
#7670 = ORIENTED_EDGE('',*,*,#7671,.T.);
#7671 = EDGE_CURVE('',#7664,#7648,#7672,.T.);
#7672 = LINE('',#7673,#7674);
#7673 = CARTESIAN_POINT('',(3.035,-0.32,0.3));
#7674 = VECTOR('',#7675,1.);
#7675 = DIRECTION('',(-1.,1.224646799147E-16,0.));
#7676 = PLANE('',#7677);
#7677 = AXIS2_PLACEMENT_3D('',#7678,#7679,#7680);
#7678 = CARTESIAN_POINT('',(3.25,0.5,0.3));
#7679 = DIRECTION('',(0.,0.,1.));
#7680 = DIRECTION('',(-1.224646799147E-16,-1.,0.));
#7681 = ADVANCED_FACE('',(#7682),#7707,.T.);
#7682 = FACE_BOUND('',#7683,.T.);
#7683 = EDGE_LOOP('',(#7684,#7685,#7693,#7701));
#7684 = ORIENTED_EDGE('',*,*,#7303,.T.);
#7685 = ORIENTED_EDGE('',*,*,#7686,.T.);
#7686 = EDGE_CURVE('',#7306,#7687,#7689,.T.);
#7687 = VERTEX_POINT('',#7688);
#7688 = CARTESIAN_POINT('',(-0.32,-0.32,6.3));
#7689 = LINE('',#7690,#7691);
#7690 = CARTESIAN_POINT('',(-0.32,-0.32,-0.9));
#7691 = VECTOR('',#7692,1.);
#7692 = DIRECTION('',(0.,0.,1.));
#7693 = ORIENTED_EDGE('',*,*,#7694,.T.);
#7694 = EDGE_CURVE('',#7687,#7695,#7697,.T.);
#7695 = VERTEX_POINT('',#7696);
#7696 = CARTESIAN_POINT('',(-0.32,0.32,6.3));
#7697 = LINE('',#7698,#7699);
#7698 = CARTESIAN_POINT('',(-0.32,-0.32,6.3));
#7699 = VECTOR('',#7700,1.);
#7700 = DIRECTION('',(1.224646799147E-16,1.,0.));
#7701 = ORIENTED_EDGE('',*,*,#7702,.T.);
#7702 = EDGE_CURVE('',#7695,#7304,#7703,.T.);
#7703 = LINE('',#7704,#7705);
#7704 = CARTESIAN_POINT('',(-0.32,0.32,6.5));
#7705 = VECTOR('',#7706,1.);
#7706 = DIRECTION('',(-0.,0.,-1.));
#7707 = PLANE('',#7708);
#7708 = AXIS2_PLACEMENT_3D('',#7709,#7710,#7711);
#7709 = CARTESIAN_POINT('',(-0.32,3.65940088399E-02,1.522832428212));
#7710 = DIRECTION('',(-1.,1.224646799147E-16,0.));
#7711 = DIRECTION('',(0.,0.,1.));
#7712 = ADVANCED_FACE('',(#7713),#7731,.F.);
#7713 = FACE_BOUND('',#7714,.F.);
#7714 = EDGE_LOOP('',(#7715,#7723,#7724,#7725));
#7715 = ORIENTED_EDGE('',*,*,#7716,.F.);
#7716 = EDGE_CURVE('',#7322,#7717,#7719,.T.);
#7717 = VERTEX_POINT('',#7718);
#7718 = CARTESIAN_POINT('',(0.32,-0.32,6.3));
#7719 = LINE('',#7720,#7721);
#7720 = CARTESIAN_POINT('',(0.32,-0.32,-0.9));
#7721 = VECTOR('',#7722,1.);
#7722 = DIRECTION('',(0.,0.,1.));
#7723 = ORIENTED_EDGE('',*,*,#7329,.T.);
#7724 = ORIENTED_EDGE('',*,*,#7686,.T.);
#7725 = ORIENTED_EDGE('',*,*,#7726,.F.);
#7726 = EDGE_CURVE('',#7717,#7687,#7727,.T.);
#7727 = LINE('',#7728,#7729);
#7728 = CARTESIAN_POINT('',(0.32,-0.32,6.3));
#7729 = VECTOR('',#7730,1.);
#7730 = DIRECTION('',(-1.,1.224646799147E-16,0.));
#7731 = PLANE('',#7732);
#7732 = AXIS2_PLACEMENT_3D('',#7733,#7734,#7735);
#7733 = CARTESIAN_POINT('',(0.32,-0.32,-0.9));
#7734 = DIRECTION('',(1.224646799147E-16,1.,0.));
#7735 = DIRECTION('',(0.,-0.,1.));
#7736 = ADVANCED_FACE('',(#7737),#7755,.F.);
#7737 = FACE_BOUND('',#7738,.F.);
#7738 = EDGE_LOOP('',(#7739,#7740,#7741,#7749));
#7739 = ORIENTED_EDGE('',*,*,#7321,.T.);
#7740 = ORIENTED_EDGE('',*,*,#7716,.T.);
#7741 = ORIENTED_EDGE('',*,*,#7742,.T.);
#7742 = EDGE_CURVE('',#7717,#7743,#7745,.T.);
#7743 = VERTEX_POINT('',#7744);
#7744 = CARTESIAN_POINT('',(0.32,0.32,6.3));
#7745 = LINE('',#7746,#7747);
#7746 = CARTESIAN_POINT('',(0.32,-0.32,6.3));
#7747 = VECTOR('',#7748,1.);
#7748 = DIRECTION('',(1.224646799147E-16,1.,0.));
#7749 = ORIENTED_EDGE('',*,*,#7750,.T.);
#7750 = EDGE_CURVE('',#7743,#7314,#7751,.T.);
#7751 = LINE('',#7752,#7753);
#7752 = CARTESIAN_POINT('',(0.32,0.32,6.5));
#7753 = VECTOR('',#7754,1.);
#7754 = DIRECTION('',(-0.,0.,-1.));
#7755 = PLANE('',#7756);
#7756 = AXIS2_PLACEMENT_3D('',#7757,#7758,#7759);
#7757 = CARTESIAN_POINT('',(0.32,3.65940088399E-02,1.522832428212));
#7758 = DIRECTION('',(-1.,1.224646799147E-16,0.));
#7759 = DIRECTION('',(0.,0.,1.));
#7760 = ADVANCED_FACE('',(#7761),#7772,.F.);
#7761 = FACE_BOUND('',#7762,.F.);
#7762 = EDGE_LOOP('',(#7763,#7764,#7770,#7771));
#7763 = ORIENTED_EDGE('',*,*,#7750,.F.);
#7764 = ORIENTED_EDGE('',*,*,#7765,.T.);
#7765 = EDGE_CURVE('',#7743,#7695,#7766,.T.);
#7766 = LINE('',#7767,#7768);
#7767 = CARTESIAN_POINT('',(0.32,0.32,6.3));
#7768 = VECTOR('',#7769,1.);
#7769 = DIRECTION('',(-1.,1.224646799147E-16,0.));
#7770 = ORIENTED_EDGE('',*,*,#7702,.T.);
#7771 = ORIENTED_EDGE('',*,*,#7313,.T.);
#7772 = PLANE('',#7773);
#7773 = AXIS2_PLACEMENT_3D('',#7774,#7775,#7776);
#7774 = CARTESIAN_POINT('',(0.32,0.32,6.5));
#7775 = DIRECTION('',(-1.224646799147E-16,-1.,0.));
#7776 = DIRECTION('',(-0.,0.,-1.));
#7777 = ADVANCED_FACE('',(#7778),#7803,.T.);
#7778 = FACE_BOUND('',#7779,.T.);
#7779 = EDGE_LOOP('',(#7780,#7781,#7789,#7797));
#7780 = ORIENTED_EDGE('',*,*,#7337,.T.);
#7781 = ORIENTED_EDGE('',*,*,#7782,.T.);
#7782 = EDGE_CURVE('',#7340,#7783,#7785,.T.);
#7783 = VERTEX_POINT('',#7784);
#7784 = CARTESIAN_POINT('',(2.18,-0.32,6.3));
#7785 = LINE('',#7786,#7787);
#7786 = CARTESIAN_POINT('',(2.18,-0.32,-0.9));
#7787 = VECTOR('',#7788,1.);
#7788 = DIRECTION('',(0.,0.,1.));
#7789 = ORIENTED_EDGE('',*,*,#7790,.T.);
#7790 = EDGE_CURVE('',#7783,#7791,#7793,.T.);
#7791 = VERTEX_POINT('',#7792);
#7792 = CARTESIAN_POINT('',(2.18,0.32,6.3));
#7793 = LINE('',#7794,#7795);
#7794 = CARTESIAN_POINT('',(2.18,-0.32,6.3));
#7795 = VECTOR('',#7796,1.);
#7796 = DIRECTION('',(1.224646799147E-16,1.,0.));
#7797 = ORIENTED_EDGE('',*,*,#7798,.T.);
#7798 = EDGE_CURVE('',#7791,#7338,#7799,.T.);
#7799 = LINE('',#7800,#7801);
#7800 = CARTESIAN_POINT('',(2.18,0.32,6.5));
#7801 = VECTOR('',#7802,1.);
#7802 = DIRECTION('',(-0.,0.,-1.));
#7803 = PLANE('',#7804);
#7804 = AXIS2_PLACEMENT_3D('',#7805,#7806,#7807);
#7805 = CARTESIAN_POINT('',(2.18,3.65940088399E-02,1.522832428212));
#7806 = DIRECTION('',(-1.,1.224646799147E-16,0.));
#7807 = DIRECTION('',(0.,0.,1.));
#7808 = ADVANCED_FACE('',(#7809),#7827,.F.);
#7809 = FACE_BOUND('',#7810,.F.);
#7810 = EDGE_LOOP('',(#7811,#7819,#7820,#7821));
#7811 = ORIENTED_EDGE('',*,*,#7812,.F.);
#7812 = EDGE_CURVE('',#7356,#7813,#7815,.T.);
#7813 = VERTEX_POINT('',#7814);
#7814 = CARTESIAN_POINT('',(2.82,-0.32,6.3));
#7815 = LINE('',#7816,#7817);
#7816 = CARTESIAN_POINT('',(2.82,-0.32,-0.9));
#7817 = VECTOR('',#7818,1.);
#7818 = DIRECTION('',(0.,0.,1.));
#7819 = ORIENTED_EDGE('',*,*,#7363,.T.);
#7820 = ORIENTED_EDGE('',*,*,#7782,.T.);
#7821 = ORIENTED_EDGE('',*,*,#7822,.F.);
#7822 = EDGE_CURVE('',#7813,#7783,#7823,.T.);
#7823 = LINE('',#7824,#7825);
#7824 = CARTESIAN_POINT('',(2.82,-0.32,6.3));
#7825 = VECTOR('',#7826,1.);
#7826 = DIRECTION('',(-1.,1.224646799147E-16,0.));
#7827 = PLANE('',#7828);
#7828 = AXIS2_PLACEMENT_3D('',#7829,#7830,#7831);
#7829 = CARTESIAN_POINT('',(2.82,-0.32,-0.9));
#7830 = DIRECTION('',(1.224646799147E-16,1.,0.));
#7831 = DIRECTION('',(0.,-0.,1.));
#7832 = ADVANCED_FACE('',(#7833),#7851,.F.);
#7833 = FACE_BOUND('',#7834,.F.);
#7834 = EDGE_LOOP('',(#7835,#7836,#7837,#7845));
#7835 = ORIENTED_EDGE('',*,*,#7355,.T.);
#7836 = ORIENTED_EDGE('',*,*,#7812,.T.);
#7837 = ORIENTED_EDGE('',*,*,#7838,.T.);
#7838 = EDGE_CURVE('',#7813,#7839,#7841,.T.);
#7839 = VERTEX_POINT('',#7840);
#7840 = CARTESIAN_POINT('',(2.82,0.32,6.3));
#7841 = LINE('',#7842,#7843);
#7842 = CARTESIAN_POINT('',(2.82,-0.32,6.3));
#7843 = VECTOR('',#7844,1.);
#7844 = DIRECTION('',(1.224646799147E-16,1.,0.));
#7845 = ORIENTED_EDGE('',*,*,#7846,.T.);
#7846 = EDGE_CURVE('',#7839,#7348,#7847,.T.);
#7847 = LINE('',#7848,#7849);
#7848 = CARTESIAN_POINT('',(2.82,0.32,6.5));
#7849 = VECTOR('',#7850,1.);
#7850 = DIRECTION('',(-0.,0.,-1.));
#7851 = PLANE('',#7852);
#7852 = AXIS2_PLACEMENT_3D('',#7853,#7854,#7855);
#7853 = CARTESIAN_POINT('',(2.82,3.65940088399E-02,1.522832428212));
#7854 = DIRECTION('',(-1.,1.224646799147E-16,0.));
#7855 = DIRECTION('',(0.,0.,1.));
#7856 = ADVANCED_FACE('',(#7857),#7868,.F.);
#7857 = FACE_BOUND('',#7858,.F.);
#7858 = EDGE_LOOP('',(#7859,#7860,#7866,#7867));
#7859 = ORIENTED_EDGE('',*,*,#7846,.F.);
#7860 = ORIENTED_EDGE('',*,*,#7861,.T.);
#7861 = EDGE_CURVE('',#7839,#7791,#7862,.T.);
#7862 = LINE('',#7863,#7864);
#7863 = CARTESIAN_POINT('',(2.82,0.32,6.3));
#7864 = VECTOR('',#7865,1.);
#7865 = DIRECTION('',(-1.,1.224646799147E-16,0.));
#7866 = ORIENTED_EDGE('',*,*,#7798,.T.);
#7867 = ORIENTED_EDGE('',*,*,#7347,.T.);
#7868 = PLANE('',#7869);
#7869 = AXIS2_PLACEMENT_3D('',#7870,#7871,#7872);
#7870 = CARTESIAN_POINT('',(2.82,0.32,6.5));
#7871 = DIRECTION('',(-1.224646799147E-16,-1.,0.));
#7872 = DIRECTION('',(-0.,0.,-1.));
#7873 = ADVANCED_FACE('',(#7874),#7931,.T.);
#7874 = FACE_BOUND('',#7875,.T.);
#7875 = EDGE_LOOP('',(#7876,#7886,#7894,#7902,#7908,#7909,#7917,#7925));
#7876 = ORIENTED_EDGE('',*,*,#7877,.T.);
#7877 = EDGE_CURVE('',#7878,#7880,#7882,.T.);
#7878 = VERTEX_POINT('',#7879);
#7879 = CARTESIAN_POINT('',(-0.32,0.351578947368,-3.2));
#7880 = VERTEX_POINT('',#7881);
#7881 = CARTESIAN_POINT('',(-0.32,-0.288421052632,-3.2));
#7882 = LINE('',#7883,#7884);
#7883 = CARTESIAN_POINT('',(-0.32,0.32,-3.2));
#7884 = VECTOR('',#7885,1.);
#7885 = DIRECTION('',(-1.224646799147E-16,-1.,0.));
#7886 = ORIENTED_EDGE('',*,*,#7887,.T.);
#7887 = EDGE_CURVE('',#7880,#7888,#7890,.T.);
#7888 = VERTEX_POINT('',#7889);
#7889 = CARTESIAN_POINT('',(-0.32,-2.E-02,-1.5));
#7890 = LINE('',#7891,#7892);
#7891 = CARTESIAN_POINT('',(-0.32,-0.32,-3.4));
#7892 = VECTOR('',#7893,1.);
#7893 = DIRECTION('',(1.909990663905E-17,0.155962573473,0.987762965329)
  );
#7894 = ORIENTED_EDGE('',*,*,#7895,.T.);
#7895 = EDGE_CURVE('',#7888,#7896,#7898,.T.);
#7896 = VERTEX_POINT('',#7897);
#7897 = CARTESIAN_POINT('',(-0.32,-0.32,-0.9));
#7898 = LINE('',#7899,#7900);
#7899 = CARTESIAN_POINT('',(-0.32,-2.E-02,-1.5));
#7900 = VECTOR('',#7901,1.);
#7901 = DIRECTION('',(-5.476786982641E-17,-0.4472135955,0.894427191));
#7902 = ORIENTED_EDGE('',*,*,#7903,.T.);
#7903 = EDGE_CURVE('',#7896,#7602,#7904,.T.);
#7904 = LINE('',#7905,#7906);
#7905 = CARTESIAN_POINT('',(-0.32,-0.32,-0.9));
#7906 = VECTOR('',#7907,1.);
#7907 = DIRECTION('',(0.,0.,1.));
#7908 = ORIENTED_EDGE('',*,*,#7599,.F.);
#7909 = ORIENTED_EDGE('',*,*,#7910,.T.);
#7910 = EDGE_CURVE('',#7600,#7911,#7913,.T.);
#7911 = VERTEX_POINT('',#7912);
#7912 = CARTESIAN_POINT('',(-0.32,0.32,-0.9));
#7913 = LINE('',#7914,#7915);
#7914 = CARTESIAN_POINT('',(-0.32,0.32,6.5));
#7915 = VECTOR('',#7916,1.);
#7916 = DIRECTION('',(-0.,0.,-1.));
#7917 = ORIENTED_EDGE('',*,*,#7918,.T.);
#7918 = EDGE_CURVE('',#7911,#7919,#7921,.T.);
#7919 = VERTEX_POINT('',#7920);
#7920 = CARTESIAN_POINT('',(-0.32,0.62,-1.5));
#7921 = LINE('',#7922,#7923);
#7922 = CARTESIAN_POINT('',(-0.32,0.32,-0.9));
#7923 = VECTOR('',#7924,1.);
#7924 = DIRECTION('',(5.476786982641E-17,0.4472135955,-0.894427191));
#7925 = ORIENTED_EDGE('',*,*,#7926,.T.);
#7926 = EDGE_CURVE('',#7919,#7878,#7927,.T.);
#7927 = LINE('',#7928,#7929);
#7928 = CARTESIAN_POINT('',(-0.32,0.62,-1.5));
#7929 = VECTOR('',#7930,1.);
#7930 = DIRECTION('',(-1.909990663905E-17,-0.155962573473,
    -0.987762965329));
#7931 = PLANE('',#7932);
#7932 = AXIS2_PLACEMENT_3D('',#7933,#7934,#7935);
#7933 = CARTESIAN_POINT('',(-0.32,3.65940088399E-02,1.522832428212));
#7934 = DIRECTION('',(-1.,1.224646799147E-16,0.));
#7935 = DIRECTION('',(0.,0.,1.));
#7936 = ADVANCED_FACE('',(#7937),#7955,.F.);
#7937 = FACE_BOUND('',#7938,.F.);
#7938 = EDGE_LOOP('',(#7939,#7947,#7953,#7954));
#7939 = ORIENTED_EDGE('',*,*,#7940,.F.);
#7940 = EDGE_CURVE('',#7941,#7618,#7943,.T.);
#7941 = VERTEX_POINT('',#7942);
#7942 = CARTESIAN_POINT('',(0.32,-0.32,-0.9));
#7943 = LINE('',#7944,#7945);
#7944 = CARTESIAN_POINT('',(0.32,-0.32,-0.9));
#7945 = VECTOR('',#7946,1.);
#7946 = DIRECTION('',(0.,0.,1.));
#7947 = ORIENTED_EDGE('',*,*,#7948,.T.);
#7948 = EDGE_CURVE('',#7941,#7896,#7949,.T.);
#7949 = LINE('',#7950,#7951);
#7950 = CARTESIAN_POINT('',(0.32,-0.32,-0.9));
#7951 = VECTOR('',#7952,1.);
#7952 = DIRECTION('',(-1.,1.224646799147E-16,0.));
#7953 = ORIENTED_EDGE('',*,*,#7903,.T.);
#7954 = ORIENTED_EDGE('',*,*,#7625,.F.);
#7955 = PLANE('',#7956);
#7956 = AXIS2_PLACEMENT_3D('',#7957,#7958,#7959);
#7957 = CARTESIAN_POINT('',(0.32,-0.32,-0.9));
#7958 = DIRECTION('',(1.224646799147E-16,1.,0.));
#7959 = DIRECTION('',(0.,-0.,1.));
#7960 = ADVANCED_FACE('',(#7961),#8011,.F.);
#7961 = FACE_BOUND('',#7962,.F.);
#7962 = EDGE_LOOP('',(#7963,#7973,#7981,#7987,#7988,#7989,#7997,#8005));
#7963 = ORIENTED_EDGE('',*,*,#7964,.T.);
#7964 = EDGE_CURVE('',#7965,#7967,#7969,.T.);
#7965 = VERTEX_POINT('',#7966);
#7966 = CARTESIAN_POINT('',(0.32,0.351578947368,-3.2));
#7967 = VERTEX_POINT('',#7968);
#7968 = CARTESIAN_POINT('',(0.32,-0.288421052632,-3.2));
#7969 = LINE('',#7970,#7971);
#7970 = CARTESIAN_POINT('',(0.32,0.32,-3.2));
#7971 = VECTOR('',#7972,1.);
#7972 = DIRECTION('',(-1.224646799147E-16,-1.,0.));
#7973 = ORIENTED_EDGE('',*,*,#7974,.T.);
#7974 = EDGE_CURVE('',#7967,#7975,#7977,.T.);
#7975 = VERTEX_POINT('',#7976);
#7976 = CARTESIAN_POINT('',(0.32,-2.E-02,-1.5));
#7977 = LINE('',#7978,#7979);
#7978 = CARTESIAN_POINT('',(0.32,-0.32,-3.4));
#7979 = VECTOR('',#7980,1.);
#7980 = DIRECTION('',(1.909990663905E-17,0.155962573473,0.987762965329)
  );
#7981 = ORIENTED_EDGE('',*,*,#7982,.T.);
#7982 = EDGE_CURVE('',#7975,#7941,#7983,.T.);
#7983 = LINE('',#7984,#7985);
#7984 = CARTESIAN_POINT('',(0.32,-2.E-02,-1.5));
#7985 = VECTOR('',#7986,1.);
#7986 = DIRECTION('',(-5.476786982641E-17,-0.4472135955,0.894427191));
#7987 = ORIENTED_EDGE('',*,*,#7940,.T.);
#7988 = ORIENTED_EDGE('',*,*,#7617,.F.);
#7989 = ORIENTED_EDGE('',*,*,#7990,.T.);
#7990 = EDGE_CURVE('',#7610,#7991,#7993,.T.);
#7991 = VERTEX_POINT('',#7992);
#7992 = CARTESIAN_POINT('',(0.32,0.32,-0.9));
#7993 = LINE('',#7994,#7995);
#7994 = CARTESIAN_POINT('',(0.32,0.32,6.5));
#7995 = VECTOR('',#7996,1.);
#7996 = DIRECTION('',(-0.,0.,-1.));
#7997 = ORIENTED_EDGE('',*,*,#7998,.T.);
#7998 = EDGE_CURVE('',#7991,#7999,#8001,.T.);
#7999 = VERTEX_POINT('',#8000);
#8000 = CARTESIAN_POINT('',(0.32,0.62,-1.5));
#8001 = LINE('',#8002,#8003);
#8002 = CARTESIAN_POINT('',(0.32,0.32,-0.9));
#8003 = VECTOR('',#8004,1.);
#8004 = DIRECTION('',(5.476786982641E-17,0.4472135955,-0.894427191));
#8005 = ORIENTED_EDGE('',*,*,#8006,.T.);
#8006 = EDGE_CURVE('',#7999,#7965,#8007,.T.);
#8007 = LINE('',#8008,#8009);
#8008 = CARTESIAN_POINT('',(0.32,0.62,-1.5));
#8009 = VECTOR('',#8010,1.);
#8010 = DIRECTION('',(-1.909990663905E-17,-0.155962573473,
    -0.987762965329));
#8011 = PLANE('',#8012);
#8012 = AXIS2_PLACEMENT_3D('',#8013,#8014,#8015);
#8013 = CARTESIAN_POINT('',(0.32,3.65940088399E-02,1.522832428212));
#8014 = DIRECTION('',(-1.,1.224646799147E-16,0.));
#8015 = DIRECTION('',(0.,0.,1.));
#8016 = ADVANCED_FACE('',(#8017),#8028,.F.);
#8017 = FACE_BOUND('',#8018,.F.);
#8018 = EDGE_LOOP('',(#8019,#8020,#8021,#8022));
#8019 = ORIENTED_EDGE('',*,*,#7990,.F.);
#8020 = ORIENTED_EDGE('',*,*,#7609,.F.);
#8021 = ORIENTED_EDGE('',*,*,#7910,.T.);
#8022 = ORIENTED_EDGE('',*,*,#8023,.F.);
#8023 = EDGE_CURVE('',#7991,#7911,#8024,.T.);
#8024 = LINE('',#8025,#8026);
#8025 = CARTESIAN_POINT('',(0.32,0.32,-0.9));
#8026 = VECTOR('',#8027,1.);
#8027 = DIRECTION('',(-1.,1.224646799147E-16,0.));
#8028 = PLANE('',#8029);
#8029 = AXIS2_PLACEMENT_3D('',#8030,#8031,#8032);
#8030 = CARTESIAN_POINT('',(0.32,0.32,6.5));
#8031 = DIRECTION('',(-1.224646799147E-16,-1.,0.));
#8032 = DIRECTION('',(-0.,0.,-1.));
#8033 = ADVANCED_FACE('',(#8034),#8091,.T.);
#8034 = FACE_BOUND('',#8035,.T.);
#8035 = EDGE_LOOP('',(#8036,#8046,#8054,#8062,#8068,#8069,#8077,#8085));
#8036 = ORIENTED_EDGE('',*,*,#8037,.T.);
#8037 = EDGE_CURVE('',#8038,#8040,#8042,.T.);
#8038 = VERTEX_POINT('',#8039);
#8039 = CARTESIAN_POINT('',(2.18,0.351578947368,-3.2));
#8040 = VERTEX_POINT('',#8041);
#8041 = CARTESIAN_POINT('',(2.18,-0.288421052632,-3.2));
#8042 = LINE('',#8043,#8044);
#8043 = CARTESIAN_POINT('',(2.18,0.32,-3.2));
#8044 = VECTOR('',#8045,1.);
#8045 = DIRECTION('',(-1.224646799147E-16,-1.,0.));
#8046 = ORIENTED_EDGE('',*,*,#8047,.T.);
#8047 = EDGE_CURVE('',#8040,#8048,#8050,.T.);
#8048 = VERTEX_POINT('',#8049);
#8049 = CARTESIAN_POINT('',(2.18,-2.E-02,-1.5));
#8050 = LINE('',#8051,#8052);
#8051 = CARTESIAN_POINT('',(2.18,-0.32,-3.4));
#8052 = VECTOR('',#8053,1.);
#8053 = DIRECTION('',(1.909990663905E-17,0.155962573473,0.987762965329)
  );
#8054 = ORIENTED_EDGE('',*,*,#8055,.T.);
#8055 = EDGE_CURVE('',#8048,#8056,#8058,.T.);
#8056 = VERTEX_POINT('',#8057);
#8057 = CARTESIAN_POINT('',(2.18,-0.32,-0.9));
#8058 = LINE('',#8059,#8060);
#8059 = CARTESIAN_POINT('',(2.18,-2.E-02,-1.5));
#8060 = VECTOR('',#8061,1.);
#8061 = DIRECTION('',(-5.476786982641E-17,-0.4472135955,0.894427191));
#8062 = ORIENTED_EDGE('',*,*,#8063,.T.);
#8063 = EDGE_CURVE('',#8056,#7648,#8064,.T.);
#8064 = LINE('',#8065,#8066);
#8065 = CARTESIAN_POINT('',(2.18,-0.32,-0.9));
#8066 = VECTOR('',#8067,1.);
#8067 = DIRECTION('',(0.,0.,1.));
#8068 = ORIENTED_EDGE('',*,*,#7645,.F.);
#8069 = ORIENTED_EDGE('',*,*,#8070,.T.);
#8070 = EDGE_CURVE('',#7646,#8071,#8073,.T.);
#8071 = VERTEX_POINT('',#8072);
#8072 = CARTESIAN_POINT('',(2.18,0.32,-0.9));
#8073 = LINE('',#8074,#8075);
#8074 = CARTESIAN_POINT('',(2.18,0.32,6.5));
#8075 = VECTOR('',#8076,1.);
#8076 = DIRECTION('',(-0.,0.,-1.));
#8077 = ORIENTED_EDGE('',*,*,#8078,.T.);
#8078 = EDGE_CURVE('',#8071,#8079,#8081,.T.);
#8079 = VERTEX_POINT('',#8080);
#8080 = CARTESIAN_POINT('',(2.18,0.62,-1.5));
#8081 = LINE('',#8082,#8083);
#8082 = CARTESIAN_POINT('',(2.18,0.32,-0.9));
#8083 = VECTOR('',#8084,1.);
#8084 = DIRECTION('',(5.476786982641E-17,0.4472135955,-0.894427191));
#8085 = ORIENTED_EDGE('',*,*,#8086,.T.);
#8086 = EDGE_CURVE('',#8079,#8038,#8087,.T.);
#8087 = LINE('',#8088,#8089);
#8088 = CARTESIAN_POINT('',(2.18,0.62,-1.5));
#8089 = VECTOR('',#8090,1.);
#8090 = DIRECTION('',(-1.909990663905E-17,-0.155962573473,
    -0.987762965329));
#8091 = PLANE('',#8092);
#8092 = AXIS2_PLACEMENT_3D('',#8093,#8094,#8095);
#8093 = CARTESIAN_POINT('',(2.18,3.65940088399E-02,1.522832428212));
#8094 = DIRECTION('',(-1.,1.224646799147E-16,0.));
#8095 = DIRECTION('',(0.,0.,1.));
#8096 = ADVANCED_FACE('',(#8097),#8115,.F.);
#8097 = FACE_BOUND('',#8098,.F.);
#8098 = EDGE_LOOP('',(#8099,#8107,#8113,#8114));
#8099 = ORIENTED_EDGE('',*,*,#8100,.F.);
#8100 = EDGE_CURVE('',#8101,#7664,#8103,.T.);
#8101 = VERTEX_POINT('',#8102);
#8102 = CARTESIAN_POINT('',(2.82,-0.32,-0.9));
#8103 = LINE('',#8104,#8105);
#8104 = CARTESIAN_POINT('',(2.82,-0.32,-0.9));
#8105 = VECTOR('',#8106,1.);
#8106 = DIRECTION('',(0.,0.,1.));
#8107 = ORIENTED_EDGE('',*,*,#8108,.T.);
#8108 = EDGE_CURVE('',#8101,#8056,#8109,.T.);
#8109 = LINE('',#8110,#8111);
#8110 = CARTESIAN_POINT('',(2.82,-0.32,-0.9));
#8111 = VECTOR('',#8112,1.);
#8112 = DIRECTION('',(-1.,1.224646799147E-16,0.));
#8113 = ORIENTED_EDGE('',*,*,#8063,.T.);
#8114 = ORIENTED_EDGE('',*,*,#7671,.F.);
#8115 = PLANE('',#8116);
#8116 = AXIS2_PLACEMENT_3D('',#8117,#8118,#8119);
#8117 = CARTESIAN_POINT('',(2.82,-0.32,-0.9));
#8118 = DIRECTION('',(1.224646799147E-16,1.,0.));
#8119 = DIRECTION('',(0.,-0.,1.));
#8120 = ADVANCED_FACE('',(#8121),#8171,.F.);
#8121 = FACE_BOUND('',#8122,.F.);
#8122 = EDGE_LOOP('',(#8123,#8133,#8141,#8147,#8148,#8149,#8157,#8165));
#8123 = ORIENTED_EDGE('',*,*,#8124,.T.);
#8124 = EDGE_CURVE('',#8125,#8127,#8129,.T.);
#8125 = VERTEX_POINT('',#8126);
#8126 = CARTESIAN_POINT('',(2.82,0.351578947368,-3.2));
#8127 = VERTEX_POINT('',#8128);
#8128 = CARTESIAN_POINT('',(2.82,-0.288421052632,-3.2));
#8129 = LINE('',#8130,#8131);
#8130 = CARTESIAN_POINT('',(2.82,0.32,-3.2));
#8131 = VECTOR('',#8132,1.);
#8132 = DIRECTION('',(-1.224646799147E-16,-1.,0.));
#8133 = ORIENTED_EDGE('',*,*,#8134,.T.);
#8134 = EDGE_CURVE('',#8127,#8135,#8137,.T.);
#8135 = VERTEX_POINT('',#8136);
#8136 = CARTESIAN_POINT('',(2.82,-2.E-02,-1.5));
#8137 = LINE('',#8138,#8139);
#8138 = CARTESIAN_POINT('',(2.82,-0.32,-3.4));
#8139 = VECTOR('',#8140,1.);
#8140 = DIRECTION('',(1.909990663905E-17,0.155962573473,0.987762965329)
  );
#8141 = ORIENTED_EDGE('',*,*,#8142,.T.);
#8142 = EDGE_CURVE('',#8135,#8101,#8143,.T.);
#8143 = LINE('',#8144,#8145);
#8144 = CARTESIAN_POINT('',(2.82,-2.E-02,-1.5));
#8145 = VECTOR('',#8146,1.);
#8146 = DIRECTION('',(-5.476786982641E-17,-0.4472135955,0.894427191));
#8147 = ORIENTED_EDGE('',*,*,#8100,.T.);
#8148 = ORIENTED_EDGE('',*,*,#7663,.F.);
#8149 = ORIENTED_EDGE('',*,*,#8150,.T.);
#8150 = EDGE_CURVE('',#7656,#8151,#8153,.T.);
#8151 = VERTEX_POINT('',#8152);
#8152 = CARTESIAN_POINT('',(2.82,0.32,-0.9));
#8153 = LINE('',#8154,#8155);
#8154 = CARTESIAN_POINT('',(2.82,0.32,6.5));
#8155 = VECTOR('',#8156,1.);
#8156 = DIRECTION('',(-0.,0.,-1.));
#8157 = ORIENTED_EDGE('',*,*,#8158,.T.);
#8158 = EDGE_CURVE('',#8151,#8159,#8161,.T.);
#8159 = VERTEX_POINT('',#8160);
#8160 = CARTESIAN_POINT('',(2.82,0.62,-1.5));
#8161 = LINE('',#8162,#8163);
#8162 = CARTESIAN_POINT('',(2.82,0.32,-0.9));
#8163 = VECTOR('',#8164,1.);
#8164 = DIRECTION('',(5.476786982641E-17,0.4472135955,-0.894427191));
#8165 = ORIENTED_EDGE('',*,*,#8166,.T.);
#8166 = EDGE_CURVE('',#8159,#8125,#8167,.T.);
#8167 = LINE('',#8168,#8169);
#8168 = CARTESIAN_POINT('',(2.82,0.62,-1.5));
#8169 = VECTOR('',#8170,1.);
#8170 = DIRECTION('',(-1.909990663905E-17,-0.155962573473,
    -0.987762965329));
#8171 = PLANE('',#8172);
#8172 = AXIS2_PLACEMENT_3D('',#8173,#8174,#8175);
#8173 = CARTESIAN_POINT('',(2.82,3.65940088399E-02,1.522832428212));
#8174 = DIRECTION('',(-1.,1.224646799147E-16,0.));
#8175 = DIRECTION('',(0.,0.,1.));
#8176 = ADVANCED_FACE('',(#8177),#8188,.F.);
#8177 = FACE_BOUND('',#8178,.F.);
#8178 = EDGE_LOOP('',(#8179,#8180,#8181,#8182));
#8179 = ORIENTED_EDGE('',*,*,#8150,.F.);
#8180 = ORIENTED_EDGE('',*,*,#7655,.F.);
#8181 = ORIENTED_EDGE('',*,*,#8070,.T.);
#8182 = ORIENTED_EDGE('',*,*,#8183,.F.);
#8183 = EDGE_CURVE('',#8151,#8071,#8184,.T.);
#8184 = LINE('',#8185,#8186);
#8185 = CARTESIAN_POINT('',(2.82,0.32,-0.9));
#8186 = VECTOR('',#8187,1.);
#8187 = DIRECTION('',(-1.,1.224646799147E-16,0.));
#8188 = PLANE('',#8189);
#8189 = AXIS2_PLACEMENT_3D('',#8190,#8191,#8192);
#8190 = CARTESIAN_POINT('',(2.82,0.32,6.5));
#8191 = DIRECTION('',(-1.224646799147E-16,-1.,0.));
#8192 = DIRECTION('',(-0.,0.,-1.));
#8193 = ADVANCED_FACE('',(#8194),#8219,.F.);
#8194 = FACE_BOUND('',#8195,.T.);
#8195 = EDGE_LOOP('',(#8196,#8204,#8212,#8218));
#8196 = ORIENTED_EDGE('',*,*,#8197,.F.);
#8197 = EDGE_CURVE('',#8198,#7687,#8200,.T.);
#8198 = VERTEX_POINT('',#8199);
#8199 = CARTESIAN_POINT('',(-0.12,-0.12,6.5));
#8200 = LINE('',#8201,#8202);
#8201 = CARTESIAN_POINT('',(-0.146666666667,-0.146666666667,
    6.473333333333));
#8202 = VECTOR('',#8203,1.);
#8203 = DIRECTION('',(-0.57735026919,-0.57735026919,-0.57735026919));
#8204 = ORIENTED_EDGE('',*,*,#8205,.T.);
#8205 = EDGE_CURVE('',#8198,#8206,#8208,.T.);
#8206 = VERTEX_POINT('',#8207);
#8207 = CARTESIAN_POINT('',(-0.12,0.12,6.5));
#8208 = LINE('',#8209,#8210);
#8209 = CARTESIAN_POINT('',(-0.12,-0.32,6.5));
#8210 = VECTOR('',#8211,1.);
#8211 = DIRECTION('',(1.224646799147E-16,1.,0.));
#8212 = ORIENTED_EDGE('',*,*,#8213,.T.);
#8213 = EDGE_CURVE('',#8206,#7695,#8214,.T.);
#8214 = LINE('',#8215,#8216);
#8215 = CARTESIAN_POINT('',(-4.E-02,4.E-02,6.58));
#8216 = VECTOR('',#8217,1.);
#8217 = DIRECTION('',(-0.57735026919,0.57735026919,-0.57735026919));
#8218 = ORIENTED_EDGE('',*,*,#7694,.F.);
#8219 = PLANE('',#8220);
#8220 = AXIS2_PLACEMENT_3D('',#8221,#8222,#8223);
#8221 = CARTESIAN_POINT('',(-0.22,-0.32,6.4));
#8222 = DIRECTION('',(0.707106781187,-8.486018839685E-17,-0.707106781187
    ));
#8223 = DIRECTION('',(-1.212375546256E-16,-1.,-1.227125289196E-18));
#8224 = ADVANCED_FACE('',(#8225),#8243,.T.);
#8225 = FACE_BOUND('',#8226,.F.);
#8226 = EDGE_LOOP('',(#8227,#8235,#8236,#8237));
#8227 = ORIENTED_EDGE('',*,*,#8228,.T.);
#8228 = EDGE_CURVE('',#8229,#7717,#8231,.T.);
#8229 = VERTEX_POINT('',#8230);
#8230 = CARTESIAN_POINT('',(0.12,-0.12,6.5));
#8231 = LINE('',#8232,#8233);
#8232 = CARTESIAN_POINT('',(0.253333333333,-0.253333333333,
    6.366666666667));
#8233 = VECTOR('',#8234,1.);
#8234 = DIRECTION('',(0.57735026919,-0.57735026919,-0.57735026919));
#8235 = ORIENTED_EDGE('',*,*,#7726,.T.);
#8236 = ORIENTED_EDGE('',*,*,#8197,.F.);
#8237 = ORIENTED_EDGE('',*,*,#8238,.F.);
#8238 = EDGE_CURVE('',#8229,#8198,#8239,.T.);
#8239 = LINE('',#8240,#8241);
#8240 = CARTESIAN_POINT('',(0.32,-0.12,6.5));
#8241 = VECTOR('',#8242,1.);
#8242 = DIRECTION('',(-1.,1.224646799147E-16,0.));
#8243 = PLANE('',#8244);
#8244 = AXIS2_PLACEMENT_3D('',#8245,#8246,#8247);
#8245 = CARTESIAN_POINT('',(0.32,-0.22,6.4));
#8246 = DIRECTION('',(-8.833102285013E-17,-0.707106781187,0.707106781187
    ));
#8247 = DIRECTION('',(1.,-1.236918052038E-16,1.227125289097E-18));
#8248 = ADVANCED_FACE('',(#8249),#8267,.T.);
#8249 = FACE_BOUND('',#8250,.F.);
#8250 = EDGE_LOOP('',(#8251,#8252,#8260,#8266));
#8251 = ORIENTED_EDGE('',*,*,#8228,.F.);
#8252 = ORIENTED_EDGE('',*,*,#8253,.T.);
#8253 = EDGE_CURVE('',#8229,#8254,#8256,.T.);
#8254 = VERTEX_POINT('',#8255);
#8255 = CARTESIAN_POINT('',(0.12,0.12,6.5));
#8256 = LINE('',#8257,#8258);
#8257 = CARTESIAN_POINT('',(0.12,-0.32,6.5));
#8258 = VECTOR('',#8259,1.);
#8259 = DIRECTION('',(1.224646799147E-16,1.,0.));
#8260 = ORIENTED_EDGE('',*,*,#8261,.T.);
#8261 = EDGE_CURVE('',#8254,#7743,#8262,.T.);
#8262 = LINE('',#8263,#8264);
#8263 = CARTESIAN_POINT('',(0.146666666667,0.146666666667,6.473333333333
    ));
#8264 = VECTOR('',#8265,1.);
#8265 = DIRECTION('',(0.57735026919,0.57735026919,-0.57735026919));
#8266 = ORIENTED_EDGE('',*,*,#7742,.F.);
#8267 = PLANE('',#8268);
#8268 = AXIS2_PLACEMENT_3D('',#8269,#8270,#8271);
#8269 = CARTESIAN_POINT('',(0.22,-0.32,6.4));
#8270 = DIRECTION('',(0.707106781187,-8.833102285013E-17,0.707106781187)
  );
#8271 = DIRECTION('',(-1.236918052038E-16,-1.,-1.227125289097E-18));
#8272 = ADVANCED_FACE('',(#8273),#8284,.T.);
#8273 = FACE_BOUND('',#8274,.F.);
#8274 = EDGE_LOOP('',(#8275,#8276,#8282,#8283));
#8275 = ORIENTED_EDGE('',*,*,#8261,.F.);
#8276 = ORIENTED_EDGE('',*,*,#8277,.T.);
#8277 = EDGE_CURVE('',#8254,#8206,#8278,.T.);
#8278 = LINE('',#8279,#8280);
#8279 = CARTESIAN_POINT('',(0.32,0.12,6.5));
#8280 = VECTOR('',#8281,1.);
#8281 = DIRECTION('',(-1.,1.224646799147E-16,0.));
#8282 = ORIENTED_EDGE('',*,*,#8213,.T.);
#8283 = ORIENTED_EDGE('',*,*,#7765,.F.);
#8284 = PLANE('',#8285);
#8285 = AXIS2_PLACEMENT_3D('',#8286,#8287,#8288);
#8286 = CARTESIAN_POINT('',(0.32,0.22,6.4));
#8287 = DIRECTION('',(8.833102285013E-17,0.707106781187,0.707106781187)
  );
#8288 = DIRECTION('',(1.,-1.236918052038E-16,-1.227125289097E-18));
#8289 = ADVANCED_FACE('',(#8290),#8315,.F.);
#8290 = FACE_BOUND('',#8291,.T.);
#8291 = EDGE_LOOP('',(#8292,#8300,#8308,#8314));
#8292 = ORIENTED_EDGE('',*,*,#8293,.F.);
#8293 = EDGE_CURVE('',#8294,#7783,#8296,.T.);
#8294 = VERTEX_POINT('',#8295);
#8295 = CARTESIAN_POINT('',(2.38,-0.12,6.5));
#8296 = LINE('',#8297,#8298);
#8297 = CARTESIAN_POINT('',(2.353333333333,-0.146666666667,
    6.473333333333));
#8298 = VECTOR('',#8299,1.);
#8299 = DIRECTION('',(-0.57735026919,-0.57735026919,-0.57735026919));
#8300 = ORIENTED_EDGE('',*,*,#8301,.T.);
#8301 = EDGE_CURVE('',#8294,#8302,#8304,.T.);
#8302 = VERTEX_POINT('',#8303);
#8303 = CARTESIAN_POINT('',(2.38,0.12,6.5));
#8304 = LINE('',#8305,#8306);
#8305 = CARTESIAN_POINT('',(2.38,-0.32,6.5));
#8306 = VECTOR('',#8307,1.);
#8307 = DIRECTION('',(1.224646799147E-16,1.,0.));
#8308 = ORIENTED_EDGE('',*,*,#8309,.T.);
#8309 = EDGE_CURVE('',#8302,#7791,#8310,.T.);
#8310 = LINE('',#8311,#8312);
#8311 = CARTESIAN_POINT('',(2.46,4.E-02,6.58));
#8312 = VECTOR('',#8313,1.);
#8313 = DIRECTION('',(-0.57735026919,0.57735026919,-0.57735026919));
#8314 = ORIENTED_EDGE('',*,*,#7790,.F.);
#8315 = PLANE('',#8316);
#8316 = AXIS2_PLACEMENT_3D('',#8317,#8318,#8319);
#8317 = CARTESIAN_POINT('',(2.28,-0.32,6.4));
#8318 = DIRECTION('',(0.707106781187,-8.486018839685E-17,-0.707106781187
    ));
#8319 = DIRECTION('',(-1.212375546256E-16,-1.,-1.227125289196E-18));
#8320 = ADVANCED_FACE('',(#8321),#8339,.T.);
#8321 = FACE_BOUND('',#8322,.F.);
#8322 = EDGE_LOOP('',(#8323,#8331,#8332,#8333));
#8323 = ORIENTED_EDGE('',*,*,#8324,.T.);
#8324 = EDGE_CURVE('',#8325,#7813,#8327,.T.);
#8325 = VERTEX_POINT('',#8326);
#8326 = CARTESIAN_POINT('',(2.62,-0.12,6.5));
#8327 = LINE('',#8328,#8329);
#8328 = CARTESIAN_POINT('',(2.753333333333,-0.253333333333,
    6.366666666667));
#8329 = VECTOR('',#8330,1.);
#8330 = DIRECTION('',(0.57735026919,-0.57735026919,-0.57735026919));
#8331 = ORIENTED_EDGE('',*,*,#7822,.T.);
#8332 = ORIENTED_EDGE('',*,*,#8293,.F.);
#8333 = ORIENTED_EDGE('',*,*,#8334,.F.);
#8334 = EDGE_CURVE('',#8325,#8294,#8335,.T.);
#8335 = LINE('',#8336,#8337);
#8336 = CARTESIAN_POINT('',(2.82,-0.12,6.5));
#8337 = VECTOR('',#8338,1.);
#8338 = DIRECTION('',(-1.,1.224646799147E-16,0.));
#8339 = PLANE('',#8340);
#8340 = AXIS2_PLACEMENT_3D('',#8341,#8342,#8343);
#8341 = CARTESIAN_POINT('',(2.82,-0.22,6.4));
#8342 = DIRECTION('',(-8.833102285013E-17,-0.707106781187,0.707106781187
    ));
#8343 = DIRECTION('',(1.,-1.236918052038E-16,1.227125289097E-18));
#8344 = ADVANCED_FACE('',(#8345),#8363,.T.);
#8345 = FACE_BOUND('',#8346,.F.);
#8346 = EDGE_LOOP('',(#8347,#8348,#8356,#8362));
#8347 = ORIENTED_EDGE('',*,*,#8324,.F.);
#8348 = ORIENTED_EDGE('',*,*,#8349,.T.);
#8349 = EDGE_CURVE('',#8325,#8350,#8352,.T.);
#8350 = VERTEX_POINT('',#8351);
#8351 = CARTESIAN_POINT('',(2.62,0.12,6.5));
#8352 = LINE('',#8353,#8354);
#8353 = CARTESIAN_POINT('',(2.62,-0.32,6.5));
#8354 = VECTOR('',#8355,1.);
#8355 = DIRECTION('',(1.224646799147E-16,1.,0.));
#8356 = ORIENTED_EDGE('',*,*,#8357,.T.);
#8357 = EDGE_CURVE('',#8350,#7839,#8358,.T.);
#8358 = LINE('',#8359,#8360);
#8359 = CARTESIAN_POINT('',(2.646666666667,0.146666666667,6.473333333333
    ));
#8360 = VECTOR('',#8361,1.);
#8361 = DIRECTION('',(0.57735026919,0.57735026919,-0.57735026919));
#8362 = ORIENTED_EDGE('',*,*,#7838,.F.);
#8363 = PLANE('',#8364);
#8364 = AXIS2_PLACEMENT_3D('',#8365,#8366,#8367);
#8365 = CARTESIAN_POINT('',(2.72,-0.32,6.4));
#8366 = DIRECTION('',(0.707106781187,-8.833102285013E-17,0.707106781187)
  );
#8367 = DIRECTION('',(-1.236918052038E-16,-1.,-1.227125289097E-18));
#8368 = ADVANCED_FACE('',(#8369),#8380,.T.);
#8369 = FACE_BOUND('',#8370,.F.);
#8370 = EDGE_LOOP('',(#8371,#8372,#8378,#8379));
#8371 = ORIENTED_EDGE('',*,*,#8357,.F.);
#8372 = ORIENTED_EDGE('',*,*,#8373,.T.);
#8373 = EDGE_CURVE('',#8350,#8302,#8374,.T.);
#8374 = LINE('',#8375,#8376);
#8375 = CARTESIAN_POINT('',(2.82,0.12,6.5));
#8376 = VECTOR('',#8377,1.);
#8377 = DIRECTION('',(-1.,1.224646799147E-16,0.));
#8378 = ORIENTED_EDGE('',*,*,#8309,.T.);
#8379 = ORIENTED_EDGE('',*,*,#7861,.F.);
#8380 = PLANE('',#8381);
#8381 = AXIS2_PLACEMENT_3D('',#8382,#8383,#8384);
#8382 = CARTESIAN_POINT('',(2.82,0.22,6.4));
#8383 = DIRECTION('',(8.833102285013E-17,0.707106781187,0.707106781187)
  );
#8384 = DIRECTION('',(1.,-1.236918052038E-16,-1.227125289097E-18));
#8385 = ADVANCED_FACE('',(#8386),#8427,.F.);
#8386 = FACE_BOUND('',#8387,.T.);
#8387 = EDGE_LOOP('',(#8388,#8398,#8404,#8405,#8413,#8421));
#8388 = ORIENTED_EDGE('',*,*,#8389,.T.);
#8389 = EDGE_CURVE('',#8390,#8392,#8394,.T.);
#8390 = VERTEX_POINT('',#8391);
#8391 = CARTESIAN_POINT('',(-0.12,-0.12,-3.4));
#8392 = VERTEX_POINT('',#8393);
#8393 = CARTESIAN_POINT('',(-0.317552593066,-0.288807485305,
    -3.202447406934));
#8394 = LINE('',#8395,#8396);
#8395 = CARTESIAN_POINT('',(-3.848855660758E-02,-5.034896900541E-02,
    -3.481511443392));
#8396 = VECTOR('',#8397,1.);
#8397 = DIRECTION('',(-0.605209817607,-0.517148096144,0.605209817607));
#8398 = ORIENTED_EDGE('',*,*,#8399,.T.);
#8399 = EDGE_CURVE('',#8392,#7880,#8400,.T.);
#8400 = LINE('',#8401,#8402);
#8401 = CARTESIAN_POINT('',(-8.569083447332E-02,-0.325417236662,
    -3.434309165527));
#8402 = VECTOR('',#8403,1.);
#8403 = DIRECTION('',(-0.702740385383,0.110959008218,0.702740385383));
#8404 = ORIENTED_EDGE('',*,*,#7877,.F.);
#8405 = ORIENTED_EDGE('',*,*,#8406,.F.);
#8406 = EDGE_CURVE('',#8407,#7878,#8409,.T.);
#8407 = VERTEX_POINT('',#8408);
#8408 = CARTESIAN_POINT('',(-0.317552593066,0.351192514695,
    -3.202447406934));
#8409 = LINE('',#8410,#8411);
#8410 = CARTESIAN_POINT('',(-0.541586867305,0.386566347469,
    -2.978413132695));
#8411 = VECTOR('',#8412,1.);
#8412 = DIRECTION('',(-0.702740385383,0.110959008218,0.702740385383));
#8413 = ORIENTED_EDGE('',*,*,#8414,.F.);
#8414 = EDGE_CURVE('',#8415,#8407,#8417,.T.);
#8415 = VERTEX_POINT('',#8416);
#8416 = CARTESIAN_POINT('',(-0.12,0.12,-3.4));
#8417 = LINE('',#8418,#8419);
#8418 = CARTESIAN_POINT('',(-0.153849098111,0.159613036666,
    -3.366150901889));
#8419 = VECTOR('',#8420,1.);
#8420 = DIRECTION('',(-0.544770019249,0.63753529491,0.544770019249));
#8421 = ORIENTED_EDGE('',*,*,#8422,.T.);
#8422 = EDGE_CURVE('',#8415,#8390,#8423,.T.);
#8423 = LINE('',#8424,#8425);
#8424 = CARTESIAN_POINT('',(-0.12,0.32,-3.4));
#8425 = VECTOR('',#8426,1.);
#8426 = DIRECTION('',(-1.224646799147E-16,-1.,0.));
#8427 = PLANE('',#8428);
#8428 = AXIS2_PLACEMENT_3D('',#8429,#8430,#8431);
#8429 = CARTESIAN_POINT('',(-0.22,0.32,-3.3));
#8430 = DIRECTION('',(0.707106781187,-8.833102285013E-17,0.707106781187)
  );
#8431 = DIRECTION('',(1.236918052038E-16,1.,1.227125289097E-18));
#8432 = ADVANCED_FACE('',(#8433),#8458,.F.);
#8433 = FACE_BOUND('',#8434,.F.);
#8434 = EDGE_LOOP('',(#8435,#8436,#8442,#8443,#8444,#8452));
#8435 = ORIENTED_EDGE('',*,*,#8006,.F.);
#8436 = ORIENTED_EDGE('',*,*,#8437,.T.);
#8437 = EDGE_CURVE('',#7999,#7919,#8438,.T.);
#8438 = LINE('',#8439,#8440);
#8439 = CARTESIAN_POINT('',(0.32,0.62,-1.5));
#8440 = VECTOR('',#8441,1.);
#8441 = DIRECTION('',(-1.,1.224646799147E-16,0.));
#8442 = ORIENTED_EDGE('',*,*,#7926,.T.);
#8443 = ORIENTED_EDGE('',*,*,#8406,.F.);
#8444 = ORIENTED_EDGE('',*,*,#8445,.F.);
#8445 = EDGE_CURVE('',#8446,#8407,#8448,.T.);
#8446 = VERTEX_POINT('',#8447);
#8447 = CARTESIAN_POINT('',(0.317552593066,0.351192514695,
    -3.202447406934));
#8448 = LINE('',#8449,#8450);
#8449 = CARTESIAN_POINT('',(0.32,0.351192514695,-3.202447406934));
#8450 = VECTOR('',#8451,1.);
#8451 = DIRECTION('',(-1.,1.224646799147E-16,0.));
#8452 = ORIENTED_EDGE('',*,*,#8453,.T.);
#8453 = EDGE_CURVE('',#8446,#7965,#8454,.T.);
#8454 = LINE('',#8455,#8456);
#8455 = CARTESIAN_POINT('',(0.699616963064,0.411518467852,
    -2.820383036936));
#8456 = VECTOR('',#8457,1.);
#8457 = DIRECTION('',(0.702740385383,0.110959008218,0.702740385383));
#8458 = PLANE('',#8459);
#8459 = AXIS2_PLACEMENT_3D('',#8460,#8461,#8462);
#8460 = CARTESIAN_POINT('',(0.32,0.62,-1.5));
#8461 = DIRECTION('',(-1.209660753807E-16,-0.987762965329,0.155962573473
    ));
#8462 = DIRECTION('',(-1.909990663905E-17,-0.155962573473,
    -0.987762965329));
#8463 = ADVANCED_FACE('',(#8464),#8470,.F.);
#8464 = FACE_BOUND('',#8465,.F.);
#8465 = EDGE_LOOP('',(#8466,#8467,#8468,#8469));
#8466 = ORIENTED_EDGE('',*,*,#8023,.T.);
#8467 = ORIENTED_EDGE('',*,*,#7918,.T.);
#8468 = ORIENTED_EDGE('',*,*,#8437,.F.);
#8469 = ORIENTED_EDGE('',*,*,#7998,.F.);
#8470 = PLANE('',#8471);
#8471 = AXIS2_PLACEMENT_3D('',#8472,#8473,#8474);
#8472 = CARTESIAN_POINT('',(0.32,0.32,-0.9));
#8473 = DIRECTION('',(-1.095357396528E-16,-0.894427191,-0.4472135955));
#8474 = DIRECTION('',(5.476786982641E-17,0.4472135955,-0.894427191));
#8475 = ADVANCED_FACE('',(#8476),#8487,.F.);
#8476 = FACE_BOUND('',#8477,.F.);
#8477 = EDGE_LOOP('',(#8478,#8484,#8485,#8486));
#8478 = ORIENTED_EDGE('',*,*,#8479,.T.);
#8479 = EDGE_CURVE('',#7975,#7888,#8480,.T.);
#8480 = LINE('',#8481,#8482);
#8481 = CARTESIAN_POINT('',(0.32,-2.E-02,-1.5));
#8482 = VECTOR('',#8483,1.);
#8483 = DIRECTION('',(-1.,1.224646799147E-16,0.));
#8484 = ORIENTED_EDGE('',*,*,#7895,.T.);
#8485 = ORIENTED_EDGE('',*,*,#7948,.F.);
#8486 = ORIENTED_EDGE('',*,*,#7982,.F.);
#8487 = PLANE('',#8488);
#8488 = AXIS2_PLACEMENT_3D('',#8489,#8490,#8491);
#8489 = CARTESIAN_POINT('',(0.32,-2.E-02,-1.5));
#8490 = DIRECTION('',(1.095357396528E-16,0.894427191,0.4472135955));
#8491 = DIRECTION('',(-5.476786982641E-17,-0.4472135955,0.894427191));
#8492 = ADVANCED_FACE('',(#8493),#8513,.F.);
#8493 = FACE_BOUND('',#8494,.F.);
#8494 = EDGE_LOOP('',(#8495,#8496,#8504,#8510,#8511,#8512));
#8495 = ORIENTED_EDGE('',*,*,#7974,.F.);
#8496 = ORIENTED_EDGE('',*,*,#8497,.F.);
#8497 = EDGE_CURVE('',#8498,#7967,#8500,.T.);
#8498 = VERTEX_POINT('',#8499);
#8499 = CARTESIAN_POINT('',(0.317552593066,-0.288807485305,
    -3.202447406934));
#8500 = LINE('',#8501,#8502);
#8501 = CARTESIAN_POINT('',(0.243720930233,-0.300465116279,
    -3.276279069767));
#8502 = VECTOR('',#8503,1.);
#8503 = DIRECTION('',(0.702740385383,0.110959008218,0.702740385383));
#8504 = ORIENTED_EDGE('',*,*,#8505,.T.);
#8505 = EDGE_CURVE('',#8498,#8392,#8506,.T.);
#8506 = LINE('',#8507,#8508);
#8507 = CARTESIAN_POINT('',(0.32,-0.288807485305,-3.202447406934));
#8508 = VECTOR('',#8509,1.);
#8509 = DIRECTION('',(-1.,1.224646799147E-16,0.));
#8510 = ORIENTED_EDGE('',*,*,#8399,.T.);
#8511 = ORIENTED_EDGE('',*,*,#7887,.T.);
#8512 = ORIENTED_EDGE('',*,*,#8479,.F.);
#8513 = PLANE('',#8514);
#8514 = AXIS2_PLACEMENT_3D('',#8515,#8516,#8517);
#8515 = CARTESIAN_POINT('',(0.32,-0.32,-3.4));
#8516 = DIRECTION('',(1.209660753807E-16,0.987762965329,-0.155962573473)
  );
#8517 = DIRECTION('',(1.909990663905E-17,0.155962573473,0.987762965329)
  );
#8518 = ADVANCED_FACE('',(#8519),#8546,.T.);
#8519 = FACE_BOUND('',#8520,.F.);
#8520 = EDGE_LOOP('',(#8521,#8529,#8530,#8531,#8532,#8540));
#8521 = ORIENTED_EDGE('',*,*,#8522,.T.);
#8522 = EDGE_CURVE('',#8523,#8498,#8525,.T.);
#8523 = VERTEX_POINT('',#8524);
#8524 = CARTESIAN_POINT('',(0.12,-0.12,-3.4));
#8525 = LINE('',#8526,#8527);
#8526 = CARTESIAN_POINT('',(0.155697812072,-0.150503562587,
    -3.364302187928));
#8527 = VECTOR('',#8528,1.);
#8528 = DIRECTION('',(0.605209817607,-0.517148096144,0.605209817607));
#8529 = ORIENTED_EDGE('',*,*,#8497,.T.);
#8530 = ORIENTED_EDGE('',*,*,#7964,.F.);
#8531 = ORIENTED_EDGE('',*,*,#8453,.F.);
#8532 = ORIENTED_EDGE('',*,*,#8533,.F.);
#8533 = EDGE_CURVE('',#8534,#8446,#8536,.T.);
#8534 = VERTEX_POINT('',#8535);
#8535 = CARTESIAN_POINT('',(0.12,0.12,-3.4));
#8536 = LINE('',#8537,#8538);
#8537 = CARTESIAN_POINT('',(0.24881689775,0.270752273427,-3.27118310225)
  );
#8538 = VECTOR('',#8539,1.);
#8539 = DIRECTION('',(0.544770019249,0.63753529491,0.544770019249));
#8540 = ORIENTED_EDGE('',*,*,#8541,.T.);
#8541 = EDGE_CURVE('',#8534,#8523,#8542,.T.);
#8542 = LINE('',#8543,#8544);
#8543 = CARTESIAN_POINT('',(0.12,0.32,-3.4));
#8544 = VECTOR('',#8545,1.);
#8545 = DIRECTION('',(-1.224646799147E-16,-1.,0.));
#8546 = PLANE('',#8547);
#8547 = AXIS2_PLACEMENT_3D('',#8548,#8549,#8550);
#8548 = CARTESIAN_POINT('',(0.22,0.32,-3.3));
#8549 = DIRECTION('',(0.707106781187,-8.486018839685E-17,-0.707106781187
    ));
#8550 = DIRECTION('',(1.212375546256E-16,1.,1.227125289196E-18));
#8551 = ADVANCED_FACE('',(#8552),#8593,.F.);
#8552 = FACE_BOUND('',#8553,.T.);
#8553 = EDGE_LOOP('',(#8554,#8564,#8570,#8571,#8579,#8587));
#8554 = ORIENTED_EDGE('',*,*,#8555,.T.);
#8555 = EDGE_CURVE('',#8556,#8558,#8560,.T.);
#8556 = VERTEX_POINT('',#8557);
#8557 = CARTESIAN_POINT('',(2.38,-0.12,-3.4));
#8558 = VERTEX_POINT('',#8559);
#8559 = CARTESIAN_POINT('',(2.182447406934,-0.288807485305,
    -3.202447406934));
#8560 = LINE('',#8561,#8562);
#8561 = CARTESIAN_POINT('',(2.461511443392,-5.034896900541E-02,
    -3.481511443392));
#8562 = VECTOR('',#8563,1.);
#8563 = DIRECTION('',(-0.605209817607,-0.517148096144,0.605209817607));
#8564 = ORIENTED_EDGE('',*,*,#8565,.T.);
#8565 = EDGE_CURVE('',#8558,#8040,#8566,.T.);
#8566 = LINE('',#8567,#8568);
#8567 = CARTESIAN_POINT('',(2.414309165527,-0.325417236662,
    -3.434309165527));
#8568 = VECTOR('',#8569,1.);
#8569 = DIRECTION('',(-0.702740385383,0.110959008218,0.702740385383));
#8570 = ORIENTED_EDGE('',*,*,#8037,.F.);
#8571 = ORIENTED_EDGE('',*,*,#8572,.F.);
#8572 = EDGE_CURVE('',#8573,#8038,#8575,.T.);
#8573 = VERTEX_POINT('',#8574);
#8574 = CARTESIAN_POINT('',(2.182447406934,0.351192514695,
    -3.202447406934));
#8575 = LINE('',#8576,#8577);
#8576 = CARTESIAN_POINT('',(1.958413132695,0.386566347469,
    -2.978413132695));
#8577 = VECTOR('',#8578,1.);
#8578 = DIRECTION('',(-0.702740385383,0.110959008218,0.702740385383));
#8579 = ORIENTED_EDGE('',*,*,#8580,.F.);
#8580 = EDGE_CURVE('',#8581,#8573,#8583,.T.);
#8581 = VERTEX_POINT('',#8582);
#8582 = CARTESIAN_POINT('',(2.38,0.12,-3.4));
#8583 = LINE('',#8584,#8585);
#8584 = CARTESIAN_POINT('',(2.346150901889,0.159613036666,
    -3.366150901889));
#8585 = VECTOR('',#8586,1.);
#8586 = DIRECTION('',(-0.544770019249,0.63753529491,0.544770019249));
#8587 = ORIENTED_EDGE('',*,*,#8588,.T.);
#8588 = EDGE_CURVE('',#8581,#8556,#8589,.T.);
#8589 = LINE('',#8590,#8591);
#8590 = CARTESIAN_POINT('',(2.38,0.32,-3.4));
#8591 = VECTOR('',#8592,1.);
#8592 = DIRECTION('',(-1.224646799147E-16,-1.,0.));
#8593 = PLANE('',#8594);
#8594 = AXIS2_PLACEMENT_3D('',#8595,#8596,#8597);
#8595 = CARTESIAN_POINT('',(2.28,0.32,-3.3));
#8596 = DIRECTION('',(0.707106781187,-8.833102285013E-17,0.707106781187)
  );
#8597 = DIRECTION('',(1.236918052038E-16,1.,1.227125289097E-18));
#8598 = ADVANCED_FACE('',(#8599),#8624,.F.);
#8599 = FACE_BOUND('',#8600,.F.);
#8600 = EDGE_LOOP('',(#8601,#8602,#8608,#8609,#8610,#8618));
#8601 = ORIENTED_EDGE('',*,*,#8166,.F.);
#8602 = ORIENTED_EDGE('',*,*,#8603,.T.);
#8603 = EDGE_CURVE('',#8159,#8079,#8604,.T.);
#8604 = LINE('',#8605,#8606);
#8605 = CARTESIAN_POINT('',(2.82,0.62,-1.5));
#8606 = VECTOR('',#8607,1.);
#8607 = DIRECTION('',(-1.,1.224646799147E-16,0.));
#8608 = ORIENTED_EDGE('',*,*,#8086,.T.);
#8609 = ORIENTED_EDGE('',*,*,#8572,.F.);
#8610 = ORIENTED_EDGE('',*,*,#8611,.F.);
#8611 = EDGE_CURVE('',#8612,#8573,#8614,.T.);
#8612 = VERTEX_POINT('',#8613);
#8613 = CARTESIAN_POINT('',(2.817552593066,0.351192514695,
    -3.202447406934));
#8614 = LINE('',#8615,#8616);
#8615 = CARTESIAN_POINT('',(2.82,0.351192514695,-3.202447406934));
#8616 = VECTOR('',#8617,1.);
#8617 = DIRECTION('',(-1.,1.224646799147E-16,0.));
#8618 = ORIENTED_EDGE('',*,*,#8619,.T.);
#8619 = EDGE_CURVE('',#8612,#8125,#8620,.T.);
#8620 = LINE('',#8621,#8622);
#8621 = CARTESIAN_POINT('',(3.199616963064,0.411518467852,
    -2.820383036936));
#8622 = VECTOR('',#8623,1.);
#8623 = DIRECTION('',(0.702740385383,0.110959008218,0.702740385383));
#8624 = PLANE('',#8625);
#8625 = AXIS2_PLACEMENT_3D('',#8626,#8627,#8628);
#8626 = CARTESIAN_POINT('',(2.82,0.62,-1.5));
#8627 = DIRECTION('',(-1.209660753807E-16,-0.987762965329,0.155962573473
    ));
#8628 = DIRECTION('',(-1.909990663905E-17,-0.155962573473,
    -0.987762965329));
#8629 = ADVANCED_FACE('',(#8630),#8636,.F.);
#8630 = FACE_BOUND('',#8631,.F.);
#8631 = EDGE_LOOP('',(#8632,#8633,#8634,#8635));
#8632 = ORIENTED_EDGE('',*,*,#8183,.T.);
#8633 = ORIENTED_EDGE('',*,*,#8078,.T.);
#8634 = ORIENTED_EDGE('',*,*,#8603,.F.);
#8635 = ORIENTED_EDGE('',*,*,#8158,.F.);
#8636 = PLANE('',#8637);
#8637 = AXIS2_PLACEMENT_3D('',#8638,#8639,#8640);
#8638 = CARTESIAN_POINT('',(2.82,0.32,-0.9));
#8639 = DIRECTION('',(-1.095357396528E-16,-0.894427191,-0.4472135955));
#8640 = DIRECTION('',(5.476786982641E-17,0.4472135955,-0.894427191));
#8641 = ADVANCED_FACE('',(#8642),#8653,.F.);
#8642 = FACE_BOUND('',#8643,.F.);
#8643 = EDGE_LOOP('',(#8644,#8650,#8651,#8652));
#8644 = ORIENTED_EDGE('',*,*,#8645,.T.);
#8645 = EDGE_CURVE('',#8135,#8048,#8646,.T.);
#8646 = LINE('',#8647,#8648);
#8647 = CARTESIAN_POINT('',(2.82,-2.E-02,-1.5));
#8648 = VECTOR('',#8649,1.);
#8649 = DIRECTION('',(-1.,1.224646799147E-16,0.));
#8650 = ORIENTED_EDGE('',*,*,#8055,.T.);
#8651 = ORIENTED_EDGE('',*,*,#8108,.F.);
#8652 = ORIENTED_EDGE('',*,*,#8142,.F.);
#8653 = PLANE('',#8654);
#8654 = AXIS2_PLACEMENT_3D('',#8655,#8656,#8657);
#8655 = CARTESIAN_POINT('',(2.82,-2.E-02,-1.5));
#8656 = DIRECTION('',(1.095357396528E-16,0.894427191,0.4472135955));
#8657 = DIRECTION('',(-5.476786982641E-17,-0.4472135955,0.894427191));
#8658 = ADVANCED_FACE('',(#8659),#8679,.F.);
#8659 = FACE_BOUND('',#8660,.F.);
#8660 = EDGE_LOOP('',(#8661,#8662,#8670,#8676,#8677,#8678));
#8661 = ORIENTED_EDGE('',*,*,#8134,.F.);
#8662 = ORIENTED_EDGE('',*,*,#8663,.F.);
#8663 = EDGE_CURVE('',#8664,#8127,#8666,.T.);
#8664 = VERTEX_POINT('',#8665);
#8665 = CARTESIAN_POINT('',(2.817552593066,-0.288807485305,
    -3.202447406934));
#8666 = LINE('',#8667,#8668);
#8667 = CARTESIAN_POINT('',(2.743720930233,-0.300465116279,
    -3.276279069767));
#8668 = VECTOR('',#8669,1.);
#8669 = DIRECTION('',(0.702740385383,0.110959008218,0.702740385383));
#8670 = ORIENTED_EDGE('',*,*,#8671,.T.);
#8671 = EDGE_CURVE('',#8664,#8558,#8672,.T.);
#8672 = LINE('',#8673,#8674);
#8673 = CARTESIAN_POINT('',(2.82,-0.288807485305,-3.202447406934));
#8674 = VECTOR('',#8675,1.);
#8675 = DIRECTION('',(-1.,1.224646799147E-16,0.));
#8676 = ORIENTED_EDGE('',*,*,#8565,.T.);
#8677 = ORIENTED_EDGE('',*,*,#8047,.T.);
#8678 = ORIENTED_EDGE('',*,*,#8645,.F.);
#8679 = PLANE('',#8680);
#8680 = AXIS2_PLACEMENT_3D('',#8681,#8682,#8683);
#8681 = CARTESIAN_POINT('',(2.82,-0.32,-3.4));
#8682 = DIRECTION('',(1.209660753807E-16,0.987762965329,-0.155962573473)
  );
#8683 = DIRECTION('',(1.909990663905E-17,0.155962573473,0.987762965329)
  );
#8684 = ADVANCED_FACE('',(#8685),#8712,.T.);
#8685 = FACE_BOUND('',#8686,.F.);
#8686 = EDGE_LOOP('',(#8687,#8695,#8696,#8697,#8698,#8706));
#8687 = ORIENTED_EDGE('',*,*,#8688,.T.);
#8688 = EDGE_CURVE('',#8689,#8664,#8691,.T.);
#8689 = VERTEX_POINT('',#8690);
#8690 = CARTESIAN_POINT('',(2.62,-0.12,-3.4));
#8691 = LINE('',#8692,#8693);
#8692 = CARTESIAN_POINT('',(2.655697812072,-0.150503562587,
    -3.364302187928));
#8693 = VECTOR('',#8694,1.);
#8694 = DIRECTION('',(0.605209817607,-0.517148096144,0.605209817607));
#8695 = ORIENTED_EDGE('',*,*,#8663,.T.);
#8696 = ORIENTED_EDGE('',*,*,#8124,.F.);
#8697 = ORIENTED_EDGE('',*,*,#8619,.F.);
#8698 = ORIENTED_EDGE('',*,*,#8699,.F.);
#8699 = EDGE_CURVE('',#8700,#8612,#8702,.T.);
#8700 = VERTEX_POINT('',#8701);
#8701 = CARTESIAN_POINT('',(2.62,0.12,-3.4));
#8702 = LINE('',#8703,#8704);
#8703 = CARTESIAN_POINT('',(2.74881689775,0.270752273427,-3.27118310225)
  );
#8704 = VECTOR('',#8705,1.);
#8705 = DIRECTION('',(0.544770019249,0.63753529491,0.544770019249));
#8706 = ORIENTED_EDGE('',*,*,#8707,.T.);
#8707 = EDGE_CURVE('',#8700,#8689,#8708,.T.);
#8708 = LINE('',#8709,#8710);
#8709 = CARTESIAN_POINT('',(2.62,0.32,-3.4));
#8710 = VECTOR('',#8711,1.);
#8711 = DIRECTION('',(-1.224646799147E-16,-1.,0.));
#8712 = PLANE('',#8713);
#8713 = AXIS2_PLACEMENT_3D('',#8714,#8715,#8716);
#8714 = CARTESIAN_POINT('',(2.72,0.32,-3.3));
#8715 = DIRECTION('',(0.707106781187,-8.486018839685E-17,-0.707106781187
    ));
#8716 = DIRECTION('',(1.212375546256E-16,1.,1.227125289196E-18));
#8717 = ADVANCED_FACE('',(#8718),#8724,.F.);
#8718 = FACE_BOUND('',#8719,.F.);
#8719 = EDGE_LOOP('',(#8720,#8721,#8722,#8723));
#8720 = ORIENTED_EDGE('',*,*,#8205,.T.);
#8721 = ORIENTED_EDGE('',*,*,#8277,.F.);
#8722 = ORIENTED_EDGE('',*,*,#8253,.F.);
#8723 = ORIENTED_EDGE('',*,*,#8238,.T.);
#8724 = PLANE('',#8725);
#8725 = AXIS2_PLACEMENT_3D('',#8726,#8727,#8728);
#8726 = CARTESIAN_POINT('',(0.32,-0.32,6.5));
#8727 = DIRECTION('',(-0.,0.,-1.));
#8728 = DIRECTION('',(1.224646799147E-16,1.,0.));
#8729 = ADVANCED_FACE('',(#8730),#8736,.F.);
#8730 = FACE_BOUND('',#8731,.F.);
#8731 = EDGE_LOOP('',(#8732,#8733,#8734,#8735));
#8732 = ORIENTED_EDGE('',*,*,#8301,.T.);
#8733 = ORIENTED_EDGE('',*,*,#8373,.F.);
#8734 = ORIENTED_EDGE('',*,*,#8349,.F.);
#8735 = ORIENTED_EDGE('',*,*,#8334,.T.);
#8736 = PLANE('',#8737);
#8737 = AXIS2_PLACEMENT_3D('',#8738,#8739,#8740);
#8738 = CARTESIAN_POINT('',(2.82,-0.32,6.5));
#8739 = DIRECTION('',(-0.,0.,-1.));
#8740 = DIRECTION('',(1.224646799147E-16,1.,0.));
#8741 = ADVANCED_FACE('',(#8742),#8753,.T.);
#8742 = FACE_BOUND('',#8743,.F.);
#8743 = EDGE_LOOP('',(#8744,#8745,#8751,#8752));
#8744 = ORIENTED_EDGE('',*,*,#8522,.F.);
#8745 = ORIENTED_EDGE('',*,*,#8746,.T.);
#8746 = EDGE_CURVE('',#8523,#8390,#8747,.T.);
#8747 = LINE('',#8748,#8749);
#8748 = CARTESIAN_POINT('',(0.32,-0.12,-3.4));
#8749 = VECTOR('',#8750,1.);
#8750 = DIRECTION('',(-1.,1.224646799147E-16,0.));
#8751 = ORIENTED_EDGE('',*,*,#8389,.T.);
#8752 = ORIENTED_EDGE('',*,*,#8505,.F.);
#8753 = PLANE('',#8754);
#8754 = AXIS2_PLACEMENT_3D('',#8755,#8756,#8757);
#8755 = CARTESIAN_POINT('',(0.32,-0.204403742653,-3.301223703467));
#8756 = DIRECTION('',(-9.310387150808E-17,-0.760250805153,-0.64962967394
    ));
#8757 = DIRECTION('',(1.,-1.224646799148E-16,-5.515863360725E-29));
#8758 = ADVANCED_FACE('',(#8759),#8770,.F.);
#8759 = FACE_BOUND('',#8760,.F.);
#8760 = EDGE_LOOP('',(#8761,#8762,#8763,#8769));
#8761 = ORIENTED_EDGE('',*,*,#8746,.F.);
#8762 = ORIENTED_EDGE('',*,*,#8541,.F.);
#8763 = ORIENTED_EDGE('',*,*,#8764,.T.);
#8764 = EDGE_CURVE('',#8534,#8415,#8765,.T.);
#8765 = LINE('',#8766,#8767);
#8766 = CARTESIAN_POINT('',(0.32,0.12,-3.4));
#8767 = VECTOR('',#8768,1.);
#8768 = DIRECTION('',(-1.,1.224646799147E-16,0.));
#8769 = ORIENTED_EDGE('',*,*,#8422,.T.);
#8770 = PLANE('',#8771);
#8771 = AXIS2_PLACEMENT_3D('',#8772,#8773,#8774);
#8772 = CARTESIAN_POINT('',(0.32,0.32,-3.4));
#8773 = DIRECTION('',(0.,0.,1.));
#8774 = DIRECTION('',(-1.224646799147E-16,-1.,0.));
#8775 = ADVANCED_FACE('',(#8776),#8782,.T.);
#8776 = FACE_BOUND('',#8777,.T.);
#8777 = EDGE_LOOP('',(#8778,#8779,#8780,#8781));
#8778 = ORIENTED_EDGE('',*,*,#8533,.F.);
#8779 = ORIENTED_EDGE('',*,*,#8764,.T.);
#8780 = ORIENTED_EDGE('',*,*,#8414,.T.);
#8781 = ORIENTED_EDGE('',*,*,#8445,.F.);
#8782 = PLANE('',#8783);
#8783 = AXIS2_PLACEMENT_3D('',#8784,#8785,#8786);
#8784 = CARTESIAN_POINT('',(0.32,0.235596257347,-3.301223703467));
#8785 = DIRECTION('',(8.302774088379E-17,0.64962967394,-0.760250805153)
  );
#8786 = DIRECTION('',(-1.,1.247195775152E-16,-2.638869166629E-18));
#8787 = ADVANCED_FACE('',(#8788),#8799,.T.);
#8788 = FACE_BOUND('',#8789,.F.);
#8789 = EDGE_LOOP('',(#8790,#8791,#8797,#8798));
#8790 = ORIENTED_EDGE('',*,*,#8688,.F.);
#8791 = ORIENTED_EDGE('',*,*,#8792,.T.);
#8792 = EDGE_CURVE('',#8689,#8556,#8793,.T.);
#8793 = LINE('',#8794,#8795);
#8794 = CARTESIAN_POINT('',(2.82,-0.12,-3.4));
#8795 = VECTOR('',#8796,1.);
#8796 = DIRECTION('',(-1.,1.224646799147E-16,0.));
#8797 = ORIENTED_EDGE('',*,*,#8555,.T.);
#8798 = ORIENTED_EDGE('',*,*,#8671,.F.);
#8799 = PLANE('',#8800);
#8800 = AXIS2_PLACEMENT_3D('',#8801,#8802,#8803);
#8801 = CARTESIAN_POINT('',(2.82,-0.204403742653,-3.301223703467));
#8802 = DIRECTION('',(-9.310387150808E-17,-0.760250805153,-0.64962967394
    ));
#8803 = DIRECTION('',(1.,-1.224646799148E-16,-5.515863360725E-29));
#8804 = ADVANCED_FACE('',(#8805),#8816,.F.);
#8805 = FACE_BOUND('',#8806,.F.);
#8806 = EDGE_LOOP('',(#8807,#8808,#8809,#8815));
#8807 = ORIENTED_EDGE('',*,*,#8792,.F.);
#8808 = ORIENTED_EDGE('',*,*,#8707,.F.);
#8809 = ORIENTED_EDGE('',*,*,#8810,.T.);
#8810 = EDGE_CURVE('',#8700,#8581,#8811,.T.);
#8811 = LINE('',#8812,#8813);
#8812 = CARTESIAN_POINT('',(2.82,0.12,-3.4));
#8813 = VECTOR('',#8814,1.);
#8814 = DIRECTION('',(-1.,1.224646799147E-16,0.));
#8815 = ORIENTED_EDGE('',*,*,#8588,.T.);
#8816 = PLANE('',#8817);
#8817 = AXIS2_PLACEMENT_3D('',#8818,#8819,#8820);
#8818 = CARTESIAN_POINT('',(2.82,0.32,-3.4));
#8819 = DIRECTION('',(0.,0.,1.));
#8820 = DIRECTION('',(-1.224646799147E-16,-1.,0.));
#8821 = ADVANCED_FACE('',(#8822),#8828,.T.);
#8822 = FACE_BOUND('',#8823,.T.);
#8823 = EDGE_LOOP('',(#8824,#8825,#8826,#8827));
#8824 = ORIENTED_EDGE('',*,*,#8699,.F.);
#8825 = ORIENTED_EDGE('',*,*,#8810,.T.);
#8826 = ORIENTED_EDGE('',*,*,#8580,.T.);
#8827 = ORIENTED_EDGE('',*,*,#8611,.F.);
#8828 = PLANE('',#8829);
#8829 = AXIS2_PLACEMENT_3D('',#8830,#8831,#8832);
#8830 = CARTESIAN_POINT('',(2.82,0.235596257347,-3.301223703467));
#8831 = DIRECTION('',(8.302774088379E-17,0.64962967394,-0.760250805153)
  );
#8832 = DIRECTION('',(-1.,1.247195775152E-16,-2.638869166629E-18));
#8833 = ( GEOMETRIC_REPRESENTATION_CONTEXT(3) 
GLOBAL_UNCERTAINTY_ASSIGNED_CONTEXT((#8837)) 
GLOBAL_UNIT_ASSIGNED_CONTEXT((#8834,#8835,#8836)) REPRESENTATION_CONTEXT
('Context #1','3D Context with UNIT and UNCERTAINTY') );
#8834 = ( LENGTH_UNIT() NAMED_UNIT(*) SI_UNIT(.MILLI.,.METRE.) );
#8835 = ( NAMED_UNIT(*) PLANE_ANGLE_UNIT() SI_UNIT($,.RADIAN.) );
#8836 = ( NAMED_UNIT(*) SI_UNIT($,.STERADIAN.) SOLID_ANGLE_UNIT() );
#8837 = UNCERTAINTY_MEASURE_WITH_UNIT(LENGTH_MEASURE(1.E-07),#8834,
  'distance_accuracy_value','confusion accuracy');
#8838 = CONTEXT_DEPENDENT_SHAPE_REPRESENTATION(#8839,#8841);
#8839 = ( REPRESENTATION_RELATIONSHIP('','',#6117,#10) 
REPRESENTATION_RELATIONSHIP_WITH_TRANSFORMATION(#8840) 
SHAPE_REPRESENTATION_RELATIONSHIP() );
#8840 = ITEM_DEFINED_TRANSFORMATION('','',#11,#23);
#8841 = PRODUCT_DEFINITION_SHAPE('Placement','Placement of an item',
  #8842);
#8842 = NEXT_ASSEMBLY_USAGE_OCCURRENCE('3','J2','',#5,#6112,$);
#8843 = PRODUCT_RELATED_PRODUCT_CATEGORY('part',$,(#6114));
#8844 = SHAPE_DEFINITION_REPRESENTATION(#8845,#8851);
#8845 = PRODUCT_DEFINITION_SHAPE('','',#8846);
#8846 = PRODUCT_DEFINITION('design','',#8847,#8850);
#8847 = PRODUCT_DEFINITION_FORMATION('','',#8848);
#8848 = PRODUCT('R_0603_1608Metric','R_0603_1608Metric','',(#8849));
#8849 = PRODUCT_CONTEXT('',#2,'mechanical');
#8850 = PRODUCT_DEFINITION_CONTEXT('part definition',#2,'design');
#8851 = ADVANCED_BREP_SHAPE_REPRESENTATION('',(#11,#8852),#9642);
#8852 = MANIFOLD_SOLID_BREP('',#8853);
#8853 = CLOSED_SHELL('',(#8854,#8894,#8977,#9002,#9027,#9094,#9111,#9128
    ,#9177,#9194,#9211,#9260,#9277,#9346,#9377,#9401,#9470,#9494,#9511,
    #9528,#9545,#9562,#9579,#9596,#9613,#9630));
#8854 = ADVANCED_FACE('',(#8855),#8889,.F.);
#8855 = FACE_BOUND('',#8856,.F.);
#8856 = EDGE_LOOP('',(#8857,#8867,#8875,#8883));
#8857 = ORIENTED_EDGE('',*,*,#8858,.F.);
#8858 = EDGE_CURVE('',#8859,#8861,#8863,.T.);
#8859 = VERTEX_POINT('',#8860);
#8860 = CARTESIAN_POINT('',(-0.8,-0.4,4.5E-02));
#8861 = VERTEX_POINT('',#8862);
#8862 = CARTESIAN_POINT('',(-0.8,-0.4,0.405));
#8863 = LINE('',#8864,#8865);
#8864 = CARTESIAN_POINT('',(-0.8,-0.4,0.));
#8865 = VECTOR('',#8866,1.);
#8866 = DIRECTION('',(0.,0.,1.));
#8867 = ORIENTED_EDGE('',*,*,#8868,.T.);
#8868 = EDGE_CURVE('',#8859,#8869,#8871,.T.);
#8869 = VERTEX_POINT('',#8870);
#8870 = CARTESIAN_POINT('',(-0.8,0.4,4.5E-02));
#8871 = LINE('',#8872,#8873);
#8872 = CARTESIAN_POINT('',(-0.8,-0.4,4.5E-02));
#8873 = VECTOR('',#8874,1.);
#8874 = DIRECTION('',(0.,1.,0.));
#8875 = ORIENTED_EDGE('',*,*,#8876,.T.);
#8876 = EDGE_CURVE('',#8869,#8877,#8879,.T.);
#8877 = VERTEX_POINT('',#8878);
#8878 = CARTESIAN_POINT('',(-0.8,0.4,0.405));
#8879 = LINE('',#8880,#8881);
#8880 = CARTESIAN_POINT('',(-0.8,0.4,0.));
#8881 = VECTOR('',#8882,1.);
#8882 = DIRECTION('',(0.,0.,1.));
#8883 = ORIENTED_EDGE('',*,*,#8884,.F.);
#8884 = EDGE_CURVE('',#8861,#8877,#8885,.T.);
#8885 = LINE('',#8886,#8887);
#8886 = CARTESIAN_POINT('',(-0.8,-0.4,0.405));
#8887 = VECTOR('',#8888,1.);
#8888 = DIRECTION('',(0.,1.,0.));
#8889 = PLANE('',#8890);
#8890 = AXIS2_PLACEMENT_3D('',#8891,#8892,#8893);
#8891 = CARTESIAN_POINT('',(-0.8,-0.4,0.));
#8892 = DIRECTION('',(1.,0.,0.));
#8893 = DIRECTION('',(0.,0.,1.));
#8894 = ADVANCED_FACE('',(#8895),#8972,.F.);
#8895 = FACE_BOUND('',#8896,.F.);
#8896 = EDGE_LOOP('',(#8897,#8907,#8914,#8915,#8924,#8932,#8941,#8949,
    #8957,#8965));
#8897 = ORIENTED_EDGE('',*,*,#8898,.F.);
#8898 = EDGE_CURVE('',#8899,#8901,#8903,.T.);
#8899 = VERTEX_POINT('',#8900);
#8900 = CARTESIAN_POINT('',(-0.755,-0.4,-2.775557561563E-17));
#8901 = VERTEX_POINT('',#8902);
#8902 = CARTESIAN_POINT('',(-0.545,-0.4,-2.775557561563E-17));
#8903 = LINE('',#8904,#8905);
#8904 = CARTESIAN_POINT('',(-0.8,-0.4,0.));
#8905 = VECTOR('',#8906,1.);
#8906 = DIRECTION('',(1.,0.,0.));
#8907 = ORIENTED_EDGE('',*,*,#8908,.F.);
#8908 = EDGE_CURVE('',#8859,#8899,#8909,.T.);
#8909 = CIRCLE('',#8910,4.5E-02);
#8910 = AXIS2_PLACEMENT_3D('',#8911,#8912,#8913);
#8911 = CARTESIAN_POINT('',(-0.755,-0.4,4.5E-02));
#8912 = DIRECTION('',(0.,-1.,0.));
#8913 = DIRECTION('',(0.,0.,1.));
#8914 = ORIENTED_EDGE('',*,*,#8858,.T.);
#8915 = ORIENTED_EDGE('',*,*,#8916,.T.);
#8916 = EDGE_CURVE('',#8861,#8917,#8919,.T.);
#8917 = VERTEX_POINT('',#8918);
#8918 = CARTESIAN_POINT('',(-0.755,-0.4,0.45));
#8919 = CIRCLE('',#8920,4.5E-02);
#8920 = AXIS2_PLACEMENT_3D('',#8921,#8922,#8923);
#8921 = CARTESIAN_POINT('',(-0.755,-0.4,0.405));
#8922 = DIRECTION('',(0.,1.,0.));
#8923 = DIRECTION('',(0.,-0.,1.));
#8924 = ORIENTED_EDGE('',*,*,#8925,.T.);
#8925 = EDGE_CURVE('',#8917,#8926,#8928,.T.);
#8926 = VERTEX_POINT('',#8927);
#8927 = CARTESIAN_POINT('',(-0.545,-0.4,0.45));
#8928 = LINE('',#8929,#8930);
#8929 = CARTESIAN_POINT('',(-0.8,-0.4,0.45));
#8930 = VECTOR('',#8931,1.);
#8931 = DIRECTION('',(1.,0.,0.));
#8932 = ORIENTED_EDGE('',*,*,#8933,.F.);
#8933 = EDGE_CURVE('',#8934,#8926,#8936,.T.);
#8934 = VERTEX_POINT('',#8935);
#8935 = CARTESIAN_POINT('',(-0.5,-0.4,0.405));
#8936 = CIRCLE('',#8937,4.5E-02);
#8937 = AXIS2_PLACEMENT_3D('',#8938,#8939,#8940);
#8938 = CARTESIAN_POINT('',(-0.545,-0.4,0.405));
#8939 = DIRECTION('',(0.,-1.,0.));
#8940 = DIRECTION('',(0.,0.,1.));
#8941 = ORIENTED_EDGE('',*,*,#8942,.F.);
#8942 = EDGE_CURVE('',#8943,#8934,#8945,.T.);
#8943 = VERTEX_POINT('',#8944);
#8944 = CARTESIAN_POINT('',(-0.755,-0.4,0.405));
#8945 = LINE('',#8946,#8947);
#8946 = CARTESIAN_POINT('',(-0.755,-0.4,0.405));
#8947 = VECTOR('',#8948,1.);
#8948 = DIRECTION('',(1.,0.,0.));
#8949 = ORIENTED_EDGE('',*,*,#8950,.F.);
#8950 = EDGE_CURVE('',#8951,#8943,#8953,.T.);
#8951 = VERTEX_POINT('',#8952);
#8952 = CARTESIAN_POINT('',(-0.755,-0.4,4.5E-02));
#8953 = LINE('',#8954,#8955);
#8954 = CARTESIAN_POINT('',(-0.755,-0.4,4.5E-02));
#8955 = VECTOR('',#8956,1.);
#8956 = DIRECTION('',(0.,0.,1.));
#8957 = ORIENTED_EDGE('',*,*,#8958,.T.);
#8958 = EDGE_CURVE('',#8951,#8959,#8961,.T.);
#8959 = VERTEX_POINT('',#8960);
#8960 = CARTESIAN_POINT('',(-0.5,-0.4,4.5E-02));
#8961 = LINE('',#8962,#8963);
#8962 = CARTESIAN_POINT('',(-0.755,-0.4,4.5E-02));
#8963 = VECTOR('',#8964,1.);
#8964 = DIRECTION('',(1.,0.,0.));
#8965 = ORIENTED_EDGE('',*,*,#8966,.T.);
#8966 = EDGE_CURVE('',#8959,#8901,#8967,.T.);
#8967 = CIRCLE('',#8968,4.5E-02);
#8968 = AXIS2_PLACEMENT_3D('',#8969,#8970,#8971);
#8969 = CARTESIAN_POINT('',(-0.545,-0.4,4.5E-02));
#8970 = DIRECTION('',(0.,1.,0.));
#8971 = DIRECTION('',(0.,-0.,1.));
#8972 = PLANE('',#8973);
#8973 = AXIS2_PLACEMENT_3D('',#8974,#8975,#8976);
#8974 = CARTESIAN_POINT('',(-0.8,-0.4,0.));
#8975 = DIRECTION('',(0.,1.,0.));
#8976 = DIRECTION('',(0.,-0.,1.));
#8977 = ADVANCED_FACE('',(#8978),#8997,.T.);
#8978 = FACE_BOUND('',#8979,.T.);
#8979 = EDGE_LOOP('',(#8980,#8981,#8990,#8996));
#8980 = ORIENTED_EDGE('',*,*,#8868,.T.);
#8981 = ORIENTED_EDGE('',*,*,#8982,.T.);
#8982 = EDGE_CURVE('',#8869,#8983,#8985,.T.);
#8983 = VERTEX_POINT('',#8984);
#8984 = CARTESIAN_POINT('',(-0.755,0.4,-2.775557561563E-17));
#8985 = CIRCLE('',#8986,4.5E-02);
#8986 = AXIS2_PLACEMENT_3D('',#8987,#8988,#8989);
#8987 = CARTESIAN_POINT('',(-0.755,0.4,4.5E-02));
#8988 = DIRECTION('',(0.,-1.,0.));
#8989 = DIRECTION('',(0.,0.,1.));
#8990 = ORIENTED_EDGE('',*,*,#8991,.F.);
#8991 = EDGE_CURVE('',#8899,#8983,#8992,.T.);
#8992 = LINE('',#8993,#8994);
#8993 = CARTESIAN_POINT('',(-0.755,-0.4,-2.775557561563E-17));
#8994 = VECTOR('',#8995,1.);
#8995 = DIRECTION('',(0.,1.,0.));
#8996 = ORIENTED_EDGE('',*,*,#8908,.F.);
#8997 = CYLINDRICAL_SURFACE('',#8998,4.5E-02);
#8998 = AXIS2_PLACEMENT_3D('',#8999,#9000,#9001);
#8999 = CARTESIAN_POINT('',(-0.755,-0.4,4.5E-02));
#9000 = DIRECTION('',(0.,1.,0.));
#9001 = DIRECTION('',(-1.,0.,0.));
#9002 = ADVANCED_FACE('',(#9003),#9022,.T.);
#9003 = FACE_BOUND('',#9004,.T.);
#9004 = EDGE_LOOP('',(#9005,#9006,#9014,#9021));
#9005 = ORIENTED_EDGE('',*,*,#8916,.T.);
#9006 = ORIENTED_EDGE('',*,*,#9007,.T.);
#9007 = EDGE_CURVE('',#8917,#9008,#9010,.T.);
#9008 = VERTEX_POINT('',#9009);
#9009 = CARTESIAN_POINT('',(-0.755,0.4,0.45));
#9010 = LINE('',#9011,#9012);
#9011 = CARTESIAN_POINT('',(-0.755,-0.4,0.45));
#9012 = VECTOR('',#9013,1.);
#9013 = DIRECTION('',(0.,1.,0.));
#9014 = ORIENTED_EDGE('',*,*,#9015,.F.);
#9015 = EDGE_CURVE('',#8877,#9008,#9016,.T.);
#9016 = CIRCLE('',#9017,4.5E-02);
#9017 = AXIS2_PLACEMENT_3D('',#9018,#9019,#9020);
#9018 = CARTESIAN_POINT('',(-0.755,0.4,0.405));
#9019 = DIRECTION('',(0.,1.,0.));
#9020 = DIRECTION('',(0.,-0.,1.));
#9021 = ORIENTED_EDGE('',*,*,#8884,.F.);
#9022 = CYLINDRICAL_SURFACE('',#9023,4.5E-02);
#9023 = AXIS2_PLACEMENT_3D('',#9024,#9025,#9026);
#9024 = CARTESIAN_POINT('',(-0.755,-0.4,0.405));
#9025 = DIRECTION('',(0.,1.,0.));
#9026 = DIRECTION('',(-1.,0.,0.));
#9027 = ADVANCED_FACE('',(#9028),#9089,.T.);
#9028 = FACE_BOUND('',#9029,.T.);
#9029 = EDGE_LOOP('',(#9030,#9038,#9039,#9040,#9041,#9049,#9058,#9066,
    #9074,#9082));
#9030 = ORIENTED_EDGE('',*,*,#9031,.F.);
#9031 = EDGE_CURVE('',#8983,#9032,#9034,.T.);
#9032 = VERTEX_POINT('',#9033);
#9033 = CARTESIAN_POINT('',(-0.545,0.4,-2.775557561563E-17));
#9034 = LINE('',#9035,#9036);
#9035 = CARTESIAN_POINT('',(-0.8,0.4,0.));
#9036 = VECTOR('',#9037,1.);
#9037 = DIRECTION('',(1.,0.,0.));
#9038 = ORIENTED_EDGE('',*,*,#8982,.F.);
#9039 = ORIENTED_EDGE('',*,*,#8876,.T.);
#9040 = ORIENTED_EDGE('',*,*,#9015,.T.);
#9041 = ORIENTED_EDGE('',*,*,#9042,.T.);
#9042 = EDGE_CURVE('',#9008,#9043,#9045,.T.);
#9043 = VERTEX_POINT('',#9044);
#9044 = CARTESIAN_POINT('',(-0.545,0.4,0.45));
#9045 = LINE('',#9046,#9047);
#9046 = CARTESIAN_POINT('',(-0.8,0.4,0.45));
#9047 = VECTOR('',#9048,1.);
#9048 = DIRECTION('',(1.,0.,0.));
#9049 = ORIENTED_EDGE('',*,*,#9050,.F.);
#9050 = EDGE_CURVE('',#9051,#9043,#9053,.T.);
#9051 = VERTEX_POINT('',#9052);
#9052 = CARTESIAN_POINT('',(-0.5,0.4,0.405));
#9053 = CIRCLE('',#9054,4.5E-02);
#9054 = AXIS2_PLACEMENT_3D('',#9055,#9056,#9057);
#9055 = CARTESIAN_POINT('',(-0.545,0.4,0.405));
#9056 = DIRECTION('',(0.,-1.,0.));
#9057 = DIRECTION('',(0.,0.,1.));
#9058 = ORIENTED_EDGE('',*,*,#9059,.F.);
#9059 = EDGE_CURVE('',#9060,#9051,#9062,.T.);
#9060 = VERTEX_POINT('',#9061);
#9061 = CARTESIAN_POINT('',(-0.755,0.4,0.405));
#9062 = LINE('',#9063,#9064);
#9063 = CARTESIAN_POINT('',(-0.755,0.4,0.405));
#9064 = VECTOR('',#9065,1.);
#9065 = DIRECTION('',(1.,0.,0.));
#9066 = ORIENTED_EDGE('',*,*,#9067,.F.);
#9067 = EDGE_CURVE('',#9068,#9060,#9070,.T.);
#9068 = VERTEX_POINT('',#9069);
#9069 = CARTESIAN_POINT('',(-0.755,0.4,4.5E-02));
#9070 = LINE('',#9071,#9072);
#9071 = CARTESIAN_POINT('',(-0.755,0.4,4.5E-02));
#9072 = VECTOR('',#9073,1.);
#9073 = DIRECTION('',(0.,0.,1.));
#9074 = ORIENTED_EDGE('',*,*,#9075,.T.);
#9075 = EDGE_CURVE('',#9068,#9076,#9078,.T.);
#9076 = VERTEX_POINT('',#9077);
#9077 = CARTESIAN_POINT('',(-0.5,0.4,4.5E-02));
#9078 = LINE('',#9079,#9080);
#9079 = CARTESIAN_POINT('',(-0.755,0.4,4.5E-02));
#9080 = VECTOR('',#9081,1.);
#9081 = DIRECTION('',(1.,0.,0.));
#9082 = ORIENTED_EDGE('',*,*,#9083,.T.);
#9083 = EDGE_CURVE('',#9076,#9032,#9084,.T.);
#9084 = CIRCLE('',#9085,4.5E-02);
#9085 = AXIS2_PLACEMENT_3D('',#9086,#9087,#9088);
#9086 = CARTESIAN_POINT('',(-0.545,0.4,4.5E-02));
#9087 = DIRECTION('',(0.,1.,0.));
#9088 = DIRECTION('',(0.,-0.,1.));
#9089 = PLANE('',#9090);
#9090 = AXIS2_PLACEMENT_3D('',#9091,#9092,#9093);
#9091 = CARTESIAN_POINT('',(-0.8,0.4,0.));
#9092 = DIRECTION('',(0.,1.,0.));
#9093 = DIRECTION('',(0.,-0.,1.));
#9094 = ADVANCED_FACE('',(#9095),#9106,.F.);
#9095 = FACE_BOUND('',#9096,.F.);
#9096 = EDGE_LOOP('',(#9097,#9098,#9099,#9100));
#9097 = ORIENTED_EDGE('',*,*,#9031,.F.);
#9098 = ORIENTED_EDGE('',*,*,#8991,.F.);
#9099 = ORIENTED_EDGE('',*,*,#8898,.T.);
#9100 = ORIENTED_EDGE('',*,*,#9101,.T.);
#9101 = EDGE_CURVE('',#8901,#9032,#9102,.T.);
#9102 = LINE('',#9103,#9104);
#9103 = CARTESIAN_POINT('',(-0.545,-0.4,-2.775557561563E-17));
#9104 = VECTOR('',#9105,1.);
#9105 = DIRECTION('',(0.,1.,0.));
#9106 = PLANE('',#9107);
#9107 = AXIS2_PLACEMENT_3D('',#9108,#9109,#9110);
#9108 = CARTESIAN_POINT('',(-0.8,-0.4,0.));
#9109 = DIRECTION('',(0.,0.,1.));
#9110 = DIRECTION('',(1.,0.,-0.));
#9111 = ADVANCED_FACE('',(#9112),#9123,.T.);
#9112 = FACE_BOUND('',#9113,.T.);
#9113 = EDGE_LOOP('',(#9114,#9115,#9116,#9117));
#9114 = ORIENTED_EDGE('',*,*,#8966,.T.);
#9115 = ORIENTED_EDGE('',*,*,#9101,.T.);
#9116 = ORIENTED_EDGE('',*,*,#9083,.F.);
#9117 = ORIENTED_EDGE('',*,*,#9118,.F.);
#9118 = EDGE_CURVE('',#8959,#9076,#9119,.T.);
#9119 = LINE('',#9120,#9121);
#9120 = CARTESIAN_POINT('',(-0.5,-0.4,4.5E-02));
#9121 = VECTOR('',#9122,1.);
#9122 = DIRECTION('',(0.,1.,0.));
#9123 = CYLINDRICAL_SURFACE('',#9124,4.5E-02);
#9124 = AXIS2_PLACEMENT_3D('',#9125,#9126,#9127);
#9125 = CARTESIAN_POINT('',(-0.545,-0.4,4.5E-02));
#9126 = DIRECTION('',(0.,1.,0.));
#9127 = DIRECTION('',(1.,0.,0.));
#9128 = ADVANCED_FACE('',(#9129),#9172,.F.);
#9129 = FACE_BOUND('',#9130,.F.);
#9130 = EDGE_LOOP('',(#9131,#9132,#9133,#9134,#9142,#9150,#9158,#9166));
#9131 = ORIENTED_EDGE('',*,*,#8958,.F.);
#9132 = ORIENTED_EDGE('',*,*,#8950,.T.);
#9133 = ORIENTED_EDGE('',*,*,#8942,.T.);
#9134 = ORIENTED_EDGE('',*,*,#9135,.T.);
#9135 = EDGE_CURVE('',#8934,#9136,#9138,.T.);
#9136 = VERTEX_POINT('',#9137);
#9137 = CARTESIAN_POINT('',(0.5,-0.4,0.405));
#9138 = LINE('',#9139,#9140);
#9139 = CARTESIAN_POINT('',(-0.5,-0.4,0.405));
#9140 = VECTOR('',#9141,1.);
#9141 = DIRECTION('',(1.,0.,0.));
#9142 = ORIENTED_EDGE('',*,*,#9143,.T.);
#9143 = EDGE_CURVE('',#9136,#9144,#9146,.T.);
#9144 = VERTEX_POINT('',#9145);
#9145 = CARTESIAN_POINT('',(0.755,-0.4,0.405));
#9146 = LINE('',#9147,#9148);
#9147 = CARTESIAN_POINT('',(-0.755,-0.4,0.405));
#9148 = VECTOR('',#9149,1.);
#9149 = DIRECTION('',(1.,0.,0.));
#9150 = ORIENTED_EDGE('',*,*,#9151,.F.);
#9151 = EDGE_CURVE('',#9152,#9144,#9154,.T.);
#9152 = VERTEX_POINT('',#9153);
#9153 = CARTESIAN_POINT('',(0.755,-0.4,4.5E-02));
#9154 = LINE('',#9155,#9156);
#9155 = CARTESIAN_POINT('',(0.755,-0.4,4.5E-02));
#9156 = VECTOR('',#9157,1.);
#9157 = DIRECTION('',(0.,0.,1.));
#9158 = ORIENTED_EDGE('',*,*,#9159,.F.);
#9159 = EDGE_CURVE('',#9160,#9152,#9162,.T.);
#9160 = VERTEX_POINT('',#9161);
#9161 = CARTESIAN_POINT('',(0.5,-0.4,4.5E-02));
#9162 = LINE('',#9163,#9164);
#9163 = CARTESIAN_POINT('',(-0.755,-0.4,4.5E-02));
#9164 = VECTOR('',#9165,1.);
#9165 = DIRECTION('',(1.,0.,0.));
#9166 = ORIENTED_EDGE('',*,*,#9167,.F.);
#9167 = EDGE_CURVE('',#8959,#9160,#9168,.T.);
#9168 = LINE('',#9169,#9170);
#9169 = CARTESIAN_POINT('',(-0.755,-0.4,4.5E-02));
#9170 = VECTOR('',#9171,1.);
#9171 = DIRECTION('',(1.,0.,0.));
#9172 = PLANE('',#9173);
#9173 = AXIS2_PLACEMENT_3D('',#9174,#9175,#9176);
#9174 = CARTESIAN_POINT('',(-0.755,-0.4,4.5E-02));
#9175 = DIRECTION('',(0.,1.,0.));
#9176 = DIRECTION('',(0.,-0.,1.));
#9177 = ADVANCED_FACE('',(#9178),#9189,.T.);
#9178 = FACE_BOUND('',#9179,.T.);
#9179 = EDGE_LOOP('',(#9180,#9181,#9182,#9183));
#9180 = ORIENTED_EDGE('',*,*,#9042,.F.);
#9181 = ORIENTED_EDGE('',*,*,#9007,.F.);
#9182 = ORIENTED_EDGE('',*,*,#8925,.T.);
#9183 = ORIENTED_EDGE('',*,*,#9184,.T.);
#9184 = EDGE_CURVE('',#8926,#9043,#9185,.T.);
#9185 = LINE('',#9186,#9187);
#9186 = CARTESIAN_POINT('',(-0.545,-0.4,0.45));
#9187 = VECTOR('',#9188,1.);
#9188 = DIRECTION('',(0.,1.,0.));
#9189 = PLANE('',#9190);
#9190 = AXIS2_PLACEMENT_3D('',#9191,#9192,#9193);
#9191 = CARTESIAN_POINT('',(-0.8,-0.4,0.45));
#9192 = DIRECTION('',(0.,0.,1.));
#9193 = DIRECTION('',(1.,0.,-0.));
#9194 = ADVANCED_FACE('',(#9195),#9206,.T.);
#9195 = FACE_BOUND('',#9196,.T.);
#9196 = EDGE_LOOP('',(#9197,#9203,#9204,#9205));
#9197 = ORIENTED_EDGE('',*,*,#9198,.T.);
#9198 = EDGE_CURVE('',#8934,#9051,#9199,.T.);
#9199 = LINE('',#9200,#9201);
#9200 = CARTESIAN_POINT('',(-0.5,-0.4,0.405));
#9201 = VECTOR('',#9202,1.);
#9202 = DIRECTION('',(0.,1.,0.));
#9203 = ORIENTED_EDGE('',*,*,#9050,.T.);
#9204 = ORIENTED_EDGE('',*,*,#9184,.F.);
#9205 = ORIENTED_EDGE('',*,*,#8933,.F.);
#9206 = CYLINDRICAL_SURFACE('',#9207,4.5E-02);
#9207 = AXIS2_PLACEMENT_3D('',#9208,#9209,#9210);
#9208 = CARTESIAN_POINT('',(-0.545,-0.4,0.405));
#9209 = DIRECTION('',(0.,1.,0.));
#9210 = DIRECTION('',(1.,0.,0.));
#9211 = ADVANCED_FACE('',(#9212),#9255,.T.);
#9212 = FACE_BOUND('',#9213,.T.);
#9213 = EDGE_LOOP('',(#9214,#9215,#9216,#9217,#9225,#9233,#9241,#9249));
#9214 = ORIENTED_EDGE('',*,*,#9075,.F.);
#9215 = ORIENTED_EDGE('',*,*,#9067,.T.);
#9216 = ORIENTED_EDGE('',*,*,#9059,.T.);
#9217 = ORIENTED_EDGE('',*,*,#9218,.T.);
#9218 = EDGE_CURVE('',#9051,#9219,#9221,.T.);
#9219 = VERTEX_POINT('',#9220);
#9220 = CARTESIAN_POINT('',(0.5,0.4,0.405));
#9221 = LINE('',#9222,#9223);
#9222 = CARTESIAN_POINT('',(-0.5,0.4,0.405));
#9223 = VECTOR('',#9224,1.);
#9224 = DIRECTION('',(1.,0.,0.));
#9225 = ORIENTED_EDGE('',*,*,#9226,.T.);
#9226 = EDGE_CURVE('',#9219,#9227,#9229,.T.);
#9227 = VERTEX_POINT('',#9228);
#9228 = CARTESIAN_POINT('',(0.755,0.4,0.405));
#9229 = LINE('',#9230,#9231);
#9230 = CARTESIAN_POINT('',(-0.755,0.4,0.405));
#9231 = VECTOR('',#9232,1.);
#9232 = DIRECTION('',(1.,0.,0.));
#9233 = ORIENTED_EDGE('',*,*,#9234,.F.);
#9234 = EDGE_CURVE('',#9235,#9227,#9237,.T.);
#9235 = VERTEX_POINT('',#9236);
#9236 = CARTESIAN_POINT('',(0.755,0.4,4.5E-02));
#9237 = LINE('',#9238,#9239);
#9238 = CARTESIAN_POINT('',(0.755,0.4,4.5E-02));
#9239 = VECTOR('',#9240,1.);
#9240 = DIRECTION('',(0.,0.,1.));
#9241 = ORIENTED_EDGE('',*,*,#9242,.F.);
#9242 = EDGE_CURVE('',#9243,#9235,#9245,.T.);
#9243 = VERTEX_POINT('',#9244);
#9244 = CARTESIAN_POINT('',(0.5,0.4,4.5E-02));
#9245 = LINE('',#9246,#9247);
#9246 = CARTESIAN_POINT('',(-0.755,0.4,4.5E-02));
#9247 = VECTOR('',#9248,1.);
#9248 = DIRECTION('',(1.,0.,0.));
#9249 = ORIENTED_EDGE('',*,*,#9250,.F.);
#9250 = EDGE_CURVE('',#9076,#9243,#9251,.T.);
#9251 = LINE('',#9252,#9253);
#9252 = CARTESIAN_POINT('',(-0.755,0.4,4.5E-02));
#9253 = VECTOR('',#9254,1.);
#9254 = DIRECTION('',(1.,0.,0.));
#9255 = PLANE('',#9256);
#9256 = AXIS2_PLACEMENT_3D('',#9257,#9258,#9259);
#9257 = CARTESIAN_POINT('',(-0.755,0.4,4.5E-02));
#9258 = DIRECTION('',(0.,1.,0.));
#9259 = DIRECTION('',(0.,-0.,1.));
#9260 = ADVANCED_FACE('',(#9261),#9272,.F.);
#9261 = FACE_BOUND('',#9262,.F.);
#9262 = EDGE_LOOP('',(#9263,#9264,#9265,#9271));
#9263 = ORIENTED_EDGE('',*,*,#9118,.F.);
#9264 = ORIENTED_EDGE('',*,*,#9167,.T.);
#9265 = ORIENTED_EDGE('',*,*,#9266,.T.);
#9266 = EDGE_CURVE('',#9160,#9243,#9267,.T.);
#9267 = LINE('',#9268,#9269);
#9268 = CARTESIAN_POINT('',(0.5,-0.4,4.5E-02));
#9269 = VECTOR('',#9270,1.);
#9270 = DIRECTION('',(0.,1.,0.));
#9271 = ORIENTED_EDGE('',*,*,#9250,.F.);
#9272 = PLANE('',#9273);
#9273 = AXIS2_PLACEMENT_3D('',#9274,#9275,#9276);
#9274 = CARTESIAN_POINT('',(-0.755,-0.4,4.5E-02));
#9275 = DIRECTION('',(0.,0.,1.));
#9276 = DIRECTION('',(1.,0.,-0.));
#9277 = ADVANCED_FACE('',(#9278),#9341,.F.);
#9278 = FACE_BOUND('',#9279,.F.);
#9279 = EDGE_LOOP('',(#9280,#9290,#9297,#9298,#9299,#9300,#9309,#9317,
    #9326,#9334));
#9280 = ORIENTED_EDGE('',*,*,#9281,.F.);
#9281 = EDGE_CURVE('',#9282,#9284,#9286,.T.);
#9282 = VERTEX_POINT('',#9283);
#9283 = CARTESIAN_POINT('',(0.545,-0.4,-2.775557561563E-17));
#9284 = VERTEX_POINT('',#9285);
#9285 = CARTESIAN_POINT('',(0.755,-0.4,-2.775557561563E-17));
#9286 = LINE('',#9287,#9288);
#9287 = CARTESIAN_POINT('',(0.5,-0.4,0.));
#9288 = VECTOR('',#9289,1.);
#9289 = DIRECTION('',(1.,0.,0.));
#9290 = ORIENTED_EDGE('',*,*,#9291,.F.);
#9291 = EDGE_CURVE('',#9160,#9282,#9292,.T.);
#9292 = CIRCLE('',#9293,4.5E-02);
#9293 = AXIS2_PLACEMENT_3D('',#9294,#9295,#9296);
#9294 = CARTESIAN_POINT('',(0.545,-0.4,4.5E-02));
#9295 = DIRECTION('',(0.,-1.,0.));
#9296 = DIRECTION('',(0.,0.,1.));
#9297 = ORIENTED_EDGE('',*,*,#9159,.T.);
#9298 = ORIENTED_EDGE('',*,*,#9151,.T.);
#9299 = ORIENTED_EDGE('',*,*,#9143,.F.);
#9300 = ORIENTED_EDGE('',*,*,#9301,.T.);
#9301 = EDGE_CURVE('',#9136,#9302,#9304,.T.);
#9302 = VERTEX_POINT('',#9303);
#9303 = CARTESIAN_POINT('',(0.545,-0.4,0.45));
#9304 = CIRCLE('',#9305,4.5E-02);
#9305 = AXIS2_PLACEMENT_3D('',#9306,#9307,#9308);
#9306 = CARTESIAN_POINT('',(0.545,-0.4,0.405));
#9307 = DIRECTION('',(0.,1.,0.));
#9308 = DIRECTION('',(0.,-0.,1.));
#9309 = ORIENTED_EDGE('',*,*,#9310,.T.);
#9310 = EDGE_CURVE('',#9302,#9311,#9313,.T.);
#9311 = VERTEX_POINT('',#9312);
#9312 = CARTESIAN_POINT('',(0.755,-0.4,0.45));
#9313 = LINE('',#9314,#9315);
#9314 = CARTESIAN_POINT('',(0.5,-0.4,0.45));
#9315 = VECTOR('',#9316,1.);
#9316 = DIRECTION('',(1.,0.,0.));
#9317 = ORIENTED_EDGE('',*,*,#9318,.F.);
#9318 = EDGE_CURVE('',#9319,#9311,#9321,.T.);
#9319 = VERTEX_POINT('',#9320);
#9320 = CARTESIAN_POINT('',(0.8,-0.4,0.405));
#9321 = CIRCLE('',#9322,4.5E-02);
#9322 = AXIS2_PLACEMENT_3D('',#9323,#9324,#9325);
#9323 = CARTESIAN_POINT('',(0.755,-0.4,0.405));
#9324 = DIRECTION('',(0.,-1.,0.));
#9325 = DIRECTION('',(0.,0.,1.));
#9326 = ORIENTED_EDGE('',*,*,#9327,.F.);
#9327 = EDGE_CURVE('',#9328,#9319,#9330,.T.);
#9328 = VERTEX_POINT('',#9329);
#9329 = CARTESIAN_POINT('',(0.8,-0.4,4.5E-02));
#9330 = LINE('',#9331,#9332);
#9331 = CARTESIAN_POINT('',(0.8,-0.4,0.));
#9332 = VECTOR('',#9333,1.);
#9333 = DIRECTION('',(0.,0.,1.));
#9334 = ORIENTED_EDGE('',*,*,#9335,.T.);
#9335 = EDGE_CURVE('',#9328,#9284,#9336,.T.);
#9336 = CIRCLE('',#9337,4.5E-02);
#9337 = AXIS2_PLACEMENT_3D('',#9338,#9339,#9340);
#9338 = CARTESIAN_POINT('',(0.755,-0.4,4.5E-02));
#9339 = DIRECTION('',(0.,1.,0.));
#9340 = DIRECTION('',(0.,-0.,1.));
#9341 = PLANE('',#9342);
#9342 = AXIS2_PLACEMENT_3D('',#9343,#9344,#9345);
#9343 = CARTESIAN_POINT('',(0.5,-0.4,0.));
#9344 = DIRECTION('',(0.,1.,0.));
#9345 = DIRECTION('',(0.,-0.,1.));
#9346 = ADVANCED_FACE('',(#9347),#9372,.F.);
#9347 = FACE_BOUND('',#9348,.F.);
#9348 = EDGE_LOOP('',(#9349,#9350,#9358,#9366));
#9349 = ORIENTED_EDGE('',*,*,#9135,.F.);
#9350 = ORIENTED_EDGE('',*,*,#9351,.T.);
#9351 = EDGE_CURVE('',#8934,#9352,#9354,.T.);
#9352 = VERTEX_POINT('',#9353);
#9353 = CARTESIAN_POINT('',(-0.5,-0.4,0.45));
#9354 = LINE('',#9355,#9356);
#9355 = CARTESIAN_POINT('',(-0.5,-0.4,0.405));
#9356 = VECTOR('',#9357,1.);
#9357 = DIRECTION('',(0.,0.,1.));
#9358 = ORIENTED_EDGE('',*,*,#9359,.T.);
#9359 = EDGE_CURVE('',#9352,#9360,#9362,.T.);
#9360 = VERTEX_POINT('',#9361);
#9361 = CARTESIAN_POINT('',(0.5,-0.4,0.45));
#9362 = LINE('',#9363,#9364);
#9363 = CARTESIAN_POINT('',(-0.5,-0.4,0.45));
#9364 = VECTOR('',#9365,1.);
#9365 = DIRECTION('',(1.,0.,0.));
#9366 = ORIENTED_EDGE('',*,*,#9367,.F.);
#9367 = EDGE_CURVE('',#9136,#9360,#9368,.T.);
#9368 = LINE('',#9369,#9370);
#9369 = CARTESIAN_POINT('',(0.5,-0.4,0.405));
#9370 = VECTOR('',#9371,1.);
#9371 = DIRECTION('',(0.,0.,1.));
#9372 = PLANE('',#9373);
#9373 = AXIS2_PLACEMENT_3D('',#9374,#9375,#9376);
#9374 = CARTESIAN_POINT('',(-0.5,-0.4,0.405));
#9375 = DIRECTION('',(0.,1.,0.));
#9376 = DIRECTION('',(0.,-0.,1.));
#9377 = ADVANCED_FACE('',(#9378),#9396,.F.);
#9378 = FACE_BOUND('',#9379,.F.);
#9379 = EDGE_LOOP('',(#9380,#9381,#9382,#9390));
#9380 = ORIENTED_EDGE('',*,*,#9351,.F.);
#9381 = ORIENTED_EDGE('',*,*,#9198,.T.);
#9382 = ORIENTED_EDGE('',*,*,#9383,.T.);
#9383 = EDGE_CURVE('',#9051,#9384,#9386,.T.);
#9384 = VERTEX_POINT('',#9385);
#9385 = CARTESIAN_POINT('',(-0.5,0.4,0.45));
#9386 = LINE('',#9387,#9388);
#9387 = CARTESIAN_POINT('',(-0.5,0.4,0.405));
#9388 = VECTOR('',#9389,1.);
#9389 = DIRECTION('',(0.,0.,1.));
#9390 = ORIENTED_EDGE('',*,*,#9391,.F.);
#9391 = EDGE_CURVE('',#9352,#9384,#9392,.T.);
#9392 = LINE('',#9393,#9394);
#9393 = CARTESIAN_POINT('',(-0.5,-0.4,0.45));
#9394 = VECTOR('',#9395,1.);
#9395 = DIRECTION('',(0.,1.,0.));
#9396 = PLANE('',#9397);
#9397 = AXIS2_PLACEMENT_3D('',#9398,#9399,#9400);
#9398 = CARTESIAN_POINT('',(-0.5,-0.4,0.405));
#9399 = DIRECTION('',(1.,0.,0.));
#9400 = DIRECTION('',(0.,0.,1.));
#9401 = ADVANCED_FACE('',(#9402),#9465,.T.);
#9402 = FACE_BOUND('',#9403,.T.);
#9403 = EDGE_LOOP('',(#9404,#9414,#9421,#9422,#9423,#9424,#9433,#9441,
    #9450,#9458));
#9404 = ORIENTED_EDGE('',*,*,#9405,.F.);
#9405 = EDGE_CURVE('',#9406,#9408,#9410,.T.);
#9406 = VERTEX_POINT('',#9407);
#9407 = CARTESIAN_POINT('',(0.545,0.4,-2.775557561563E-17));
#9408 = VERTEX_POINT('',#9409);
#9409 = CARTESIAN_POINT('',(0.755,0.4,-2.775557561563E-17));
#9410 = LINE('',#9411,#9412);
#9411 = CARTESIAN_POINT('',(0.5,0.4,0.));
#9412 = VECTOR('',#9413,1.);
#9413 = DIRECTION('',(1.,0.,0.));
#9414 = ORIENTED_EDGE('',*,*,#9415,.F.);
#9415 = EDGE_CURVE('',#9243,#9406,#9416,.T.);
#9416 = CIRCLE('',#9417,4.5E-02);
#9417 = AXIS2_PLACEMENT_3D('',#9418,#9419,#9420);
#9418 = CARTESIAN_POINT('',(0.545,0.4,4.5E-02));
#9419 = DIRECTION('',(0.,-1.,0.));
#9420 = DIRECTION('',(0.,0.,1.));
#9421 = ORIENTED_EDGE('',*,*,#9242,.T.);
#9422 = ORIENTED_EDGE('',*,*,#9234,.T.);
#9423 = ORIENTED_EDGE('',*,*,#9226,.F.);
#9424 = ORIENTED_EDGE('',*,*,#9425,.T.);
#9425 = EDGE_CURVE('',#9219,#9426,#9428,.T.);
#9426 = VERTEX_POINT('',#9427);
#9427 = CARTESIAN_POINT('',(0.545,0.4,0.45));
#9428 = CIRCLE('',#9429,4.5E-02);
#9429 = AXIS2_PLACEMENT_3D('',#9430,#9431,#9432);
#9430 = CARTESIAN_POINT('',(0.545,0.4,0.405));
#9431 = DIRECTION('',(0.,1.,0.));
#9432 = DIRECTION('',(0.,-0.,1.));
#9433 = ORIENTED_EDGE('',*,*,#9434,.T.);
#9434 = EDGE_CURVE('',#9426,#9435,#9437,.T.);
#9435 = VERTEX_POINT('',#9436);
#9436 = CARTESIAN_POINT('',(0.755,0.4,0.45));
#9437 = LINE('',#9438,#9439);
#9438 = CARTESIAN_POINT('',(0.5,0.4,0.45));
#9439 = VECTOR('',#9440,1.);
#9440 = DIRECTION('',(1.,0.,0.));
#9441 = ORIENTED_EDGE('',*,*,#9442,.F.);
#9442 = EDGE_CURVE('',#9443,#9435,#9445,.T.);
#9443 = VERTEX_POINT('',#9444);
#9444 = CARTESIAN_POINT('',(0.8,0.4,0.405));
#9445 = CIRCLE('',#9446,4.5E-02);
#9446 = AXIS2_PLACEMENT_3D('',#9447,#9448,#9449);
#9447 = CARTESIAN_POINT('',(0.755,0.4,0.405));
#9448 = DIRECTION('',(0.,-1.,0.));
#9449 = DIRECTION('',(0.,0.,1.));
#9450 = ORIENTED_EDGE('',*,*,#9451,.F.);
#9451 = EDGE_CURVE('',#9452,#9443,#9454,.T.);
#9452 = VERTEX_POINT('',#9453);
#9453 = CARTESIAN_POINT('',(0.8,0.4,4.5E-02));
#9454 = LINE('',#9455,#9456);
#9455 = CARTESIAN_POINT('',(0.8,0.4,0.));
#9456 = VECTOR('',#9457,1.);
#9457 = DIRECTION('',(0.,0.,1.));
#9458 = ORIENTED_EDGE('',*,*,#9459,.T.);
#9459 = EDGE_CURVE('',#9452,#9408,#9460,.T.);
#9460 = CIRCLE('',#9461,4.5E-02);
#9461 = AXIS2_PLACEMENT_3D('',#9462,#9463,#9464);
#9462 = CARTESIAN_POINT('',(0.755,0.4,4.5E-02));
#9463 = DIRECTION('',(0.,1.,0.));
#9464 = DIRECTION('',(0.,-0.,1.));
#9465 = PLANE('',#9466);
#9466 = AXIS2_PLACEMENT_3D('',#9467,#9468,#9469);
#9467 = CARTESIAN_POINT('',(0.5,0.4,0.));
#9468 = DIRECTION('',(0.,1.,0.));
#9469 = DIRECTION('',(0.,-0.,1.));
#9470 = ADVANCED_FACE('',(#9471),#9489,.T.);
#9471 = FACE_BOUND('',#9472,.T.);
#9472 = EDGE_LOOP('',(#9473,#9474,#9475,#9483));
#9473 = ORIENTED_EDGE('',*,*,#9218,.F.);
#9474 = ORIENTED_EDGE('',*,*,#9383,.T.);
#9475 = ORIENTED_EDGE('',*,*,#9476,.T.);
#9476 = EDGE_CURVE('',#9384,#9477,#9479,.T.);
#9477 = VERTEX_POINT('',#9478);
#9478 = CARTESIAN_POINT('',(0.5,0.4,0.45));
#9479 = LINE('',#9480,#9481);
#9480 = CARTESIAN_POINT('',(-0.5,0.4,0.45));
#9481 = VECTOR('',#9482,1.);
#9482 = DIRECTION('',(1.,0.,0.));
#9483 = ORIENTED_EDGE('',*,*,#9484,.F.);
#9484 = EDGE_CURVE('',#9219,#9477,#9485,.T.);
#9485 = LINE('',#9486,#9487);
#9486 = CARTESIAN_POINT('',(0.5,0.4,0.405));
#9487 = VECTOR('',#9488,1.);
#9488 = DIRECTION('',(0.,0.,1.));
#9489 = PLANE('',#9490);
#9490 = AXIS2_PLACEMENT_3D('',#9491,#9492,#9493);
#9491 = CARTESIAN_POINT('',(-0.5,0.4,0.405));
#9492 = DIRECTION('',(0.,1.,0.));
#9493 = DIRECTION('',(0.,-0.,1.));
#9494 = ADVANCED_FACE('',(#9495),#9506,.T.);
#9495 = FACE_BOUND('',#9496,.T.);
#9496 = EDGE_LOOP('',(#9497,#9498,#9499,#9505));
#9497 = ORIENTED_EDGE('',*,*,#9266,.T.);
#9498 = ORIENTED_EDGE('',*,*,#9415,.T.);
#9499 = ORIENTED_EDGE('',*,*,#9500,.F.);
#9500 = EDGE_CURVE('',#9282,#9406,#9501,.T.);
#9501 = LINE('',#9502,#9503);
#9502 = CARTESIAN_POINT('',(0.545,-0.4,-2.775557561563E-17));
#9503 = VECTOR('',#9504,1.);
#9504 = DIRECTION('',(0.,1.,0.));
#9505 = ORIENTED_EDGE('',*,*,#9291,.F.);
#9506 = CYLINDRICAL_SURFACE('',#9507,4.5E-02);
#9507 = AXIS2_PLACEMENT_3D('',#9508,#9509,#9510);
#9508 = CARTESIAN_POINT('',(0.545,-0.4,4.5E-02));
#9509 = DIRECTION('',(0.,1.,0.));
#9510 = DIRECTION('',(-1.,0.,0.));
#9511 = ADVANCED_FACE('',(#9512),#9523,.F.);
#9512 = FACE_BOUND('',#9513,.F.);
#9513 = EDGE_LOOP('',(#9514,#9515,#9516,#9517));
#9514 = ORIENTED_EDGE('',*,*,#9405,.F.);
#9515 = ORIENTED_EDGE('',*,*,#9500,.F.);
#9516 = ORIENTED_EDGE('',*,*,#9281,.T.);
#9517 = ORIENTED_EDGE('',*,*,#9518,.T.);
#9518 = EDGE_CURVE('',#9284,#9408,#9519,.T.);
#9519 = LINE('',#9520,#9521);
#9520 = CARTESIAN_POINT('',(0.755,-0.4,-2.775557561563E-17));
#9521 = VECTOR('',#9522,1.);
#9522 = DIRECTION('',(0.,1.,0.));
#9523 = PLANE('',#9524);
#9524 = AXIS2_PLACEMENT_3D('',#9525,#9526,#9527);
#9525 = CARTESIAN_POINT('',(0.5,-0.4,0.));
#9526 = DIRECTION('',(0.,0.,1.));
#9527 = DIRECTION('',(1.,0.,-0.));
#9528 = ADVANCED_FACE('',(#9529),#9540,.T.);
#9529 = FACE_BOUND('',#9530,.T.);
#9530 = EDGE_LOOP('',(#9531,#9532,#9533,#9534));
#9531 = ORIENTED_EDGE('',*,*,#9335,.T.);
#9532 = ORIENTED_EDGE('',*,*,#9518,.T.);
#9533 = ORIENTED_EDGE('',*,*,#9459,.F.);
#9534 = ORIENTED_EDGE('',*,*,#9535,.F.);
#9535 = EDGE_CURVE('',#9328,#9452,#9536,.T.);
#9536 = LINE('',#9537,#9538);
#9537 = CARTESIAN_POINT('',(0.8,-0.4,4.5E-02));
#9538 = VECTOR('',#9539,1.);
#9539 = DIRECTION('',(0.,1.,0.));
#9540 = CYLINDRICAL_SURFACE('',#9541,4.5E-02);
#9541 = AXIS2_PLACEMENT_3D('',#9542,#9543,#9544);
#9542 = CARTESIAN_POINT('',(0.755,-0.4,4.5E-02));
#9543 = DIRECTION('',(0.,1.,0.));
#9544 = DIRECTION('',(1.,0.,0.));
#9545 = ADVANCED_FACE('',(#9546),#9557,.T.);
#9546 = FACE_BOUND('',#9547,.T.);
#9547 = EDGE_LOOP('',(#9548,#9549,#9550,#9551));
#9548 = ORIENTED_EDGE('',*,*,#9327,.F.);
#9549 = ORIENTED_EDGE('',*,*,#9535,.T.);
#9550 = ORIENTED_EDGE('',*,*,#9451,.T.);
#9551 = ORIENTED_EDGE('',*,*,#9552,.F.);
#9552 = EDGE_CURVE('',#9319,#9443,#9553,.T.);
#9553 = LINE('',#9554,#9555);
#9554 = CARTESIAN_POINT('',(0.8,-0.4,0.405));
#9555 = VECTOR('',#9556,1.);
#9556 = DIRECTION('',(0.,1.,0.));
#9557 = PLANE('',#9558);
#9558 = AXIS2_PLACEMENT_3D('',#9559,#9560,#9561);
#9559 = CARTESIAN_POINT('',(0.8,-0.4,0.));
#9560 = DIRECTION('',(1.,0.,0.));
#9561 = DIRECTION('',(0.,0.,1.));
#9562 = ADVANCED_FACE('',(#9563),#9574,.T.);
#9563 = FACE_BOUND('',#9564,.T.);
#9564 = EDGE_LOOP('',(#9565,#9566,#9567,#9573));
#9565 = ORIENTED_EDGE('',*,*,#9552,.T.);
#9566 = ORIENTED_EDGE('',*,*,#9442,.T.);
#9567 = ORIENTED_EDGE('',*,*,#9568,.F.);
#9568 = EDGE_CURVE('',#9311,#9435,#9569,.T.);
#9569 = LINE('',#9570,#9571);
#9570 = CARTESIAN_POINT('',(0.755,-0.4,0.45));
#9571 = VECTOR('',#9572,1.);
#9572 = DIRECTION('',(0.,1.,0.));
#9573 = ORIENTED_EDGE('',*,*,#9318,.F.);
#9574 = CYLINDRICAL_SURFACE('',#9575,4.5E-02);
#9575 = AXIS2_PLACEMENT_3D('',#9576,#9577,#9578);
#9576 = CARTESIAN_POINT('',(0.755,-0.4,0.405));
#9577 = DIRECTION('',(0.,1.,0.));
#9578 = DIRECTION('',(1.,0.,0.));
#9579 = ADVANCED_FACE('',(#9580),#9591,.T.);
#9580 = FACE_BOUND('',#9581,.T.);
#9581 = EDGE_LOOP('',(#9582,#9583,#9589,#9590));
#9582 = ORIENTED_EDGE('',*,*,#9434,.F.);
#9583 = ORIENTED_EDGE('',*,*,#9584,.F.);
#9584 = EDGE_CURVE('',#9302,#9426,#9585,.T.);
#9585 = LINE('',#9586,#9587);
#9586 = CARTESIAN_POINT('',(0.545,-0.4,0.45));
#9587 = VECTOR('',#9588,1.);
#9588 = DIRECTION('',(0.,1.,0.));
#9589 = ORIENTED_EDGE('',*,*,#9310,.T.);
#9590 = ORIENTED_EDGE('',*,*,#9568,.T.);
#9591 = PLANE('',#9592);
#9592 = AXIS2_PLACEMENT_3D('',#9593,#9594,#9595);
#9593 = CARTESIAN_POINT('',(0.5,-0.4,0.45));
#9594 = DIRECTION('',(0.,0.,1.));
#9595 = DIRECTION('',(1.,0.,-0.));
#9596 = ADVANCED_FACE('',(#9597),#9608,.T.);
#9597 = FACE_BOUND('',#9598,.T.);
#9598 = EDGE_LOOP('',(#9599,#9600,#9601,#9602));
#9599 = ORIENTED_EDGE('',*,*,#9301,.T.);
#9600 = ORIENTED_EDGE('',*,*,#9584,.T.);
#9601 = ORIENTED_EDGE('',*,*,#9425,.F.);
#9602 = ORIENTED_EDGE('',*,*,#9603,.F.);
#9603 = EDGE_CURVE('',#9136,#9219,#9604,.T.);
#9604 = LINE('',#9605,#9606);
#9605 = CARTESIAN_POINT('',(0.5,-0.4,0.405));
#9606 = VECTOR('',#9607,1.);
#9607 = DIRECTION('',(0.,1.,0.));
#9608 = CYLINDRICAL_SURFACE('',#9609,4.5E-02);
#9609 = AXIS2_PLACEMENT_3D('',#9610,#9611,#9612);
#9610 = CARTESIAN_POINT('',(0.545,-0.4,0.405));
#9611 = DIRECTION('',(0.,1.,0.));
#9612 = DIRECTION('',(-1.,0.,0.));
#9613 = ADVANCED_FACE('',(#9614),#9625,.T.);
#9614 = FACE_BOUND('',#9615,.T.);
#9615 = EDGE_LOOP('',(#9616,#9617,#9618,#9619));
#9616 = ORIENTED_EDGE('',*,*,#9367,.F.);
#9617 = ORIENTED_EDGE('',*,*,#9603,.T.);
#9618 = ORIENTED_EDGE('',*,*,#9484,.T.);
#9619 = ORIENTED_EDGE('',*,*,#9620,.F.);
#9620 = EDGE_CURVE('',#9360,#9477,#9621,.T.);
#9621 = LINE('',#9622,#9623);
#9622 = CARTESIAN_POINT('',(0.5,-0.4,0.45));
#9623 = VECTOR('',#9624,1.);
#9624 = DIRECTION('',(0.,1.,0.));
#9625 = PLANE('',#9626);
#9626 = AXIS2_PLACEMENT_3D('',#9627,#9628,#9629);
#9627 = CARTESIAN_POINT('',(0.5,-0.4,0.405));
#9628 = DIRECTION('',(1.,0.,0.));
#9629 = DIRECTION('',(0.,0.,1.));
#9630 = ADVANCED_FACE('',(#9631),#9637,.T.);
#9631 = FACE_BOUND('',#9632,.T.);
#9632 = EDGE_LOOP('',(#9633,#9634,#9635,#9636));
#9633 = ORIENTED_EDGE('',*,*,#9391,.F.);
#9634 = ORIENTED_EDGE('',*,*,#9359,.T.);
#9635 = ORIENTED_EDGE('',*,*,#9620,.T.);
#9636 = ORIENTED_EDGE('',*,*,#9476,.F.);
#9637 = PLANE('',#9638);
#9638 = AXIS2_PLACEMENT_3D('',#9639,#9640,#9641);
#9639 = CARTESIAN_POINT('',(-0.5,-0.4,0.45));
#9640 = DIRECTION('',(0.,0.,1.));
#9641 = DIRECTION('',(1.,0.,-0.));
#9642 = ( GEOMETRIC_REPRESENTATION_CONTEXT(3) 
GLOBAL_UNCERTAINTY_ASSIGNED_CONTEXT((#9646)) 
GLOBAL_UNIT_ASSIGNED_CONTEXT((#9643,#9644,#9645)) REPRESENTATION_CONTEXT
('Context #1','3D Context with UNIT and UNCERTAINTY') );
#9643 = ( LENGTH_UNIT() NAMED_UNIT(*) SI_UNIT(.MILLI.,.METRE.) );
#9644 = ( NAMED_UNIT(*) PLANE_ANGLE_UNIT() SI_UNIT($,.RADIAN.) );
#9645 = ( NAMED_UNIT(*) SI_UNIT($,.STERADIAN.) SOLID_ANGLE_UNIT() );
#9646 = UNCERTAINTY_MEASURE_WITH_UNIT(LENGTH_MEASURE(1.E-07),#9643,
  'distance_accuracy_value','confusion accuracy');
#9647 = CONTEXT_DEPENDENT_SHAPE_REPRESENTATION(#9648,#9650);
#9648 = ( REPRESENTATION_RELATIONSHIP('','',#8851,#10) 
REPRESENTATION_RELATIONSHIP_WITH_TRANSFORMATION(#9649) 
SHAPE_REPRESENTATION_RELATIONSHIP() );
#9649 = ITEM_DEFINED_TRANSFORMATION('','',#11,#27);
#9650 = PRODUCT_DEFINITION_SHAPE('Placement','Placement of an item',
  #9651);
#9651 = NEXT_ASSEMBLY_USAGE_OCCURRENCE('4','R1','',#5,#8846,$);
#9652 = PRODUCT_RELATED_PRODUCT_CATEGORY('part',$,(#8848));
#9653 = CONTEXT_DEPENDENT_SHAPE_REPRESENTATION(#9654,#9656);
#9654 = ( REPRESENTATION_RELATIONSHIP('','',#8851,#10) 
REPRESENTATION_RELATIONSHIP_WITH_TRANSFORMATION(#9655) 
SHAPE_REPRESENTATION_RELATIONSHIP() );
#9655 = ITEM_DEFINED_TRANSFORMATION('','',#11,#31);
#9656 = PRODUCT_DEFINITION_SHAPE('Placement','Placement of an item',
  #9657);
#9657 = NEXT_ASSEMBLY_USAGE_OCCURRENCE('5','R2','',#5,#8846,$);
#9658 = SHAPE_DEFINITION_REPRESENTATION(#9659,#9665);
#9659 = PRODUCT_DEFINITION_SHAPE('','',#9660);
#9660 = PRODUCT_DEFINITION('design','',#9661,#9664);
#9661 = PRODUCT_DEFINITION_FORMATION('','',#9662);
#9662 = PRODUCT('R_1206_3216Metric','R_1206_3216Metric','',(#9663));
#9663 = PRODUCT_CONTEXT('',#2,'mechanical');
#9664 = PRODUCT_DEFINITION_CONTEXT('part definition',#2,'design');
#9665 = ADVANCED_BREP_SHAPE_REPRESENTATION('',(#11,#9666),#10456);
#9666 = MANIFOLD_SOLID_BREP('',#9667);
#9667 = CLOSED_SHELL('',(#9668,#9708,#9791,#9816,#9841,#9908,#9925,#9942
    ,#9991,#10008,#10025,#10074,#10091,#10160,#10191,#10215,#10284,
    #10308,#10325,#10342,#10359,#10376,#10393,#10410,#10427,#10444));
#9668 = ADVANCED_FACE('',(#9669),#9703,.F.);
#9669 = FACE_BOUND('',#9670,.F.);
#9670 = EDGE_LOOP('',(#9671,#9681,#9689,#9697));
#9671 = ORIENTED_EDGE('',*,*,#9672,.F.);
#9672 = EDGE_CURVE('',#9673,#9675,#9677,.T.);
#9673 = VERTEX_POINT('',#9674);
#9674 = CARTESIAN_POINT('',(-1.6,-0.8,5.5E-02));
#9675 = VERTEX_POINT('',#9676);
#9676 = CARTESIAN_POINT('',(-1.6,-0.8,0.495));
#9677 = LINE('',#9678,#9679);
#9678 = CARTESIAN_POINT('',(-1.6,-0.8,0.));
#9679 = VECTOR('',#9680,1.);
#9680 = DIRECTION('',(0.,0.,1.));
#9681 = ORIENTED_EDGE('',*,*,#9682,.T.);
#9682 = EDGE_CURVE('',#9673,#9683,#9685,.T.);
#9683 = VERTEX_POINT('',#9684);
#9684 = CARTESIAN_POINT('',(-1.6,0.8,5.5E-02));
#9685 = LINE('',#9686,#9687);
#9686 = CARTESIAN_POINT('',(-1.6,-0.8,5.5E-02));
#9687 = VECTOR('',#9688,1.);
#9688 = DIRECTION('',(0.,1.,0.));
#9689 = ORIENTED_EDGE('',*,*,#9690,.T.);
#9690 = EDGE_CURVE('',#9683,#9691,#9693,.T.);
#9691 = VERTEX_POINT('',#9692);
#9692 = CARTESIAN_POINT('',(-1.6,0.8,0.495));
#9693 = LINE('',#9694,#9695);
#9694 = CARTESIAN_POINT('',(-1.6,0.8,0.));
#9695 = VECTOR('',#9696,1.);
#9696 = DIRECTION('',(0.,0.,1.));
#9697 = ORIENTED_EDGE('',*,*,#9698,.F.);
#9698 = EDGE_CURVE('',#9675,#9691,#9699,.T.);
#9699 = LINE('',#9700,#9701);
#9700 = CARTESIAN_POINT('',(-1.6,-0.8,0.495));
#9701 = VECTOR('',#9702,1.);
#9702 = DIRECTION('',(0.,1.,0.));
#9703 = PLANE('',#9704);
#9704 = AXIS2_PLACEMENT_3D('',#9705,#9706,#9707);
#9705 = CARTESIAN_POINT('',(-1.6,-0.8,0.));
#9706 = DIRECTION('',(1.,0.,0.));
#9707 = DIRECTION('',(0.,0.,1.));
#9708 = ADVANCED_FACE('',(#9709),#9786,.F.);
#9709 = FACE_BOUND('',#9710,.F.);
#9710 = EDGE_LOOP('',(#9711,#9721,#9728,#9729,#9738,#9746,#9755,#9763,
    #9771,#9779));
#9711 = ORIENTED_EDGE('',*,*,#9712,.F.);
#9712 = EDGE_CURVE('',#9713,#9715,#9717,.T.);
#9713 = VERTEX_POINT('',#9714);
#9714 = CARTESIAN_POINT('',(-1.545,-0.8,0.));
#9715 = VERTEX_POINT('',#9716);
#9716 = CARTESIAN_POINT('',(-1.255,-0.8,0.));
#9717 = LINE('',#9718,#9719);
#9718 = CARTESIAN_POINT('',(-1.6,-0.8,0.));
#9719 = VECTOR('',#9720,1.);
#9720 = DIRECTION('',(1.,0.,0.));
#9721 = ORIENTED_EDGE('',*,*,#9722,.F.);
#9722 = EDGE_CURVE('',#9673,#9713,#9723,.T.);
#9723 = CIRCLE('',#9724,5.5E-02);
#9724 = AXIS2_PLACEMENT_3D('',#9725,#9726,#9727);
#9725 = CARTESIAN_POINT('',(-1.545,-0.8,5.5E-02));
#9726 = DIRECTION('',(0.,-1.,0.));
#9727 = DIRECTION('',(0.,0.,1.));
#9728 = ORIENTED_EDGE('',*,*,#9672,.T.);
#9729 = ORIENTED_EDGE('',*,*,#9730,.T.);
#9730 = EDGE_CURVE('',#9675,#9731,#9733,.T.);
#9731 = VERTEX_POINT('',#9732);
#9732 = CARTESIAN_POINT('',(-1.545,-0.8,0.55));
#9733 = CIRCLE('',#9734,5.5E-02);
#9734 = AXIS2_PLACEMENT_3D('',#9735,#9736,#9737);
#9735 = CARTESIAN_POINT('',(-1.545,-0.8,0.495));
#9736 = DIRECTION('',(0.,1.,0.));
#9737 = DIRECTION('',(0.,-0.,1.));
#9738 = ORIENTED_EDGE('',*,*,#9739,.T.);
#9739 = EDGE_CURVE('',#9731,#9740,#9742,.T.);
#9740 = VERTEX_POINT('',#9741);
#9741 = CARTESIAN_POINT('',(-1.255,-0.8,0.55));
#9742 = LINE('',#9743,#9744);
#9743 = CARTESIAN_POINT('',(-1.6,-0.8,0.55));
#9744 = VECTOR('',#9745,1.);
#9745 = DIRECTION('',(1.,0.,0.));
#9746 = ORIENTED_EDGE('',*,*,#9747,.F.);
#9747 = EDGE_CURVE('',#9748,#9740,#9750,.T.);
#9748 = VERTEX_POINT('',#9749);
#9749 = CARTESIAN_POINT('',(-1.2,-0.8,0.495));
#9750 = CIRCLE('',#9751,5.5E-02);
#9751 = AXIS2_PLACEMENT_3D('',#9752,#9753,#9754);
#9752 = CARTESIAN_POINT('',(-1.255,-0.8,0.495));
#9753 = DIRECTION('',(0.,-1.,0.));
#9754 = DIRECTION('',(0.,0.,1.));
#9755 = ORIENTED_EDGE('',*,*,#9756,.F.);
#9756 = EDGE_CURVE('',#9757,#9748,#9759,.T.);
#9757 = VERTEX_POINT('',#9758);
#9758 = CARTESIAN_POINT('',(-1.545,-0.8,0.495));
#9759 = LINE('',#9760,#9761);
#9760 = CARTESIAN_POINT('',(-1.545,-0.8,0.495));
#9761 = VECTOR('',#9762,1.);
#9762 = DIRECTION('',(1.,0.,0.));
#9763 = ORIENTED_EDGE('',*,*,#9764,.F.);
#9764 = EDGE_CURVE('',#9765,#9757,#9767,.T.);
#9765 = VERTEX_POINT('',#9766);
#9766 = CARTESIAN_POINT('',(-1.545,-0.8,5.5E-02));
#9767 = LINE('',#9768,#9769);
#9768 = CARTESIAN_POINT('',(-1.545,-0.8,5.5E-02));
#9769 = VECTOR('',#9770,1.);
#9770 = DIRECTION('',(0.,0.,1.));
#9771 = ORIENTED_EDGE('',*,*,#9772,.T.);
#9772 = EDGE_CURVE('',#9765,#9773,#9775,.T.);
#9773 = VERTEX_POINT('',#9774);
#9774 = CARTESIAN_POINT('',(-1.2,-0.8,5.5E-02));
#9775 = LINE('',#9776,#9777);
#9776 = CARTESIAN_POINT('',(-1.545,-0.8,5.5E-02));
#9777 = VECTOR('',#9778,1.);
#9778 = DIRECTION('',(1.,0.,0.));
#9779 = ORIENTED_EDGE('',*,*,#9780,.T.);
#9780 = EDGE_CURVE('',#9773,#9715,#9781,.T.);
#9781 = CIRCLE('',#9782,5.5E-02);
#9782 = AXIS2_PLACEMENT_3D('',#9783,#9784,#9785);
#9783 = CARTESIAN_POINT('',(-1.255,-0.8,5.5E-02));
#9784 = DIRECTION('',(0.,1.,0.));
#9785 = DIRECTION('',(0.,-0.,1.));
#9786 = PLANE('',#9787);
#9787 = AXIS2_PLACEMENT_3D('',#9788,#9789,#9790);
#9788 = CARTESIAN_POINT('',(-1.6,-0.8,0.));
#9789 = DIRECTION('',(0.,1.,0.));
#9790 = DIRECTION('',(0.,-0.,1.));
#9791 = ADVANCED_FACE('',(#9792),#9811,.T.);
#9792 = FACE_BOUND('',#9793,.T.);
#9793 = EDGE_LOOP('',(#9794,#9795,#9804,#9810));
#9794 = ORIENTED_EDGE('',*,*,#9682,.T.);
#9795 = ORIENTED_EDGE('',*,*,#9796,.T.);
#9796 = EDGE_CURVE('',#9683,#9797,#9799,.T.);
#9797 = VERTEX_POINT('',#9798);
#9798 = CARTESIAN_POINT('',(-1.545,0.8,0.));
#9799 = CIRCLE('',#9800,5.5E-02);
#9800 = AXIS2_PLACEMENT_3D('',#9801,#9802,#9803);
#9801 = CARTESIAN_POINT('',(-1.545,0.8,5.5E-02));
#9802 = DIRECTION('',(0.,-1.,0.));
#9803 = DIRECTION('',(0.,0.,1.));
#9804 = ORIENTED_EDGE('',*,*,#9805,.F.);
#9805 = EDGE_CURVE('',#9713,#9797,#9806,.T.);
#9806 = LINE('',#9807,#9808);
#9807 = CARTESIAN_POINT('',(-1.545,-0.8,0.));
#9808 = VECTOR('',#9809,1.);
#9809 = DIRECTION('',(0.,1.,0.));
#9810 = ORIENTED_EDGE('',*,*,#9722,.F.);
#9811 = CYLINDRICAL_SURFACE('',#9812,5.5E-02);
#9812 = AXIS2_PLACEMENT_3D('',#9813,#9814,#9815);
#9813 = CARTESIAN_POINT('',(-1.545,-0.8,5.5E-02));
#9814 = DIRECTION('',(0.,1.,0.));
#9815 = DIRECTION('',(-1.,0.,0.));
#9816 = ADVANCED_FACE('',(#9817),#9836,.T.);
#9817 = FACE_BOUND('',#9818,.T.);
#9818 = EDGE_LOOP('',(#9819,#9820,#9828,#9835));
#9819 = ORIENTED_EDGE('',*,*,#9730,.T.);
#9820 = ORIENTED_EDGE('',*,*,#9821,.T.);
#9821 = EDGE_CURVE('',#9731,#9822,#9824,.T.);
#9822 = VERTEX_POINT('',#9823);
#9823 = CARTESIAN_POINT('',(-1.545,0.8,0.55));
#9824 = LINE('',#9825,#9826);
#9825 = CARTESIAN_POINT('',(-1.545,-0.8,0.55));
#9826 = VECTOR('',#9827,1.);
#9827 = DIRECTION('',(0.,1.,0.));
#9828 = ORIENTED_EDGE('',*,*,#9829,.F.);
#9829 = EDGE_CURVE('',#9691,#9822,#9830,.T.);
#9830 = CIRCLE('',#9831,5.5E-02);
#9831 = AXIS2_PLACEMENT_3D('',#9832,#9833,#9834);
#9832 = CARTESIAN_POINT('',(-1.545,0.8,0.495));
#9833 = DIRECTION('',(0.,1.,0.));
#9834 = DIRECTION('',(0.,-0.,1.));
#9835 = ORIENTED_EDGE('',*,*,#9698,.F.);
#9836 = CYLINDRICAL_SURFACE('',#9837,5.5E-02);
#9837 = AXIS2_PLACEMENT_3D('',#9838,#9839,#9840);
#9838 = CARTESIAN_POINT('',(-1.545,-0.8,0.495));
#9839 = DIRECTION('',(0.,1.,0.));
#9840 = DIRECTION('',(-1.,0.,0.));
#9841 = ADVANCED_FACE('',(#9842),#9903,.T.);
#9842 = FACE_BOUND('',#9843,.T.);
#9843 = EDGE_LOOP('',(#9844,#9852,#9853,#9854,#9855,#9863,#9872,#9880,
    #9888,#9896));
#9844 = ORIENTED_EDGE('',*,*,#9845,.F.);
#9845 = EDGE_CURVE('',#9797,#9846,#9848,.T.);
#9846 = VERTEX_POINT('',#9847);
#9847 = CARTESIAN_POINT('',(-1.255,0.8,0.));
#9848 = LINE('',#9849,#9850);
#9849 = CARTESIAN_POINT('',(-1.6,0.8,0.));
#9850 = VECTOR('',#9851,1.);
#9851 = DIRECTION('',(1.,0.,0.));
#9852 = ORIENTED_EDGE('',*,*,#9796,.F.);
#9853 = ORIENTED_EDGE('',*,*,#9690,.T.);
#9854 = ORIENTED_EDGE('',*,*,#9829,.T.);
#9855 = ORIENTED_EDGE('',*,*,#9856,.T.);
#9856 = EDGE_CURVE('',#9822,#9857,#9859,.T.);
#9857 = VERTEX_POINT('',#9858);
#9858 = CARTESIAN_POINT('',(-1.255,0.8,0.55));
#9859 = LINE('',#9860,#9861);
#9860 = CARTESIAN_POINT('',(-1.6,0.8,0.55));
#9861 = VECTOR('',#9862,1.);
#9862 = DIRECTION('',(1.,0.,0.));
#9863 = ORIENTED_EDGE('',*,*,#9864,.F.);
#9864 = EDGE_CURVE('',#9865,#9857,#9867,.T.);
#9865 = VERTEX_POINT('',#9866);
#9866 = CARTESIAN_POINT('',(-1.2,0.8,0.495));
#9867 = CIRCLE('',#9868,5.5E-02);
#9868 = AXIS2_PLACEMENT_3D('',#9869,#9870,#9871);
#9869 = CARTESIAN_POINT('',(-1.255,0.8,0.495));
#9870 = DIRECTION('',(0.,-1.,0.));
#9871 = DIRECTION('',(0.,0.,1.));
#9872 = ORIENTED_EDGE('',*,*,#9873,.F.);
#9873 = EDGE_CURVE('',#9874,#9865,#9876,.T.);
#9874 = VERTEX_POINT('',#9875);
#9875 = CARTESIAN_POINT('',(-1.545,0.8,0.495));
#9876 = LINE('',#9877,#9878);
#9877 = CARTESIAN_POINT('',(-1.545,0.8,0.495));
#9878 = VECTOR('',#9879,1.);
#9879 = DIRECTION('',(1.,0.,0.));
#9880 = ORIENTED_EDGE('',*,*,#9881,.F.);
#9881 = EDGE_CURVE('',#9882,#9874,#9884,.T.);
#9882 = VERTEX_POINT('',#9883);
#9883 = CARTESIAN_POINT('',(-1.545,0.8,5.5E-02));
#9884 = LINE('',#9885,#9886);
#9885 = CARTESIAN_POINT('',(-1.545,0.8,5.5E-02));
#9886 = VECTOR('',#9887,1.);
#9887 = DIRECTION('',(0.,0.,1.));
#9888 = ORIENTED_EDGE('',*,*,#9889,.T.);
#9889 = EDGE_CURVE('',#9882,#9890,#9892,.T.);
#9890 = VERTEX_POINT('',#9891);
#9891 = CARTESIAN_POINT('',(-1.2,0.8,5.5E-02));
#9892 = LINE('',#9893,#9894);
#9893 = CARTESIAN_POINT('',(-1.545,0.8,5.5E-02));
#9894 = VECTOR('',#9895,1.);
#9895 = DIRECTION('',(1.,0.,0.));
#9896 = ORIENTED_EDGE('',*,*,#9897,.T.);
#9897 = EDGE_CURVE('',#9890,#9846,#9898,.T.);
#9898 = CIRCLE('',#9899,5.5E-02);
#9899 = AXIS2_PLACEMENT_3D('',#9900,#9901,#9902);
#9900 = CARTESIAN_POINT('',(-1.255,0.8,5.5E-02));
#9901 = DIRECTION('',(0.,1.,0.));
#9902 = DIRECTION('',(0.,-0.,1.));
#9903 = PLANE('',#9904);
#9904 = AXIS2_PLACEMENT_3D('',#9905,#9906,#9907);
#9905 = CARTESIAN_POINT('',(-1.6,0.8,0.));
#9906 = DIRECTION('',(0.,1.,0.));
#9907 = DIRECTION('',(0.,-0.,1.));
#9908 = ADVANCED_FACE('',(#9909),#9920,.F.);
#9909 = FACE_BOUND('',#9910,.F.);
#9910 = EDGE_LOOP('',(#9911,#9912,#9913,#9914));
#9911 = ORIENTED_EDGE('',*,*,#9845,.F.);
#9912 = ORIENTED_EDGE('',*,*,#9805,.F.);
#9913 = ORIENTED_EDGE('',*,*,#9712,.T.);
#9914 = ORIENTED_EDGE('',*,*,#9915,.T.);
#9915 = EDGE_CURVE('',#9715,#9846,#9916,.T.);
#9916 = LINE('',#9917,#9918);
#9917 = CARTESIAN_POINT('',(-1.255,-0.8,0.));
#9918 = VECTOR('',#9919,1.);
#9919 = DIRECTION('',(0.,1.,0.));
#9920 = PLANE('',#9921);
#9921 = AXIS2_PLACEMENT_3D('',#9922,#9923,#9924);
#9922 = CARTESIAN_POINT('',(-1.6,-0.8,0.));
#9923 = DIRECTION('',(0.,0.,1.));
#9924 = DIRECTION('',(1.,0.,-0.));
#9925 = ADVANCED_FACE('',(#9926),#9937,.T.);
#9926 = FACE_BOUND('',#9927,.T.);
#9927 = EDGE_LOOP('',(#9928,#9929,#9930,#9931));
#9928 = ORIENTED_EDGE('',*,*,#9780,.T.);
#9929 = ORIENTED_EDGE('',*,*,#9915,.T.);
#9930 = ORIENTED_EDGE('',*,*,#9897,.F.);
#9931 = ORIENTED_EDGE('',*,*,#9932,.F.);
#9932 = EDGE_CURVE('',#9773,#9890,#9933,.T.);
#9933 = LINE('',#9934,#9935);
#9934 = CARTESIAN_POINT('',(-1.2,-0.8,5.5E-02));
#9935 = VECTOR('',#9936,1.);
#9936 = DIRECTION('',(0.,1.,0.));
#9937 = CYLINDRICAL_SURFACE('',#9938,5.5E-02);
#9938 = AXIS2_PLACEMENT_3D('',#9939,#9940,#9941);
#9939 = CARTESIAN_POINT('',(-1.255,-0.8,5.5E-02));
#9940 = DIRECTION('',(0.,1.,0.));
#9941 = DIRECTION('',(1.,0.,0.));
#9942 = ADVANCED_FACE('',(#9943),#9986,.F.);
#9943 = FACE_BOUND('',#9944,.F.);
#9944 = EDGE_LOOP('',(#9945,#9946,#9947,#9948,#9956,#9964,#9972,#9980));
#9945 = ORIENTED_EDGE('',*,*,#9772,.F.);
#9946 = ORIENTED_EDGE('',*,*,#9764,.T.);
#9947 = ORIENTED_EDGE('',*,*,#9756,.T.);
#9948 = ORIENTED_EDGE('',*,*,#9949,.T.);
#9949 = EDGE_CURVE('',#9748,#9950,#9952,.T.);
#9950 = VERTEX_POINT('',#9951);
#9951 = CARTESIAN_POINT('',(1.2,-0.8,0.495));
#9952 = LINE('',#9953,#9954);
#9953 = CARTESIAN_POINT('',(-1.2,-0.8,0.495));
#9954 = VECTOR('',#9955,1.);
#9955 = DIRECTION('',(1.,0.,0.));
#9956 = ORIENTED_EDGE('',*,*,#9957,.T.);
#9957 = EDGE_CURVE('',#9950,#9958,#9960,.T.);
#9958 = VERTEX_POINT('',#9959);
#9959 = CARTESIAN_POINT('',(1.545,-0.8,0.495));
#9960 = LINE('',#9961,#9962);
#9961 = CARTESIAN_POINT('',(-1.545,-0.8,0.495));
#9962 = VECTOR('',#9963,1.);
#9963 = DIRECTION('',(1.,0.,0.));
#9964 = ORIENTED_EDGE('',*,*,#9965,.F.);
#9965 = EDGE_CURVE('',#9966,#9958,#9968,.T.);
#9966 = VERTEX_POINT('',#9967);
#9967 = CARTESIAN_POINT('',(1.545,-0.8,5.5E-02));
#9968 = LINE('',#9969,#9970);
#9969 = CARTESIAN_POINT('',(1.545,-0.8,5.5E-02));
#9970 = VECTOR('',#9971,1.);
#9971 = DIRECTION('',(0.,0.,1.));
#9972 = ORIENTED_EDGE('',*,*,#9973,.F.);
#9973 = EDGE_CURVE('',#9974,#9966,#9976,.T.);
#9974 = VERTEX_POINT('',#9975);
#9975 = CARTESIAN_POINT('',(1.2,-0.8,5.5E-02));
#9976 = LINE('',#9977,#9978);
#9977 = CARTESIAN_POINT('',(-1.545,-0.8,5.5E-02));
#9978 = VECTOR('',#9979,1.);
#9979 = DIRECTION('',(1.,0.,0.));
#9980 = ORIENTED_EDGE('',*,*,#9981,.F.);
#9981 = EDGE_CURVE('',#9773,#9974,#9982,.T.);
#9982 = LINE('',#9983,#9984);
#9983 = CARTESIAN_POINT('',(-1.545,-0.8,5.5E-02));
#9984 = VECTOR('',#9985,1.);
#9985 = DIRECTION('',(1.,0.,0.));
#9986 = PLANE('',#9987);
#9987 = AXIS2_PLACEMENT_3D('',#9988,#9989,#9990);
#9988 = CARTESIAN_POINT('',(-1.545,-0.8,5.5E-02));
#9989 = DIRECTION('',(0.,1.,0.));
#9990 = DIRECTION('',(0.,-0.,1.));
#9991 = ADVANCED_FACE('',(#9992),#10003,.T.);
#9992 = FACE_BOUND('',#9993,.T.);
#9993 = EDGE_LOOP('',(#9994,#9995,#9996,#9997));
#9994 = ORIENTED_EDGE('',*,*,#9856,.F.);
#9995 = ORIENTED_EDGE('',*,*,#9821,.F.);
#9996 = ORIENTED_EDGE('',*,*,#9739,.T.);
#9997 = ORIENTED_EDGE('',*,*,#9998,.T.);
#9998 = EDGE_CURVE('',#9740,#9857,#9999,.T.);
#9999 = LINE('',#10000,#10001);
#10000 = CARTESIAN_POINT('',(-1.255,-0.8,0.55));
#10001 = VECTOR('',#10002,1.);
#10002 = DIRECTION('',(0.,1.,0.));
#10003 = PLANE('',#10004);
#10004 = AXIS2_PLACEMENT_3D('',#10005,#10006,#10007);
#10005 = CARTESIAN_POINT('',(-1.6,-0.8,0.55));
#10006 = DIRECTION('',(0.,0.,1.));
#10007 = DIRECTION('',(1.,0.,-0.));
#10008 = ADVANCED_FACE('',(#10009),#10020,.T.);
#10009 = FACE_BOUND('',#10010,.T.);
#10010 = EDGE_LOOP('',(#10011,#10017,#10018,#10019));
#10011 = ORIENTED_EDGE('',*,*,#10012,.T.);
#10012 = EDGE_CURVE('',#9748,#9865,#10013,.T.);
#10013 = LINE('',#10014,#10015);
#10014 = CARTESIAN_POINT('',(-1.2,-0.8,0.495));
#10015 = VECTOR('',#10016,1.);
#10016 = DIRECTION('',(0.,1.,0.));
#10017 = ORIENTED_EDGE('',*,*,#9864,.T.);
#10018 = ORIENTED_EDGE('',*,*,#9998,.F.);
#10019 = ORIENTED_EDGE('',*,*,#9747,.F.);
#10020 = CYLINDRICAL_SURFACE('',#10021,5.5E-02);
#10021 = AXIS2_PLACEMENT_3D('',#10022,#10023,#10024);
#10022 = CARTESIAN_POINT('',(-1.255,-0.8,0.495));
#10023 = DIRECTION('',(0.,1.,0.));
#10024 = DIRECTION('',(1.,0.,0.));
#10025 = ADVANCED_FACE('',(#10026),#10069,.T.);
#10026 = FACE_BOUND('',#10027,.T.);
#10027 = EDGE_LOOP('',(#10028,#10029,#10030,#10031,#10039,#10047,#10055,
    #10063));
#10028 = ORIENTED_EDGE('',*,*,#9889,.F.);
#10029 = ORIENTED_EDGE('',*,*,#9881,.T.);
#10030 = ORIENTED_EDGE('',*,*,#9873,.T.);
#10031 = ORIENTED_EDGE('',*,*,#10032,.T.);
#10032 = EDGE_CURVE('',#9865,#10033,#10035,.T.);
#10033 = VERTEX_POINT('',#10034);
#10034 = CARTESIAN_POINT('',(1.2,0.8,0.495));
#10035 = LINE('',#10036,#10037);
#10036 = CARTESIAN_POINT('',(-1.2,0.8,0.495));
#10037 = VECTOR('',#10038,1.);
#10038 = DIRECTION('',(1.,0.,0.));
#10039 = ORIENTED_EDGE('',*,*,#10040,.T.);
#10040 = EDGE_CURVE('',#10033,#10041,#10043,.T.);
#10041 = VERTEX_POINT('',#10042);
#10042 = CARTESIAN_POINT('',(1.545,0.8,0.495));
#10043 = LINE('',#10044,#10045);
#10044 = CARTESIAN_POINT('',(-1.545,0.8,0.495));
#10045 = VECTOR('',#10046,1.);
#10046 = DIRECTION('',(1.,0.,0.));
#10047 = ORIENTED_EDGE('',*,*,#10048,.F.);
#10048 = EDGE_CURVE('',#10049,#10041,#10051,.T.);
#10049 = VERTEX_POINT('',#10050);
#10050 = CARTESIAN_POINT('',(1.545,0.8,5.5E-02));
#10051 = LINE('',#10052,#10053);
#10052 = CARTESIAN_POINT('',(1.545,0.8,5.5E-02));
#10053 = VECTOR('',#10054,1.);
#10054 = DIRECTION('',(0.,0.,1.));
#10055 = ORIENTED_EDGE('',*,*,#10056,.F.);
#10056 = EDGE_CURVE('',#10057,#10049,#10059,.T.);
#10057 = VERTEX_POINT('',#10058);
#10058 = CARTESIAN_POINT('',(1.2,0.8,5.5E-02));
#10059 = LINE('',#10060,#10061);
#10060 = CARTESIAN_POINT('',(-1.545,0.8,5.5E-02));
#10061 = VECTOR('',#10062,1.);
#10062 = DIRECTION('',(1.,0.,0.));
#10063 = ORIENTED_EDGE('',*,*,#10064,.F.);
#10064 = EDGE_CURVE('',#9890,#10057,#10065,.T.);
#10065 = LINE('',#10066,#10067);
#10066 = CARTESIAN_POINT('',(-1.545,0.8,5.5E-02));
#10067 = VECTOR('',#10068,1.);
#10068 = DIRECTION('',(1.,0.,0.));
#10069 = PLANE('',#10070);
#10070 = AXIS2_PLACEMENT_3D('',#10071,#10072,#10073);
#10071 = CARTESIAN_POINT('',(-1.545,0.8,5.5E-02));
#10072 = DIRECTION('',(0.,1.,0.));
#10073 = DIRECTION('',(0.,-0.,1.));
#10074 = ADVANCED_FACE('',(#10075),#10086,.F.);
#10075 = FACE_BOUND('',#10076,.F.);
#10076 = EDGE_LOOP('',(#10077,#10078,#10079,#10085));
#10077 = ORIENTED_EDGE('',*,*,#9932,.F.);
#10078 = ORIENTED_EDGE('',*,*,#9981,.T.);
#10079 = ORIENTED_EDGE('',*,*,#10080,.T.);
#10080 = EDGE_CURVE('',#9974,#10057,#10081,.T.);
#10081 = LINE('',#10082,#10083);
#10082 = CARTESIAN_POINT('',(1.2,-0.8,5.5E-02));
#10083 = VECTOR('',#10084,1.);
#10084 = DIRECTION('',(0.,1.,0.));
#10085 = ORIENTED_EDGE('',*,*,#10064,.F.);
#10086 = PLANE('',#10087);
#10087 = AXIS2_PLACEMENT_3D('',#10088,#10089,#10090);
#10088 = CARTESIAN_POINT('',(-1.545,-0.8,5.5E-02));
#10089 = DIRECTION('',(0.,0.,1.));
#10090 = DIRECTION('',(1.,0.,-0.));
#10091 = ADVANCED_FACE('',(#10092),#10155,.F.);
#10092 = FACE_BOUND('',#10093,.F.);
#10093 = EDGE_LOOP('',(#10094,#10104,#10111,#10112,#10113,#10114,#10123,
    #10131,#10140,#10148));
#10094 = ORIENTED_EDGE('',*,*,#10095,.F.);
#10095 = EDGE_CURVE('',#10096,#10098,#10100,.T.);
#10096 = VERTEX_POINT('',#10097);
#10097 = CARTESIAN_POINT('',(1.255,-0.8,0.));
#10098 = VERTEX_POINT('',#10099);
#10099 = CARTESIAN_POINT('',(1.545,-0.8,0.));
#10100 = LINE('',#10101,#10102);
#10101 = CARTESIAN_POINT('',(1.2,-0.8,0.));
#10102 = VECTOR('',#10103,1.);
#10103 = DIRECTION('',(1.,0.,0.));
#10104 = ORIENTED_EDGE('',*,*,#10105,.F.);
#10105 = EDGE_CURVE('',#9974,#10096,#10106,.T.);
#10106 = CIRCLE('',#10107,5.5E-02);
#10107 = AXIS2_PLACEMENT_3D('',#10108,#10109,#10110);
#10108 = CARTESIAN_POINT('',(1.255,-0.8,5.5E-02));
#10109 = DIRECTION('',(0.,-1.,0.));
#10110 = DIRECTION('',(0.,0.,1.));
#10111 = ORIENTED_EDGE('',*,*,#9973,.T.);
#10112 = ORIENTED_EDGE('',*,*,#9965,.T.);
#10113 = ORIENTED_EDGE('',*,*,#9957,.F.);
#10114 = ORIENTED_EDGE('',*,*,#10115,.T.);
#10115 = EDGE_CURVE('',#9950,#10116,#10118,.T.);
#10116 = VERTEX_POINT('',#10117);
#10117 = CARTESIAN_POINT('',(1.255,-0.8,0.55));
#10118 = CIRCLE('',#10119,5.5E-02);
#10119 = AXIS2_PLACEMENT_3D('',#10120,#10121,#10122);
#10120 = CARTESIAN_POINT('',(1.255,-0.8,0.495));
#10121 = DIRECTION('',(0.,1.,0.));
#10122 = DIRECTION('',(0.,-0.,1.));
#10123 = ORIENTED_EDGE('',*,*,#10124,.T.);
#10124 = EDGE_CURVE('',#10116,#10125,#10127,.T.);
#10125 = VERTEX_POINT('',#10126);
#10126 = CARTESIAN_POINT('',(1.545,-0.8,0.55));
#10127 = LINE('',#10128,#10129);
#10128 = CARTESIAN_POINT('',(1.2,-0.8,0.55));
#10129 = VECTOR('',#10130,1.);
#10130 = DIRECTION('',(1.,0.,0.));
#10131 = ORIENTED_EDGE('',*,*,#10132,.F.);
#10132 = EDGE_CURVE('',#10133,#10125,#10135,.T.);
#10133 = VERTEX_POINT('',#10134);
#10134 = CARTESIAN_POINT('',(1.6,-0.8,0.495));
#10135 = CIRCLE('',#10136,5.5E-02);
#10136 = AXIS2_PLACEMENT_3D('',#10137,#10138,#10139);
#10137 = CARTESIAN_POINT('',(1.545,-0.8,0.495));
#10138 = DIRECTION('',(0.,-1.,0.));
#10139 = DIRECTION('',(0.,0.,1.));
#10140 = ORIENTED_EDGE('',*,*,#10141,.F.);
#10141 = EDGE_CURVE('',#10142,#10133,#10144,.T.);
#10142 = VERTEX_POINT('',#10143);
#10143 = CARTESIAN_POINT('',(1.6,-0.8,5.5E-02));
#10144 = LINE('',#10145,#10146);
#10145 = CARTESIAN_POINT('',(1.6,-0.8,0.));
#10146 = VECTOR('',#10147,1.);
#10147 = DIRECTION('',(0.,0.,1.));
#10148 = ORIENTED_EDGE('',*,*,#10149,.T.);
#10149 = EDGE_CURVE('',#10142,#10098,#10150,.T.);
#10150 = CIRCLE('',#10151,5.5E-02);
#10151 = AXIS2_PLACEMENT_3D('',#10152,#10153,#10154);
#10152 = CARTESIAN_POINT('',(1.545,-0.8,5.5E-02));
#10153 = DIRECTION('',(0.,1.,0.));
#10154 = DIRECTION('',(0.,-0.,1.));
#10155 = PLANE('',#10156);
#10156 = AXIS2_PLACEMENT_3D('',#10157,#10158,#10159);
#10157 = CARTESIAN_POINT('',(1.2,-0.8,0.));
#10158 = DIRECTION('',(0.,1.,0.));
#10159 = DIRECTION('',(0.,-0.,1.));
#10160 = ADVANCED_FACE('',(#10161),#10186,.F.);
#10161 = FACE_BOUND('',#10162,.F.);
#10162 = EDGE_LOOP('',(#10163,#10164,#10172,#10180));
#10163 = ORIENTED_EDGE('',*,*,#9949,.F.);
#10164 = ORIENTED_EDGE('',*,*,#10165,.T.);
#10165 = EDGE_CURVE('',#9748,#10166,#10168,.T.);
#10166 = VERTEX_POINT('',#10167);
#10167 = CARTESIAN_POINT('',(-1.2,-0.8,0.55));
#10168 = LINE('',#10169,#10170);
#10169 = CARTESIAN_POINT('',(-1.2,-0.8,0.495));
#10170 = VECTOR('',#10171,1.);
#10171 = DIRECTION('',(0.,0.,1.));
#10172 = ORIENTED_EDGE('',*,*,#10173,.T.);
#10173 = EDGE_CURVE('',#10166,#10174,#10176,.T.);
#10174 = VERTEX_POINT('',#10175);
#10175 = CARTESIAN_POINT('',(1.2,-0.8,0.55));
#10176 = LINE('',#10177,#10178);
#10177 = CARTESIAN_POINT('',(-1.2,-0.8,0.55));
#10178 = VECTOR('',#10179,1.);
#10179 = DIRECTION('',(1.,0.,0.));
#10180 = ORIENTED_EDGE('',*,*,#10181,.F.);
#10181 = EDGE_CURVE('',#9950,#10174,#10182,.T.);
#10182 = LINE('',#10183,#10184);
#10183 = CARTESIAN_POINT('',(1.2,-0.8,0.495));
#10184 = VECTOR('',#10185,1.);
#10185 = DIRECTION('',(0.,0.,1.));
#10186 = PLANE('',#10187);
#10187 = AXIS2_PLACEMENT_3D('',#10188,#10189,#10190);
#10188 = CARTESIAN_POINT('',(-1.2,-0.8,0.495));
#10189 = DIRECTION('',(0.,1.,0.));
#10190 = DIRECTION('',(0.,-0.,1.));
#10191 = ADVANCED_FACE('',(#10192),#10210,.F.);
#10192 = FACE_BOUND('',#10193,.F.);
#10193 = EDGE_LOOP('',(#10194,#10195,#10196,#10204));
#10194 = ORIENTED_EDGE('',*,*,#10165,.F.);
#10195 = ORIENTED_EDGE('',*,*,#10012,.T.);
#10196 = ORIENTED_EDGE('',*,*,#10197,.T.);
#10197 = EDGE_CURVE('',#9865,#10198,#10200,.T.);
#10198 = VERTEX_POINT('',#10199);
#10199 = CARTESIAN_POINT('',(-1.2,0.8,0.55));
#10200 = LINE('',#10201,#10202);
#10201 = CARTESIAN_POINT('',(-1.2,0.8,0.495));
#10202 = VECTOR('',#10203,1.);
#10203 = DIRECTION('',(0.,0.,1.));
#10204 = ORIENTED_EDGE('',*,*,#10205,.F.);
#10205 = EDGE_CURVE('',#10166,#10198,#10206,.T.);
#10206 = LINE('',#10207,#10208);
#10207 = CARTESIAN_POINT('',(-1.2,-0.8,0.55));
#10208 = VECTOR('',#10209,1.);
#10209 = DIRECTION('',(0.,1.,0.));
#10210 = PLANE('',#10211);
#10211 = AXIS2_PLACEMENT_3D('',#10212,#10213,#10214);
#10212 = CARTESIAN_POINT('',(-1.2,-0.8,0.495));
#10213 = DIRECTION('',(1.,0.,0.));
#10214 = DIRECTION('',(0.,0.,1.));
#10215 = ADVANCED_FACE('',(#10216),#10279,.T.);
#10216 = FACE_BOUND('',#10217,.T.);
#10217 = EDGE_LOOP('',(#10218,#10228,#10235,#10236,#10237,#10238,#10247,
    #10255,#10264,#10272));
#10218 = ORIENTED_EDGE('',*,*,#10219,.F.);
#10219 = EDGE_CURVE('',#10220,#10222,#10224,.T.);
#10220 = VERTEX_POINT('',#10221);
#10221 = CARTESIAN_POINT('',(1.255,0.8,0.));
#10222 = VERTEX_POINT('',#10223);
#10223 = CARTESIAN_POINT('',(1.545,0.8,0.));
#10224 = LINE('',#10225,#10226);
#10225 = CARTESIAN_POINT('',(1.2,0.8,0.));
#10226 = VECTOR('',#10227,1.);
#10227 = DIRECTION('',(1.,0.,0.));
#10228 = ORIENTED_EDGE('',*,*,#10229,.F.);
#10229 = EDGE_CURVE('',#10057,#10220,#10230,.T.);
#10230 = CIRCLE('',#10231,5.5E-02);
#10231 = AXIS2_PLACEMENT_3D('',#10232,#10233,#10234);
#10232 = CARTESIAN_POINT('',(1.255,0.8,5.5E-02));
#10233 = DIRECTION('',(0.,-1.,0.));
#10234 = DIRECTION('',(0.,0.,1.));
#10235 = ORIENTED_EDGE('',*,*,#10056,.T.);
#10236 = ORIENTED_EDGE('',*,*,#10048,.T.);
#10237 = ORIENTED_EDGE('',*,*,#10040,.F.);
#10238 = ORIENTED_EDGE('',*,*,#10239,.T.);
#10239 = EDGE_CURVE('',#10033,#10240,#10242,.T.);
#10240 = VERTEX_POINT('',#10241);
#10241 = CARTESIAN_POINT('',(1.255,0.8,0.55));
#10242 = CIRCLE('',#10243,5.5E-02);
#10243 = AXIS2_PLACEMENT_3D('',#10244,#10245,#10246);
#10244 = CARTESIAN_POINT('',(1.255,0.8,0.495));
#10245 = DIRECTION('',(0.,1.,0.));
#10246 = DIRECTION('',(0.,-0.,1.));
#10247 = ORIENTED_EDGE('',*,*,#10248,.T.);
#10248 = EDGE_CURVE('',#10240,#10249,#10251,.T.);
#10249 = VERTEX_POINT('',#10250);
#10250 = CARTESIAN_POINT('',(1.545,0.8,0.55));
#10251 = LINE('',#10252,#10253);
#10252 = CARTESIAN_POINT('',(1.2,0.8,0.55));
#10253 = VECTOR('',#10254,1.);
#10254 = DIRECTION('',(1.,0.,0.));
#10255 = ORIENTED_EDGE('',*,*,#10256,.F.);
#10256 = EDGE_CURVE('',#10257,#10249,#10259,.T.);
#10257 = VERTEX_POINT('',#10258);
#10258 = CARTESIAN_POINT('',(1.6,0.8,0.495));
#10259 = CIRCLE('',#10260,5.5E-02);
#10260 = AXIS2_PLACEMENT_3D('',#10261,#10262,#10263);
#10261 = CARTESIAN_POINT('',(1.545,0.8,0.495));
#10262 = DIRECTION('',(0.,-1.,0.));
#10263 = DIRECTION('',(0.,0.,1.));
#10264 = ORIENTED_EDGE('',*,*,#10265,.F.);
#10265 = EDGE_CURVE('',#10266,#10257,#10268,.T.);
#10266 = VERTEX_POINT('',#10267);
#10267 = CARTESIAN_POINT('',(1.6,0.8,5.5E-02));
#10268 = LINE('',#10269,#10270);
#10269 = CARTESIAN_POINT('',(1.6,0.8,0.));
#10270 = VECTOR('',#10271,1.);
#10271 = DIRECTION('',(0.,0.,1.));
#10272 = ORIENTED_EDGE('',*,*,#10273,.T.);
#10273 = EDGE_CURVE('',#10266,#10222,#10274,.T.);
#10274 = CIRCLE('',#10275,5.5E-02);
#10275 = AXIS2_PLACEMENT_3D('',#10276,#10277,#10278);
#10276 = CARTESIAN_POINT('',(1.545,0.8,5.5E-02));
#10277 = DIRECTION('',(0.,1.,0.));
#10278 = DIRECTION('',(0.,-0.,1.));
#10279 = PLANE('',#10280);
#10280 = AXIS2_PLACEMENT_3D('',#10281,#10282,#10283);
#10281 = CARTESIAN_POINT('',(1.2,0.8,0.));
#10282 = DIRECTION('',(0.,1.,0.));
#10283 = DIRECTION('',(0.,-0.,1.));
#10284 = ADVANCED_FACE('',(#10285),#10303,.T.);
#10285 = FACE_BOUND('',#10286,.T.);
#10286 = EDGE_LOOP('',(#10287,#10288,#10289,#10297));
#10287 = ORIENTED_EDGE('',*,*,#10032,.F.);
#10288 = ORIENTED_EDGE('',*,*,#10197,.T.);
#10289 = ORIENTED_EDGE('',*,*,#10290,.T.);
#10290 = EDGE_CURVE('',#10198,#10291,#10293,.T.);
#10291 = VERTEX_POINT('',#10292);
#10292 = CARTESIAN_POINT('',(1.2,0.8,0.55));
#10293 = LINE('',#10294,#10295);
#10294 = CARTESIAN_POINT('',(-1.2,0.8,0.55));
#10295 = VECTOR('',#10296,1.);
#10296 = DIRECTION('',(1.,0.,0.));
#10297 = ORIENTED_EDGE('',*,*,#10298,.F.);
#10298 = EDGE_CURVE('',#10033,#10291,#10299,.T.);
#10299 = LINE('',#10300,#10301);
#10300 = CARTESIAN_POINT('',(1.2,0.8,0.495));
#10301 = VECTOR('',#10302,1.);
#10302 = DIRECTION('',(0.,0.,1.));
#10303 = PLANE('',#10304);
#10304 = AXIS2_PLACEMENT_3D('',#10305,#10306,#10307);
#10305 = CARTESIAN_POINT('',(-1.2,0.8,0.495));
#10306 = DIRECTION('',(0.,1.,0.));
#10307 = DIRECTION('',(0.,-0.,1.));
#10308 = ADVANCED_FACE('',(#10309),#10320,.T.);
#10309 = FACE_BOUND('',#10310,.T.);
#10310 = EDGE_LOOP('',(#10311,#10312,#10313,#10319));
#10311 = ORIENTED_EDGE('',*,*,#10080,.T.);
#10312 = ORIENTED_EDGE('',*,*,#10229,.T.);
#10313 = ORIENTED_EDGE('',*,*,#10314,.F.);
#10314 = EDGE_CURVE('',#10096,#10220,#10315,.T.);
#10315 = LINE('',#10316,#10317);
#10316 = CARTESIAN_POINT('',(1.255,-0.8,0.));
#10317 = VECTOR('',#10318,1.);
#10318 = DIRECTION('',(0.,1.,0.));
#10319 = ORIENTED_EDGE('',*,*,#10105,.F.);
#10320 = CYLINDRICAL_SURFACE('',#10321,5.5E-02);
#10321 = AXIS2_PLACEMENT_3D('',#10322,#10323,#10324);
#10322 = CARTESIAN_POINT('',(1.255,-0.8,5.5E-02));
#10323 = DIRECTION('',(0.,1.,0.));
#10324 = DIRECTION('',(-1.,0.,0.));
#10325 = ADVANCED_FACE('',(#10326),#10337,.F.);
#10326 = FACE_BOUND('',#10327,.F.);
#10327 = EDGE_LOOP('',(#10328,#10329,#10330,#10331));
#10328 = ORIENTED_EDGE('',*,*,#10219,.F.);
#10329 = ORIENTED_EDGE('',*,*,#10314,.F.);
#10330 = ORIENTED_EDGE('',*,*,#10095,.T.);
#10331 = ORIENTED_EDGE('',*,*,#10332,.T.);
#10332 = EDGE_CURVE('',#10098,#10222,#10333,.T.);
#10333 = LINE('',#10334,#10335);
#10334 = CARTESIAN_POINT('',(1.545,-0.8,0.));
#10335 = VECTOR('',#10336,1.);
#10336 = DIRECTION('',(0.,1.,0.));
#10337 = PLANE('',#10338);
#10338 = AXIS2_PLACEMENT_3D('',#10339,#10340,#10341);
#10339 = CARTESIAN_POINT('',(1.2,-0.8,0.));
#10340 = DIRECTION('',(0.,0.,1.));
#10341 = DIRECTION('',(1.,0.,-0.));
#10342 = ADVANCED_FACE('',(#10343),#10354,.T.);
#10343 = FACE_BOUND('',#10344,.T.);
#10344 = EDGE_LOOP('',(#10345,#10346,#10347,#10348));
#10345 = ORIENTED_EDGE('',*,*,#10149,.T.);
#10346 = ORIENTED_EDGE('',*,*,#10332,.T.);
#10347 = ORIENTED_EDGE('',*,*,#10273,.F.);
#10348 = ORIENTED_EDGE('',*,*,#10349,.F.);
#10349 = EDGE_CURVE('',#10142,#10266,#10350,.T.);
#10350 = LINE('',#10351,#10352);
#10351 = CARTESIAN_POINT('',(1.6,-0.8,5.5E-02));
#10352 = VECTOR('',#10353,1.);
#10353 = DIRECTION('',(0.,1.,0.));
#10354 = CYLINDRICAL_SURFACE('',#10355,5.5E-02);
#10355 = AXIS2_PLACEMENT_3D('',#10356,#10357,#10358);
#10356 = CARTESIAN_POINT('',(1.545,-0.8,5.5E-02));
#10357 = DIRECTION('',(0.,1.,0.));
#10358 = DIRECTION('',(1.,0.,0.));
#10359 = ADVANCED_FACE('',(#10360),#10371,.T.);
#10360 = FACE_BOUND('',#10361,.T.);
#10361 = EDGE_LOOP('',(#10362,#10363,#10364,#10365));
#10362 = ORIENTED_EDGE('',*,*,#10141,.F.);
#10363 = ORIENTED_EDGE('',*,*,#10349,.T.);
#10364 = ORIENTED_EDGE('',*,*,#10265,.T.);
#10365 = ORIENTED_EDGE('',*,*,#10366,.F.);
#10366 = EDGE_CURVE('',#10133,#10257,#10367,.T.);
#10367 = LINE('',#10368,#10369);
#10368 = CARTESIAN_POINT('',(1.6,-0.8,0.495));
#10369 = VECTOR('',#10370,1.);
#10370 = DIRECTION('',(0.,1.,0.));
#10371 = PLANE('',#10372);
#10372 = AXIS2_PLACEMENT_3D('',#10373,#10374,#10375);
#10373 = CARTESIAN_POINT('',(1.6,-0.8,0.));
#10374 = DIRECTION('',(1.,0.,0.));
#10375 = DIRECTION('',(0.,0.,1.));
#10376 = ADVANCED_FACE('',(#10377),#10388,.T.);
#10377 = FACE_BOUND('',#10378,.T.);
#10378 = EDGE_LOOP('',(#10379,#10380,#10381,#10387));
#10379 = ORIENTED_EDGE('',*,*,#10366,.T.);
#10380 = ORIENTED_EDGE('',*,*,#10256,.T.);
#10381 = ORIENTED_EDGE('',*,*,#10382,.F.);
#10382 = EDGE_CURVE('',#10125,#10249,#10383,.T.);
#10383 = LINE('',#10384,#10385);
#10384 = CARTESIAN_POINT('',(1.545,-0.8,0.55));
#10385 = VECTOR('',#10386,1.);
#10386 = DIRECTION('',(0.,1.,0.));
#10387 = ORIENTED_EDGE('',*,*,#10132,.F.);
#10388 = CYLINDRICAL_SURFACE('',#10389,5.5E-02);
#10389 = AXIS2_PLACEMENT_3D('',#10390,#10391,#10392);
#10390 = CARTESIAN_POINT('',(1.545,-0.8,0.495));
#10391 = DIRECTION('',(0.,1.,0.));
#10392 = DIRECTION('',(1.,0.,0.));
#10393 = ADVANCED_FACE('',(#10394),#10405,.T.);
#10394 = FACE_BOUND('',#10395,.T.);
#10395 = EDGE_LOOP('',(#10396,#10397,#10403,#10404));
#10396 = ORIENTED_EDGE('',*,*,#10248,.F.);
#10397 = ORIENTED_EDGE('',*,*,#10398,.F.);
#10398 = EDGE_CURVE('',#10116,#10240,#10399,.T.);
#10399 = LINE('',#10400,#10401);
#10400 = CARTESIAN_POINT('',(1.255,-0.8,0.55));
#10401 = VECTOR('',#10402,1.);
#10402 = DIRECTION('',(0.,1.,0.));
#10403 = ORIENTED_EDGE('',*,*,#10124,.T.);
#10404 = ORIENTED_EDGE('',*,*,#10382,.T.);
#10405 = PLANE('',#10406);
#10406 = AXIS2_PLACEMENT_3D('',#10407,#10408,#10409);
#10407 = CARTESIAN_POINT('',(1.2,-0.8,0.55));
#10408 = DIRECTION('',(0.,0.,1.));
#10409 = DIRECTION('',(1.,0.,-0.));
#10410 = ADVANCED_FACE('',(#10411),#10422,.T.);
#10411 = FACE_BOUND('',#10412,.T.);
#10412 = EDGE_LOOP('',(#10413,#10414,#10415,#10416));
#10413 = ORIENTED_EDGE('',*,*,#10115,.T.);
#10414 = ORIENTED_EDGE('',*,*,#10398,.T.);
#10415 = ORIENTED_EDGE('',*,*,#10239,.F.);
#10416 = ORIENTED_EDGE('',*,*,#10417,.F.);
#10417 = EDGE_CURVE('',#9950,#10033,#10418,.T.);
#10418 = LINE('',#10419,#10420);
#10419 = CARTESIAN_POINT('',(1.2,-0.8,0.495));
#10420 = VECTOR('',#10421,1.);
#10421 = DIRECTION('',(0.,1.,0.));
#10422 = CYLINDRICAL_SURFACE('',#10423,5.5E-02);
#10423 = AXIS2_PLACEMENT_3D('',#10424,#10425,#10426);
#10424 = CARTESIAN_POINT('',(1.255,-0.8,0.495));
#10425 = DIRECTION('',(0.,1.,0.));
#10426 = DIRECTION('',(-1.,0.,0.));
#10427 = ADVANCED_FACE('',(#10428),#10439,.T.);
#10428 = FACE_BOUND('',#10429,.T.);
#10429 = EDGE_LOOP('',(#10430,#10431,#10432,#10433));
#10430 = ORIENTED_EDGE('',*,*,#10181,.F.);
#10431 = ORIENTED_EDGE('',*,*,#10417,.T.);
#10432 = ORIENTED_EDGE('',*,*,#10298,.T.);
#10433 = ORIENTED_EDGE('',*,*,#10434,.F.);
#10434 = EDGE_CURVE('',#10174,#10291,#10435,.T.);
#10435 = LINE('',#10436,#10437);
#10436 = CARTESIAN_POINT('',(1.2,-0.8,0.55));
#10437 = VECTOR('',#10438,1.);
#10438 = DIRECTION('',(0.,1.,0.));
#10439 = PLANE('',#10440);
#10440 = AXIS2_PLACEMENT_3D('',#10441,#10442,#10443);
#10441 = CARTESIAN_POINT('',(1.2,-0.8,0.495));
#10442 = DIRECTION('',(1.,0.,0.));
#10443 = DIRECTION('',(0.,0.,1.));
#10444 = ADVANCED_FACE('',(#10445),#10451,.T.);
#10445 = FACE_BOUND('',#10446,.T.);
#10446 = EDGE_LOOP('',(#10447,#10448,#10449,#10450));
#10447 = ORIENTED_EDGE('',*,*,#10205,.F.);
#10448 = ORIENTED_EDGE('',*,*,#10173,.T.);
#10449 = ORIENTED_EDGE('',*,*,#10434,.T.);
#10450 = ORIENTED_EDGE('',*,*,#10290,.F.);
#10451 = PLANE('',#10452);
#10452 = AXIS2_PLACEMENT_3D('',#10453,#10454,#10455);
#10453 = CARTESIAN_POINT('',(-1.2,-0.8,0.55));
#10454 = DIRECTION('',(0.,0.,1.));
#10455 = DIRECTION('',(1.,0.,-0.));
#10456 = ( GEOMETRIC_REPRESENTATION_CONTEXT(3) 
GLOBAL_UNCERTAINTY_ASSIGNED_CONTEXT((#10460)) 
GLOBAL_UNIT_ASSIGNED_CONTEXT((#10457,#10458,#10459)) 
REPRESENTATION_CONTEXT('Context #1',
  '3D Context with UNIT and UNCERTAINTY') );
#10457 = ( LENGTH_UNIT() NAMED_UNIT(*) SI_UNIT(.MILLI.,.METRE.) );
#10458 = ( NAMED_UNIT(*) PLANE_ANGLE_UNIT() SI_UNIT($,.RADIAN.) );
#10459 = ( NAMED_UNIT(*) SI_UNIT($,.STERADIAN.) SOLID_ANGLE_UNIT() );
#10460 = UNCERTAINTY_MEASURE_WITH_UNIT(LENGTH_MEASURE(1.E-07),#10457,
  'distance_accuracy_value','confusion accuracy');
#10461 = CONTEXT_DEPENDENT_SHAPE_REPRESENTATION(#10462,#10464);
#10462 = ( REPRESENTATION_RELATIONSHIP('','',#9665,#10) 
REPRESENTATION_RELATIONSHIP_WITH_TRANSFORMATION(#10463) 
SHAPE_REPRESENTATION_RELATIONSHIP() );
#10463 = ITEM_DEFINED_TRANSFORMATION('','',#11,#35);
#10464 = PRODUCT_DEFINITION_SHAPE('Placement','Placement of an item',
  #10465);
#10465 = NEXT_ASSEMBLY_USAGE_OCCURRENCE('6','R3','',#5,#9660,$);
#10466 = PRODUCT_RELATED_PRODUCT_CATEGORY('part',$,(#9662));
#10467 = CONTEXT_DEPENDENT_SHAPE_REPRESENTATION(#10468,#10470);
#10468 = ( REPRESENTATION_RELATIONSHIP('','',#8851,#10) 
REPRESENTATION_RELATIONSHIP_WITH_TRANSFORMATION(#10469) 
SHAPE_REPRESENTATION_RELATIONSHIP() );
#10469 = ITEM_DEFINED_TRANSFORMATION('','',#11,#39);
#10470 = PRODUCT_DEFINITION_SHAPE('Placement','Placement of an item',
  #10471);
#10471 = NEXT_ASSEMBLY_USAGE_OCCURRENCE('7','R5','',#5,#8846,$);
#10472 = CONTEXT_DEPENDENT_SHAPE_REPRESENTATION(#10473,#10475);
#10473 = ( REPRESENTATION_RELATIONSHIP('','',#8851,#10) 
REPRESENTATION_RELATIONSHIP_WITH_TRANSFORMATION(#10474) 
SHAPE_REPRESENTATION_RELATIONSHIP() );
#10474 = ITEM_DEFINED_TRANSFORMATION('','',#11,#43);
#10475 = PRODUCT_DEFINITION_SHAPE('Placement','Placement of an item',
  #10476);
#10476 = NEXT_ASSEMBLY_USAGE_OCCURRENCE('8','R4','',#5,#8846,$);
#10477 = SHAPE_DEFINITION_REPRESENTATION(#10478,#10484);
#10478 = PRODUCT_DEFINITION_SHAPE('','',#10479);
#10479 = PRODUCT_DEFINITION('design','',#10480,#10483);
#10480 = PRODUCT_DEFINITION_FORMATION('','',#10481);
#10481 = PRODUCT('D_SOD-123F','D_SOD-123F','',(#10482));
#10482 = PRODUCT_CONTEXT('',#2,'mechanical');
#10483 = PRODUCT_DEFINITION_CONTEXT('part definition',#2,'design');
#10484 = ADVANCED_BREP_SHAPE_REPRESENTATION('',(#11,#10485),#11197);
#10485 = MANIFOLD_SOLID_BREP('',#10486);
#10486 = CLOSED_SHELL('',(#10487,#10527,#10560,#10584,#10610,#10627,
    #10657,#10695,#10718,#10767,#10790,#10813,#10871,#10894,#10910,
    #10936,#10967,#10993,#11012,#11043,#11067,#11091,#11108,#11132,
    #11156,#11173,#11185));
#10487 = ADVANCED_FACE('',(#10488),#10522,.T.);
#10488 = FACE_BOUND('',#10489,.T.);
#10489 = EDGE_LOOP('',(#10490,#10500,#10508,#10516));
#10490 = ORIENTED_EDGE('',*,*,#10491,.F.);
#10491 = EDGE_CURVE('',#10492,#10494,#10496,.T.);
#10492 = VERTEX_POINT('',#10493);
#10493 = CARTESIAN_POINT('',(1.75,-0.325,0.));
#10494 = VERTEX_POINT('',#10495);
#10495 = CARTESIAN_POINT('',(1.75,-0.325,0.2));
#10496 = LINE('',#10497,#10498);
#10497 = CARTESIAN_POINT('',(1.75,-0.325,0.));
#10498 = VECTOR('',#10499,1.);
#10499 = DIRECTION('',(0.,0.,1.));
#10500 = ORIENTED_EDGE('',*,*,#10501,.T.);
#10501 = EDGE_CURVE('',#10492,#10502,#10504,.T.);
#10502 = VERTEX_POINT('',#10503);
#10503 = CARTESIAN_POINT('',(1.75,0.325,0.));
#10504 = LINE('',#10505,#10506);
#10505 = CARTESIAN_POINT('',(1.75,-0.325,0.));
#10506 = VECTOR('',#10507,1.);
#10507 = DIRECTION('',(3.330669073875E-16,1.,0.));
#10508 = ORIENTED_EDGE('',*,*,#10509,.T.);
#10509 = EDGE_CURVE('',#10502,#10510,#10512,.T.);
#10510 = VERTEX_POINT('',#10511);
#10511 = CARTESIAN_POINT('',(1.75,0.325,0.2));
#10512 = LINE('',#10513,#10514);
#10513 = CARTESIAN_POINT('',(1.75,0.325,0.));
#10514 = VECTOR('',#10515,1.);
#10515 = DIRECTION('',(0.,0.,1.));
#10516 = ORIENTED_EDGE('',*,*,#10517,.F.);
#10517 = EDGE_CURVE('',#10494,#10510,#10518,.T.);
#10518 = LINE('',#10519,#10520);
#10519 = CARTESIAN_POINT('',(1.75,-0.325,0.2));
#10520 = VECTOR('',#10521,1.);
#10521 = DIRECTION('',(3.330669073875E-16,1.,0.));
#10522 = PLANE('',#10523);
#10523 = AXIS2_PLACEMENT_3D('',#10524,#10525,#10526);
#10524 = CARTESIAN_POINT('',(1.75,-0.325,0.));
#10525 = DIRECTION('',(1.,-3.330669073875E-16,0.));
#10526 = DIRECTION('',(0.,0.,1.));
#10527 = ADVANCED_FACE('',(#10528),#10555,.F.);
#10528 = FACE_BOUND('',#10529,.F.);
#10529 = EDGE_LOOP('',(#10530,#10538,#10548,#10554));
#10530 = ORIENTED_EDGE('',*,*,#10531,.F.);
#10531 = EDGE_CURVE('',#10532,#10492,#10534,.T.);
#10532 = VERTEX_POINT('',#10533);
#10533 = CARTESIAN_POINT('',(1.286014637611,-0.325,0.));
#10534 = LINE('',#10535,#10536);
#10535 = CARTESIAN_POINT('',(1.286014637611,-0.325,0.));
#10536 = VECTOR('',#10537,1.);
#10537 = DIRECTION('',(1.,-3.330669073875E-16,0.));
#10538 = ORIENTED_EDGE('',*,*,#10539,.T.);
#10539 = EDGE_CURVE('',#10532,#10540,#10542,.T.);
#10540 = VERTEX_POINT('',#10541);
#10541 = CARTESIAN_POINT('',(1.3,-0.325,0.2));
#10542 = B_SPLINE_CURVE_WITH_KNOTS('',4,(#10543,#10544,#10545,#10546,
    #10547),.UNSPECIFIED.,.F.,.F.,(5,5),(0.,1.),
  .PIECEWISE_BEZIER_KNOTS.);
#10543 = CARTESIAN_POINT('',(1.286014637611,-0.325,0.));
#10544 = CARTESIAN_POINT('',(1.289510976465,-0.325,4.999997507219E-02));
#10545 = CARTESIAN_POINT('',(1.293007316516,-0.325,9.999996725694E-02));
#10546 = CARTESIAN_POINT('',(1.29650365771,-0.325,0.149999975794));
#10547 = CARTESIAN_POINT('',(1.3,-0.325,0.2));
#10548 = ORIENTED_EDGE('',*,*,#10549,.T.);
#10549 = EDGE_CURVE('',#10540,#10494,#10550,.T.);
#10550 = LINE('',#10551,#10552);
#10551 = CARTESIAN_POINT('',(1.286014637611,-0.325,0.2));
#10552 = VECTOR('',#10553,1.);
#10553 = DIRECTION('',(1.,-3.330669073875E-16,0.));
#10554 = ORIENTED_EDGE('',*,*,#10491,.F.);
#10555 = PLANE('',#10556);
#10556 = AXIS2_PLACEMENT_3D('',#10557,#10558,#10559);
#10557 = CARTESIAN_POINT('',(1.286014637611,-0.325,0.));
#10558 = DIRECTION('',(3.330669073875E-16,1.,0.));
#10559 = DIRECTION('',(0.,-0.,1.));
#10560 = ADVANCED_FACE('',(#10561),#10579,.T.);
#10561 = FACE_BOUND('',#10562,.T.);
#10562 = EDGE_LOOP('',(#10563,#10571,#10572,#10573));
#10563 = ORIENTED_EDGE('',*,*,#10564,.F.);
#10564 = EDGE_CURVE('',#10540,#10565,#10567,.T.);
#10565 = VERTEX_POINT('',#10566);
#10566 = CARTESIAN_POINT('',(1.3,0.325,0.2));
#10567 = LINE('',#10568,#10569);
#10568 = CARTESIAN_POINT('',(1.3,-0.8,0.2));
#10569 = VECTOR('',#10570,1.);
#10570 = DIRECTION('',(0.,1.,0.));
#10571 = ORIENTED_EDGE('',*,*,#10549,.T.);
#10572 = ORIENTED_EDGE('',*,*,#10517,.T.);
#10573 = ORIENTED_EDGE('',*,*,#10574,.F.);
#10574 = EDGE_CURVE('',#10565,#10510,#10575,.T.);
#10575 = LINE('',#10576,#10577);
#10576 = CARTESIAN_POINT('',(1.286014637611,0.325,0.2));
#10577 = VECTOR('',#10578,1.);
#10578 = DIRECTION('',(1.,-3.330669073875E-16,0.));
#10579 = PLANE('',#10580);
#10580 = AXIS2_PLACEMENT_3D('',#10581,#10582,#10583);
#10581 = CARTESIAN_POINT('',(1.286014637611,-0.325,0.2));
#10582 = DIRECTION('',(0.,0.,1.));
#10583 = DIRECTION('',(1.,-3.330669073875E-16,0.));
#10584 = ADVANCED_FACE('',(#10585),#10605,.T.);
#10585 = FACE_BOUND('',#10586,.T.);
#10586 = EDGE_LOOP('',(#10587,#10595,#10603,#10604));
#10587 = ORIENTED_EDGE('',*,*,#10588,.F.);
#10588 = EDGE_CURVE('',#10589,#10502,#10591,.T.);
#10589 = VERTEX_POINT('',#10590);
#10590 = CARTESIAN_POINT('',(1.286014637611,0.325,0.));
#10591 = LINE('',#10592,#10593);
#10592 = CARTESIAN_POINT('',(1.286014637611,0.325,0.));
#10593 = VECTOR('',#10594,1.);
#10594 = DIRECTION('',(1.,-3.330669073875E-16,0.));
#10595 = ORIENTED_EDGE('',*,*,#10596,.T.);
#10596 = EDGE_CURVE('',#10589,#10565,#10597,.T.);
#10597 = B_SPLINE_CURVE_WITH_KNOTS('',4,(#10598,#10599,#10600,#10601,
    #10602),.UNSPECIFIED.,.F.,.F.,(5,5),(0.,1.),
  .PIECEWISE_BEZIER_KNOTS.);
#10598 = CARTESIAN_POINT('',(1.286014637611,0.325,0.));
#10599 = CARTESIAN_POINT('',(1.289510976465,0.325,4.999997507219E-02));
#10600 = CARTESIAN_POINT('',(1.293007316516,0.325,9.999996725694E-02));
#10601 = CARTESIAN_POINT('',(1.29650365771,0.325,0.149999975794));
#10602 = CARTESIAN_POINT('',(1.3,0.325,0.2));
#10603 = ORIENTED_EDGE('',*,*,#10574,.T.);
#10604 = ORIENTED_EDGE('',*,*,#10509,.F.);
#10605 = PLANE('',#10606);
#10606 = AXIS2_PLACEMENT_3D('',#10607,#10608,#10609);
#10607 = CARTESIAN_POINT('',(1.286014637611,0.325,0.));
#10608 = DIRECTION('',(3.330669073875E-16,1.,0.));
#10609 = DIRECTION('',(0.,-0.,1.));
#10610 = ADVANCED_FACE('',(#10611),#10622,.F.);
#10611 = FACE_BOUND('',#10612,.F.);
#10612 = EDGE_LOOP('',(#10613,#10619,#10620,#10621));
#10613 = ORIENTED_EDGE('',*,*,#10614,.F.);
#10614 = EDGE_CURVE('',#10532,#10589,#10615,.T.);
#10615 = LINE('',#10616,#10617);
#10616 = CARTESIAN_POINT('',(1.286014637611,-0.325,0.));
#10617 = VECTOR('',#10618,1.);
#10618 = DIRECTION('',(3.330669073875E-16,1.,0.));
#10619 = ORIENTED_EDGE('',*,*,#10531,.T.);
#10620 = ORIENTED_EDGE('',*,*,#10501,.T.);
#10621 = ORIENTED_EDGE('',*,*,#10588,.F.);
#10622 = PLANE('',#10623);
#10623 = AXIS2_PLACEMENT_3D('',#10624,#10625,#10626);
#10624 = CARTESIAN_POINT('',(1.286014637611,-0.325,0.));
#10625 = DIRECTION('',(0.,0.,1.));
#10626 = DIRECTION('',(1.,-3.330669073875E-16,0.));
#10627 = ADVANCED_FACE('',(#10628),#10652,.T.);
#10628 = FACE_BOUND('',#10629,.T.);
#10629 = EDGE_LOOP('',(#10630,#10639,#10645,#10646));
#10630 = ORIENTED_EDGE('',*,*,#10631,.F.);
#10631 = EDGE_CURVE('',#10632,#10634,#10636,.T.);
#10632 = VERTEX_POINT('',#10633);
#10633 = CARTESIAN_POINT('',(1.286014637611,-0.786014637611,0.));
#10634 = VERTEX_POINT('',#10635);
#10635 = CARTESIAN_POINT('',(1.3,-0.8,0.2));
#10636 = B_SPLINE_CURVE_WITH_KNOTS('',1,(#10637,#10638),.UNSPECIFIED.,
  .F.,.F.,(2,2),(0.,1.),.PIECEWISE_BEZIER_KNOTS.);
#10637 = CARTESIAN_POINT('',(1.286014637611,-0.786014637611,0.));
#10638 = CARTESIAN_POINT('',(1.3,-0.8,0.2));
#10639 = ORIENTED_EDGE('',*,*,#10640,.T.);
#10640 = EDGE_CURVE('',#10632,#10532,#10641,.T.);
#10641 = LINE('',#10642,#10643);
#10642 = CARTESIAN_POINT('',(1.286014637611,-0.786014637611,0.));
#10643 = VECTOR('',#10644,1.);
#10644 = DIRECTION('',(0.,1.,0.));
#10645 = ORIENTED_EDGE('',*,*,#10539,.T.);
#10646 = ORIENTED_EDGE('',*,*,#10647,.F.);
#10647 = EDGE_CURVE('',#10634,#10540,#10648,.T.);
#10648 = LINE('',#10649,#10650);
#10649 = CARTESIAN_POINT('',(1.3,-0.8,0.2));
#10650 = VECTOR('',#10651,1.);
#10651 = DIRECTION('',(0.,1.,0.));
#10652 = B_SPLINE_SURFACE_WITH_KNOTS('',1,1,(
    (#10653,#10654)
    ,(#10655,#10656
    )),.UNSPECIFIED.,.F.,.F.,.F.,(2,2),(2,2),(0.,1.6),(0.,1.),
  .PIECEWISE_BEZIER_KNOTS.);
#10653 = CARTESIAN_POINT('',(1.286014637611,-0.786014637611,0.));
#10654 = CARTESIAN_POINT('',(1.3,-0.8,0.2));
#10655 = CARTESIAN_POINT('',(1.286014637611,0.786014637611,0.));
#10656 = CARTESIAN_POINT('',(1.3,0.8,0.2));
#10657 = ADVANCED_FACE('',(#10658),#10690,.T.);
#10658 = FACE_BOUND('',#10659,.T.);
#10659 = EDGE_LOOP('',(#10660,#10661,#10662,#10670,#10677,#10685));
#10660 = ORIENTED_EDGE('',*,*,#10647,.T.);
#10661 = ORIENTED_EDGE('',*,*,#10564,.T.);
#10662 = ORIENTED_EDGE('',*,*,#10663,.T.);
#10663 = EDGE_CURVE('',#10565,#10664,#10666,.T.);
#10664 = VERTEX_POINT('',#10665);
#10665 = CARTESIAN_POINT('',(1.3,0.8,0.2));
#10666 = LINE('',#10667,#10668);
#10667 = CARTESIAN_POINT('',(1.3,-0.8,0.2));
#10668 = VECTOR('',#10669,1.);
#10669 = DIRECTION('',(0.,1.,0.));
#10670 = ORIENTED_EDGE('',*,*,#10671,.T.);
#10671 = EDGE_CURVE('',#10664,#10672,#10674,.T.);
#10672 = VERTEX_POINT('',#10673);
#10673 = CARTESIAN_POINT('',(1.237065869251,0.737065869251,1.1));
#10674 = B_SPLINE_CURVE_WITH_KNOTS('',1,(#10675,#10676),.UNSPECIFIED.,
  .F.,.F.,(2,2),(0.,1.),.PIECEWISE_BEZIER_KNOTS.);
#10675 = CARTESIAN_POINT('',(1.3,0.8,0.2));
#10676 = CARTESIAN_POINT('',(1.237065869251,0.737065869251,1.1));
#10677 = ORIENTED_EDGE('',*,*,#10678,.F.);
#10678 = EDGE_CURVE('',#10679,#10672,#10681,.T.);
#10679 = VERTEX_POINT('',#10680);
#10680 = CARTESIAN_POINT('',(1.237065869251,-0.737065869251,1.1));
#10681 = LINE('',#10682,#10683);
#10682 = CARTESIAN_POINT('',(1.237065869251,-0.737065869251,1.1));
#10683 = VECTOR('',#10684,1.);
#10684 = DIRECTION('',(0.,1.,0.));
#10685 = ORIENTED_EDGE('',*,*,#10686,.F.);
#10686 = EDGE_CURVE('',#10634,#10679,#10687,.T.);
#10687 = B_SPLINE_CURVE_WITH_KNOTS('',1,(#10688,#10689),.UNSPECIFIED.,
  .F.,.F.,(2,2),(0.,1.),.PIECEWISE_BEZIER_KNOTS.);
#10688 = CARTESIAN_POINT('',(1.3,-0.8,0.2));
#10689 = CARTESIAN_POINT('',(1.237065869251,-0.737065869251,1.1));
#10690 = B_SPLINE_SURFACE_WITH_KNOTS('',1,1,(
    (#10691,#10692)
    ,(#10693,#10694
    )),.UNSPECIFIED.,.F.,.F.,.F.,(2,2),(2,2),(0.,1.6),(0.,1.),
  .PIECEWISE_BEZIER_KNOTS.);
#10691 = CARTESIAN_POINT('',(1.3,-0.8,0.2));
#10692 = CARTESIAN_POINT('',(1.237065869251,-0.737065869251,1.1));
#10693 = CARTESIAN_POINT('',(1.3,0.8,0.2));
#10694 = CARTESIAN_POINT('',(1.237065869251,0.737065869251,1.1));
#10695 = ADVANCED_FACE('',(#10696),#10713,.T.);
#10696 = FACE_BOUND('',#10697,.T.);
#10697 = EDGE_LOOP('',(#10698,#10699,#10707,#10712));
#10698 = ORIENTED_EDGE('',*,*,#10596,.F.);
#10699 = ORIENTED_EDGE('',*,*,#10700,.T.);
#10700 = EDGE_CURVE('',#10589,#10701,#10703,.T.);
#10701 = VERTEX_POINT('',#10702);
#10702 = CARTESIAN_POINT('',(1.286014637611,0.786014637611,0.));
#10703 = LINE('',#10704,#10705);
#10704 = CARTESIAN_POINT('',(1.286014637611,-0.786014637611,0.));
#10705 = VECTOR('',#10706,1.);
#10706 = DIRECTION('',(0.,1.,0.));
#10707 = ORIENTED_EDGE('',*,*,#10708,.T.);
#10708 = EDGE_CURVE('',#10701,#10664,#10709,.T.);
#10709 = B_SPLINE_CURVE_WITH_KNOTS('',1,(#10710,#10711),.UNSPECIFIED.,
  .F.,.F.,(2,2),(0.,1.),.PIECEWISE_BEZIER_KNOTS.);
#10710 = CARTESIAN_POINT('',(1.286014637611,0.786014637611,0.));
#10711 = CARTESIAN_POINT('',(1.3,0.8,0.2));
#10712 = ORIENTED_EDGE('',*,*,#10663,.F.);
#10713 = B_SPLINE_SURFACE_WITH_KNOTS('',1,1,(
    (#10714,#10715)
    ,(#10716,#10717
    )),.UNSPECIFIED.,.F.,.F.,.F.,(2,2),(2,2),(0.,1.6),(0.,1.),
  .PIECEWISE_BEZIER_KNOTS.);
#10714 = CARTESIAN_POINT('',(1.286014637611,-0.786014637611,0.));
#10715 = CARTESIAN_POINT('',(1.3,-0.8,0.2));
#10716 = CARTESIAN_POINT('',(1.286014637611,0.786014637611,0.));
#10717 = CARTESIAN_POINT('',(1.3,0.8,0.2));
#10718 = ADVANCED_FACE('',(#10719),#10762,.T.);
#10719 = FACE_BOUND('',#10720,.T.);
#10720 = EDGE_LOOP('',(#10721,#10729,#10737,#10745,#10753,#10759,#10760,
    #10761));
#10721 = ORIENTED_EDGE('',*,*,#10722,.F.);
#10722 = EDGE_CURVE('',#10723,#10632,#10725,.T.);
#10723 = VERTEX_POINT('',#10724);
#10724 = CARTESIAN_POINT('',(-1.286014637611,-0.786014637611,0.));
#10725 = LINE('',#10726,#10727);
#10726 = CARTESIAN_POINT('',(-1.286014637611,-0.786014637611,0.));
#10727 = VECTOR('',#10728,1.);
#10728 = DIRECTION('',(1.,0.,0.));
#10729 = ORIENTED_EDGE('',*,*,#10730,.F.);
#10730 = EDGE_CURVE('',#10731,#10723,#10733,.T.);
#10731 = VERTEX_POINT('',#10732);
#10732 = CARTESIAN_POINT('',(-1.286014637611,-0.325,0.));
#10733 = LINE('',#10734,#10735);
#10734 = CARTESIAN_POINT('',(-1.286014637611,0.786014637611,0.));
#10735 = VECTOR('',#10736,1.);
#10736 = DIRECTION('',(0.,-1.,0.));
#10737 = ORIENTED_EDGE('',*,*,#10738,.F.);
#10738 = EDGE_CURVE('',#10739,#10731,#10741,.T.);
#10739 = VERTEX_POINT('',#10740);
#10740 = CARTESIAN_POINT('',(-1.286014637611,0.325,0.));
#10741 = LINE('',#10742,#10743);
#10742 = CARTESIAN_POINT('',(-1.286014637611,0.325,0.));
#10743 = VECTOR('',#10744,1.);
#10744 = DIRECTION('',(-2.22044604925E-16,-1.,0.));
#10745 = ORIENTED_EDGE('',*,*,#10746,.F.);
#10746 = EDGE_CURVE('',#10747,#10739,#10749,.T.);
#10747 = VERTEX_POINT('',#10748);
#10748 = CARTESIAN_POINT('',(-1.286014637611,0.786014637611,0.));
#10749 = LINE('',#10750,#10751);
#10750 = CARTESIAN_POINT('',(-1.286014637611,0.786014637611,0.));
#10751 = VECTOR('',#10752,1.);
#10752 = DIRECTION('',(0.,-1.,0.));
#10753 = ORIENTED_EDGE('',*,*,#10754,.F.);
#10754 = EDGE_CURVE('',#10701,#10747,#10755,.T.);
#10755 = LINE('',#10756,#10757);
#10756 = CARTESIAN_POINT('',(1.286014637611,0.786014637611,0.));
#10757 = VECTOR('',#10758,1.);
#10758 = DIRECTION('',(-1.,0.,0.));
#10759 = ORIENTED_EDGE('',*,*,#10700,.F.);
#10760 = ORIENTED_EDGE('',*,*,#10614,.F.);
#10761 = ORIENTED_EDGE('',*,*,#10640,.F.);
#10762 = PLANE('',#10763);
#10763 = AXIS2_PLACEMENT_3D('',#10764,#10765,#10766);
#10764 = CARTESIAN_POINT('',(-1.286014637611,-0.786014637611,0.));
#10765 = DIRECTION('',(0.,0.,-1.));
#10766 = DIRECTION('',(0.85324734997,0.521506433104,0.));
#10767 = ADVANCED_FACE('',(#10768),#10785,.T.);
#10768 = FACE_BOUND('',#10769,.T.);
#10769 = EDGE_LOOP('',(#10770,#10771,#10772,#10780));
#10770 = ORIENTED_EDGE('',*,*,#10722,.T.);
#10771 = ORIENTED_EDGE('',*,*,#10631,.T.);
#10772 = ORIENTED_EDGE('',*,*,#10773,.F.);
#10773 = EDGE_CURVE('',#10774,#10634,#10776,.T.);
#10774 = VERTEX_POINT('',#10775);
#10775 = CARTESIAN_POINT('',(-1.3,-0.8,0.2));
#10776 = LINE('',#10777,#10778);
#10777 = CARTESIAN_POINT('',(-1.3,-0.8,0.2));
#10778 = VECTOR('',#10779,1.);
#10779 = DIRECTION('',(1.,0.,0.));
#10780 = ORIENTED_EDGE('',*,*,#10781,.F.);
#10781 = EDGE_CURVE('',#10723,#10774,#10782,.T.);
#10782 = B_SPLINE_CURVE_WITH_KNOTS('',1,(#10783,#10784),.UNSPECIFIED.,
  .F.,.F.,(2,2),(0.,1.),.PIECEWISE_BEZIER_KNOTS.);
#10783 = CARTESIAN_POINT('',(-1.286014637611,-0.786014637611,0.));
#10784 = CARTESIAN_POINT('',(-1.3,-0.8,0.2));
#10785 = B_SPLINE_SURFACE_WITH_KNOTS('',1,1,(
    (#10786,#10787)
    ,(#10788,#10789
    )),.UNSPECIFIED.,.F.,.F.,.F.,(2,2),(2,2),(0.,2.6),(0.,1.),
  .PIECEWISE_BEZIER_KNOTS.);
#10786 = CARTESIAN_POINT('',(-1.286014637611,-0.786014637611,0.));
#10787 = CARTESIAN_POINT('',(-1.3,-0.8,0.2));
#10788 = CARTESIAN_POINT('',(1.286014637611,-0.786014637611,0.));
#10789 = CARTESIAN_POINT('',(1.3,-0.8,0.2));
#10790 = ADVANCED_FACE('',(#10791),#10808,.T.);
#10791 = FACE_BOUND('',#10792,.T.);
#10792 = EDGE_LOOP('',(#10793,#10794,#10795,#10803));
#10793 = ORIENTED_EDGE('',*,*,#10773,.T.);
#10794 = ORIENTED_EDGE('',*,*,#10686,.T.);
#10795 = ORIENTED_EDGE('',*,*,#10796,.F.);
#10796 = EDGE_CURVE('',#10797,#10679,#10799,.T.);
#10797 = VERTEX_POINT('',#10798);
#10798 = CARTESIAN_POINT('',(-1.237065869251,-0.737065869251,1.1));
#10799 = LINE('',#10800,#10801);
#10800 = CARTESIAN_POINT('',(-1.237065869251,-0.737065869251,1.1));
#10801 = VECTOR('',#10802,1.);
#10802 = DIRECTION('',(1.,0.,0.));
#10803 = ORIENTED_EDGE('',*,*,#10804,.F.);
#10804 = EDGE_CURVE('',#10774,#10797,#10805,.T.);
#10805 = B_SPLINE_CURVE_WITH_KNOTS('',1,(#10806,#10807),.UNSPECIFIED.,
  .F.,.F.,(2,2),(0.,1.),.PIECEWISE_BEZIER_KNOTS.);
#10806 = CARTESIAN_POINT('',(-1.3,-0.8,0.2));
#10807 = CARTESIAN_POINT('',(-1.237065869251,-0.737065869251,1.1));
#10808 = B_SPLINE_SURFACE_WITH_KNOTS('',1,1,(
    (#10809,#10810)
    ,(#10811,#10812
    )),.UNSPECIFIED.,.F.,.F.,.F.,(2,2),(2,2),(0.,2.6),(0.,1.),
  .PIECEWISE_BEZIER_KNOTS.);
#10809 = CARTESIAN_POINT('',(-1.3,-0.8,0.2));
#10810 = CARTESIAN_POINT('',(-1.237065869251,-0.737065869251,1.1));
#10811 = CARTESIAN_POINT('',(1.3,-0.8,0.2));
#10812 = CARTESIAN_POINT('',(1.237065869251,-0.737065869251,1.1));
#10813 = ADVANCED_FACE('',(#10814,#10832),#10866,.F.);
#10814 = FACE_BOUND('',#10815,.F.);
#10815 = EDGE_LOOP('',(#10816,#10817,#10825,#10831));
#10816 = ORIENTED_EDGE('',*,*,#10796,.F.);
#10817 = ORIENTED_EDGE('',*,*,#10818,.F.);
#10818 = EDGE_CURVE('',#10819,#10797,#10821,.T.);
#10819 = VERTEX_POINT('',#10820);
#10820 = CARTESIAN_POINT('',(-1.237065869251,0.737065869251,1.1));
#10821 = LINE('',#10822,#10823);
#10822 = CARTESIAN_POINT('',(-1.237065869251,0.737065869251,1.1));
#10823 = VECTOR('',#10824,1.);
#10824 = DIRECTION('',(0.,-1.,0.));
#10825 = ORIENTED_EDGE('',*,*,#10826,.F.);
#10826 = EDGE_CURVE('',#10672,#10819,#10827,.T.);
#10827 = LINE('',#10828,#10829);
#10828 = CARTESIAN_POINT('',(1.237065869251,0.737065869251,1.1));
#10829 = VECTOR('',#10830,1.);
#10830 = DIRECTION('',(-1.,0.,0.));
#10831 = ORIENTED_EDGE('',*,*,#10678,.F.);
#10832 = FACE_BOUND('',#10833,.F.);
#10833 = EDGE_LOOP('',(#10834,#10844,#10852,#10860));
#10834 = ORIENTED_EDGE('',*,*,#10835,.F.);
#10835 = EDGE_CURVE('',#10836,#10838,#10840,.T.);
#10836 = VERTEX_POINT('',#10837);
#10837 = CARTESIAN_POINT('',(-0.787065869251,0.687065869251,1.1));
#10838 = VERTEX_POINT('',#10839);
#10839 = CARTESIAN_POINT('',(-0.787065869251,-0.687065869251,1.1));
#10840 = LINE('',#10841,#10842);
#10841 = CARTESIAN_POINT('',(-0.787065869251,-0.712065869251,1.1));
#10842 = VECTOR('',#10843,1.);
#10843 = DIRECTION('',(0.,-1.,0.));
#10844 = ORIENTED_EDGE('',*,*,#10845,.F.);
#10845 = EDGE_CURVE('',#10846,#10836,#10848,.T.);
#10846 = VERTEX_POINT('',#10847);
#10847 = CARTESIAN_POINT('',(-1.187065869251,0.687065869251,1.1));
#10848 = LINE('',#10849,#10850);
#10849 = CARTESIAN_POINT('',(-1.212065869251,0.687065869251,1.1));
#10850 = VECTOR('',#10851,1.);
#10851 = DIRECTION('',(1.,0.,0.));
#10852 = ORIENTED_EDGE('',*,*,#10853,.T.);
#10853 = EDGE_CURVE('',#10846,#10854,#10856,.T.);
#10854 = VERTEX_POINT('',#10855);
#10855 = CARTESIAN_POINT('',(-1.187065869251,-0.687065869251,1.1));
#10856 = LINE('',#10857,#10858);
#10857 = CARTESIAN_POINT('',(-1.187065869251,-0.712065869251,1.1));
#10858 = VECTOR('',#10859,1.);
#10859 = DIRECTION('',(0.,-1.,0.));
#10860 = ORIENTED_EDGE('',*,*,#10861,.T.);
#10861 = EDGE_CURVE('',#10854,#10838,#10862,.T.);
#10862 = LINE('',#10863,#10864);
#10863 = CARTESIAN_POINT('',(-1.212065869251,-0.687065869251,1.1));
#10864 = VECTOR('',#10865,1.);
#10865 = DIRECTION('',(1.,0.,0.));
#10866 = PLANE('',#10867);
#10867 = AXIS2_PLACEMENT_3D('',#10868,#10869,#10870);
#10868 = CARTESIAN_POINT('',(-1.237065869251,-0.737065869251,1.1));
#10869 = DIRECTION('',(0.,0.,-1.));
#10870 = DIRECTION('',(0.859073922076,0.511851537468,0.));
#10871 = ADVANCED_FACE('',(#10872),#10889,.T.);
#10872 = FACE_BOUND('',#10873,.T.);
#10873 = EDGE_LOOP('',(#10874,#10882,#10887,#10888));
#10874 = ORIENTED_EDGE('',*,*,#10875,.T.);
#10875 = EDGE_CURVE('',#10664,#10876,#10878,.T.);
#10876 = VERTEX_POINT('',#10877);
#10877 = CARTESIAN_POINT('',(-1.3,0.8,0.2));
#10878 = LINE('',#10879,#10880);
#10879 = CARTESIAN_POINT('',(1.3,0.8,0.2));
#10880 = VECTOR('',#10881,1.);
#10881 = DIRECTION('',(-1.,0.,0.));
#10882 = ORIENTED_EDGE('',*,*,#10883,.T.);
#10883 = EDGE_CURVE('',#10876,#10819,#10884,.T.);
#10884 = B_SPLINE_CURVE_WITH_KNOTS('',1,(#10885,#10886),.UNSPECIFIED.,
  .F.,.F.,(2,2),(0.,1.),.PIECEWISE_BEZIER_KNOTS.);
#10885 = CARTESIAN_POINT('',(-1.3,0.8,0.2));
#10886 = CARTESIAN_POINT('',(-1.237065869251,0.737065869251,1.1));
#10887 = ORIENTED_EDGE('',*,*,#10826,.F.);
#10888 = ORIENTED_EDGE('',*,*,#10671,.F.);
#10889 = B_SPLINE_SURFACE_WITH_KNOTS('',1,1,(
    (#10890,#10891)
    ,(#10892,#10893
    )),.UNSPECIFIED.,.F.,.F.,.F.,(2,2),(2,2),(0.,2.6),(0.,1.),
  .PIECEWISE_BEZIER_KNOTS.);
#10890 = CARTESIAN_POINT('',(1.3,0.8,0.2));
#10891 = CARTESIAN_POINT('',(1.237065869251,0.737065869251,1.1));
#10892 = CARTESIAN_POINT('',(-1.3,0.8,0.2));
#10893 = CARTESIAN_POINT('',(-1.237065869251,0.737065869251,1.1));
#10894 = ADVANCED_FACE('',(#10895),#10905,.T.);
#10895 = FACE_BOUND('',#10896,.T.);
#10896 = EDGE_LOOP('',(#10897,#10898,#10903,#10904));
#10897 = ORIENTED_EDGE('',*,*,#10754,.T.);
#10898 = ORIENTED_EDGE('',*,*,#10899,.T.);
#10899 = EDGE_CURVE('',#10747,#10876,#10900,.T.);
#10900 = B_SPLINE_CURVE_WITH_KNOTS('',1,(#10901,#10902),.UNSPECIFIED.,
  .F.,.F.,(2,2),(0.,1.),.PIECEWISE_BEZIER_KNOTS.);
#10901 = CARTESIAN_POINT('',(-1.286014637611,0.786014637611,0.));
#10902 = CARTESIAN_POINT('',(-1.3,0.8,0.2));
#10903 = ORIENTED_EDGE('',*,*,#10875,.F.);
#10904 = ORIENTED_EDGE('',*,*,#10708,.F.);
#10905 = B_SPLINE_SURFACE_WITH_KNOTS('',1,1,(
    (#10906,#10907)
    ,(#10908,#10909
    )),.UNSPECIFIED.,.F.,.F.,.F.,(2,2),(2,2),(0.,2.6),(0.,1.),
  .PIECEWISE_BEZIER_KNOTS.);
#10906 = CARTESIAN_POINT('',(1.286014637611,0.786014637611,0.));
#10907 = CARTESIAN_POINT('',(1.3,0.8,0.2));
#10908 = CARTESIAN_POINT('',(-1.286014637611,0.786014637611,0.));
#10909 = CARTESIAN_POINT('',(-1.3,0.8,0.2));
#10910 = ADVANCED_FACE('',(#10911),#10931,.T.);
#10911 = FACE_BOUND('',#10912,.T.);
#10912 = EDGE_LOOP('',(#10913,#10923,#10924,#10925));
#10913 = ORIENTED_EDGE('',*,*,#10914,.F.);
#10914 = EDGE_CURVE('',#10731,#10915,#10917,.T.);
#10915 = VERTEX_POINT('',#10916);
#10916 = CARTESIAN_POINT('',(-1.3,-0.325,0.2));
#10917 = B_SPLINE_CURVE_WITH_KNOTS('',4,(#10918,#10919,#10920,#10921,
    #10922),.UNSPECIFIED.,.F.,.F.,(5,5),(0.,1.),
  .PIECEWISE_BEZIER_KNOTS.);
#10918 = CARTESIAN_POINT('',(-1.286014637611,-0.325,0.));
#10919 = CARTESIAN_POINT('',(-1.289510976465,-0.325,4.999997507219E-02)
  );
#10920 = CARTESIAN_POINT('',(-1.293007316516,-0.325,9.999996725694E-02)
  );
#10921 = CARTESIAN_POINT('',(-1.29650365771,-0.325,0.149999975794));
#10922 = CARTESIAN_POINT('',(-1.3,-0.325,0.2));
#10923 = ORIENTED_EDGE('',*,*,#10730,.T.);
#10924 = ORIENTED_EDGE('',*,*,#10781,.T.);
#10925 = ORIENTED_EDGE('',*,*,#10926,.F.);
#10926 = EDGE_CURVE('',#10915,#10774,#10927,.T.);
#10927 = LINE('',#10928,#10929);
#10928 = CARTESIAN_POINT('',(-1.3,0.8,0.2));
#10929 = VECTOR('',#10930,1.);
#10930 = DIRECTION('',(0.,-1.,0.));
#10931 = B_SPLINE_SURFACE_WITH_KNOTS('',1,1,(
    (#10932,#10933)
    ,(#10934,#10935
    )),.UNSPECIFIED.,.F.,.F.,.F.,(2,2),(2,2),(0.,1.6),(0.,1.),
  .PIECEWISE_BEZIER_KNOTS.);
#10932 = CARTESIAN_POINT('',(-1.286014637611,0.786014637611,0.));
#10933 = CARTESIAN_POINT('',(-1.3,0.8,0.2));
#10934 = CARTESIAN_POINT('',(-1.286014637611,-0.786014637611,0.));
#10935 = CARTESIAN_POINT('',(-1.3,-0.8,0.2));
#10936 = ADVANCED_FACE('',(#10937),#10962,.F.);
#10937 = FACE_BOUND('',#10938,.F.);
#10938 = EDGE_LOOP('',(#10939,#10940,#10948,#10956));
#10939 = ORIENTED_EDGE('',*,*,#10738,.F.);
#10940 = ORIENTED_EDGE('',*,*,#10941,.T.);
#10941 = EDGE_CURVE('',#10739,#10942,#10944,.T.);
#10942 = VERTEX_POINT('',#10943);
#10943 = CARTESIAN_POINT('',(-1.75,0.325,0.));
#10944 = LINE('',#10945,#10946);
#10945 = CARTESIAN_POINT('',(-1.286014637611,0.325,0.));
#10946 = VECTOR('',#10947,1.);
#10947 = DIRECTION('',(-1.,2.22044604925E-16,0.));
#10948 = ORIENTED_EDGE('',*,*,#10949,.T.);
#10949 = EDGE_CURVE('',#10942,#10950,#10952,.T.);
#10950 = VERTEX_POINT('',#10951);
#10951 = CARTESIAN_POINT('',(-1.75,-0.325,0.));
#10952 = LINE('',#10953,#10954);
#10953 = CARTESIAN_POINT('',(-1.75,0.325,0.));
#10954 = VECTOR('',#10955,1.);
#10955 = DIRECTION('',(-2.22044604925E-16,-1.,0.));
#10956 = ORIENTED_EDGE('',*,*,#10957,.F.);
#10957 = EDGE_CURVE('',#10731,#10950,#10958,.T.);
#10958 = LINE('',#10959,#10960);
#10959 = CARTESIAN_POINT('',(-1.286014637611,-0.325,0.));
#10960 = VECTOR('',#10961,1.);
#10961 = DIRECTION('',(-1.,2.22044604925E-16,0.));
#10962 = PLANE('',#10963);
#10963 = AXIS2_PLACEMENT_3D('',#10964,#10965,#10966);
#10964 = CARTESIAN_POINT('',(-1.286014637611,0.325,0.));
#10965 = DIRECTION('',(0.,0.,1.));
#10966 = DIRECTION('',(-1.,2.22044604925E-16,0.));
#10967 = ADVANCED_FACE('',(#10968),#10988,.T.);
#10968 = FACE_BOUND('',#10969,.T.);
#10969 = EDGE_LOOP('',(#10970,#10971,#10972,#10982));
#10970 = ORIENTED_EDGE('',*,*,#10899,.F.);
#10971 = ORIENTED_EDGE('',*,*,#10746,.T.);
#10972 = ORIENTED_EDGE('',*,*,#10973,.T.);
#10973 = EDGE_CURVE('',#10739,#10974,#10976,.T.);
#10974 = VERTEX_POINT('',#10975);
#10975 = CARTESIAN_POINT('',(-1.3,0.325,0.2));
#10976 = B_SPLINE_CURVE_WITH_KNOTS('',4,(#10977,#10978,#10979,#10980,
    #10981),.UNSPECIFIED.,.F.,.F.,(5,5),(0.,1.),
  .PIECEWISE_BEZIER_KNOTS.);
#10977 = CARTESIAN_POINT('',(-1.286014637611,0.325,0.));
#10978 = CARTESIAN_POINT('',(-1.289510976465,0.325,4.999997507219E-02));
#10979 = CARTESIAN_POINT('',(-1.293007316516,0.325,9.999996725694E-02));
#10980 = CARTESIAN_POINT('',(-1.29650365771,0.325,0.149999975794));
#10981 = CARTESIAN_POINT('',(-1.3,0.325,0.2));
#10982 = ORIENTED_EDGE('',*,*,#10983,.F.);
#10983 = EDGE_CURVE('',#10876,#10974,#10984,.T.);
#10984 = LINE('',#10985,#10986);
#10985 = CARTESIAN_POINT('',(-1.3,0.8,0.2));
#10986 = VECTOR('',#10987,1.);
#10987 = DIRECTION('',(0.,-1.,0.));
#10988 = B_SPLINE_SURFACE_WITH_KNOTS('',1,1,(
    (#10989,#10990)
    ,(#10991,#10992
    )),.UNSPECIFIED.,.F.,.F.,.F.,(2,2),(2,2),(0.,1.6),(0.,1.),
  .PIECEWISE_BEZIER_KNOTS.);
#10989 = CARTESIAN_POINT('',(-1.286014637611,0.786014637611,0.));
#10990 = CARTESIAN_POINT('',(-1.3,0.8,0.2));
#10991 = CARTESIAN_POINT('',(-1.286014637611,-0.786014637611,0.));
#10992 = CARTESIAN_POINT('',(-1.3,-0.8,0.2));
#10993 = ADVANCED_FACE('',(#10994),#11007,.T.);
#10994 = FACE_BOUND('',#10995,.T.);
#10995 = EDGE_LOOP('',(#10996,#10997,#11003,#11004,#11005,#11006));
#10996 = ORIENTED_EDGE('',*,*,#10983,.T.);
#10997 = ORIENTED_EDGE('',*,*,#10998,.T.);
#10998 = EDGE_CURVE('',#10974,#10915,#10999,.T.);
#10999 = LINE('',#11000,#11001);
#11000 = CARTESIAN_POINT('',(-1.3,0.8,0.2));
#11001 = VECTOR('',#11002,1.);
#11002 = DIRECTION('',(0.,-1.,0.));
#11003 = ORIENTED_EDGE('',*,*,#10926,.T.);
#11004 = ORIENTED_EDGE('',*,*,#10804,.T.);
#11005 = ORIENTED_EDGE('',*,*,#10818,.F.);
#11006 = ORIENTED_EDGE('',*,*,#10883,.F.);
#11007 = B_SPLINE_SURFACE_WITH_KNOTS('',1,1,(
    (#11008,#11009)
    ,(#11010,#11011
    )),.UNSPECIFIED.,.F.,.F.,.F.,(2,2),(2,2),(0.,1.6),(0.,1.),
  .PIECEWISE_BEZIER_KNOTS.);
#11008 = CARTESIAN_POINT('',(-1.3,0.8,0.2));
#11009 = CARTESIAN_POINT('',(-1.237065869251,0.737065869251,1.1));
#11010 = CARTESIAN_POINT('',(-1.3,-0.8,0.2));
#11011 = CARTESIAN_POINT('',(-1.237065869251,-0.737065869251,1.1));
#11012 = ADVANCED_FACE('',(#11013),#11038,.F.);
#11013 = FACE_BOUND('',#11014,.F.);
#11014 = EDGE_LOOP('',(#11015,#11023,#11031,#11037));
#11015 = ORIENTED_EDGE('',*,*,#11016,.F.);
#11016 = EDGE_CURVE('',#11017,#10838,#11019,.T.);
#11017 = VERTEX_POINT('',#11018);
#11018 = CARTESIAN_POINT('',(-0.787065869251,-0.687065869251,1.09));
#11019 = LINE('',#11020,#11021);
#11020 = CARTESIAN_POINT('',(-0.787065869251,-0.687065869251,1.09));
#11021 = VECTOR('',#11022,1.);
#11022 = DIRECTION('',(0.,0.,1.));
#11023 = ORIENTED_EDGE('',*,*,#11024,.T.);
#11024 = EDGE_CURVE('',#11017,#11025,#11027,.T.);
#11025 = VERTEX_POINT('',#11026);
#11026 = CARTESIAN_POINT('',(-0.787065869251,0.687065869251,1.09));
#11027 = LINE('',#11028,#11029);
#11028 = CARTESIAN_POINT('',(-0.787065869251,-0.687065869251,1.09));
#11029 = VECTOR('',#11030,1.);
#11030 = DIRECTION('',(0.,1.,0.));
#11031 = ORIENTED_EDGE('',*,*,#11032,.T.);
#11032 = EDGE_CURVE('',#11025,#10836,#11033,.T.);
#11033 = LINE('',#11034,#11035);
#11034 = CARTESIAN_POINT('',(-0.787065869251,0.687065869251,1.09));
#11035 = VECTOR('',#11036,1.);
#11036 = DIRECTION('',(0.,0.,1.));
#11037 = ORIENTED_EDGE('',*,*,#10835,.T.);
#11038 = PLANE('',#11039);
#11039 = AXIS2_PLACEMENT_3D('',#11040,#11041,#11042);
#11040 = CARTESIAN_POINT('',(-0.787065869251,-0.687065869251,1.09));
#11041 = DIRECTION('',(1.,0.,0.));
#11042 = DIRECTION('',(0.,0.,1.));
#11043 = ADVANCED_FACE('',(#11044),#11062,.T.);
#11044 = FACE_BOUND('',#11045,.T.);
#11045 = EDGE_LOOP('',(#11046,#11047,#11055,#11061));
#11046 = ORIENTED_EDGE('',*,*,#11016,.F.);
#11047 = ORIENTED_EDGE('',*,*,#11048,.F.);
#11048 = EDGE_CURVE('',#11049,#11017,#11051,.T.);
#11049 = VERTEX_POINT('',#11050);
#11050 = CARTESIAN_POINT('',(-1.187065869251,-0.687065869251,1.09));
#11051 = LINE('',#11052,#11053);
#11052 = CARTESIAN_POINT('',(-1.187065869251,-0.687065869251,1.09));
#11053 = VECTOR('',#11054,1.);
#11054 = DIRECTION('',(1.,0.,0.));
#11055 = ORIENTED_EDGE('',*,*,#11056,.T.);
#11056 = EDGE_CURVE('',#11049,#10854,#11057,.T.);
#11057 = LINE('',#11058,#11059);
#11058 = CARTESIAN_POINT('',(-1.187065869251,-0.687065869251,1.09));
#11059 = VECTOR('',#11060,1.);
#11060 = DIRECTION('',(0.,0.,1.));
#11061 = ORIENTED_EDGE('',*,*,#10861,.T.);
#11062 = PLANE('',#11063);
#11063 = AXIS2_PLACEMENT_3D('',#11064,#11065,#11066);
#11064 = CARTESIAN_POINT('',(-1.187065869251,-0.687065869251,1.09));
#11065 = DIRECTION('',(0.,1.,0.));
#11066 = DIRECTION('',(0.,-0.,1.));
#11067 = ADVANCED_FACE('',(#11068),#11086,.T.);
#11068 = FACE_BOUND('',#11069,.T.);
#11069 = EDGE_LOOP('',(#11070,#11071,#11079,#11085));
#11070 = ORIENTED_EDGE('',*,*,#11056,.F.);
#11071 = ORIENTED_EDGE('',*,*,#11072,.T.);
#11072 = EDGE_CURVE('',#11049,#11073,#11075,.T.);
#11073 = VERTEX_POINT('',#11074);
#11074 = CARTESIAN_POINT('',(-1.187065869251,0.687065869251,1.09));
#11075 = LINE('',#11076,#11077);
#11076 = CARTESIAN_POINT('',(-1.187065869251,-0.687065869251,1.09));
#11077 = VECTOR('',#11078,1.);
#11078 = DIRECTION('',(0.,1.,0.));
#11079 = ORIENTED_EDGE('',*,*,#11080,.T.);
#11080 = EDGE_CURVE('',#11073,#10846,#11081,.T.);
#11081 = LINE('',#11082,#11083);
#11082 = CARTESIAN_POINT('',(-1.187065869251,0.687065869251,1.09));
#11083 = VECTOR('',#11084,1.);
#11084 = DIRECTION('',(0.,0.,1.));
#11085 = ORIENTED_EDGE('',*,*,#10853,.T.);
#11086 = PLANE('',#11087);
#11087 = AXIS2_PLACEMENT_3D('',#11088,#11089,#11090);
#11088 = CARTESIAN_POINT('',(-1.187065869251,-0.687065869251,1.09));
#11089 = DIRECTION('',(1.,0.,0.));
#11090 = DIRECTION('',(0.,0.,1.));
#11091 = ADVANCED_FACE('',(#11092),#11103,.F.);
#11092 = FACE_BOUND('',#11093,.F.);
#11093 = EDGE_LOOP('',(#11094,#11095,#11101,#11102));
#11094 = ORIENTED_EDGE('',*,*,#11032,.F.);
#11095 = ORIENTED_EDGE('',*,*,#11096,.F.);
#11096 = EDGE_CURVE('',#11073,#11025,#11097,.T.);
#11097 = LINE('',#11098,#11099);
#11098 = CARTESIAN_POINT('',(-1.187065869251,0.687065869251,1.09));
#11099 = VECTOR('',#11100,1.);
#11100 = DIRECTION('',(1.,0.,0.));
#11101 = ORIENTED_EDGE('',*,*,#11080,.T.);
#11102 = ORIENTED_EDGE('',*,*,#10845,.T.);
#11103 = PLANE('',#11104);
#11104 = AXIS2_PLACEMENT_3D('',#11105,#11106,#11107);
#11105 = CARTESIAN_POINT('',(-1.187065869251,0.687065869251,1.09));
#11106 = DIRECTION('',(0.,1.,0.));
#11107 = DIRECTION('',(0.,-0.,1.));
#11108 = ADVANCED_FACE('',(#11109),#11127,.T.);
#11109 = FACE_BOUND('',#11110,.T.);
#11110 = EDGE_LOOP('',(#11111,#11112,#11113,#11121));
#11111 = ORIENTED_EDGE('',*,*,#10957,.F.);
#11112 = ORIENTED_EDGE('',*,*,#10914,.T.);
#11113 = ORIENTED_EDGE('',*,*,#11114,.T.);
#11114 = EDGE_CURVE('',#10915,#11115,#11117,.T.);
#11115 = VERTEX_POINT('',#11116);
#11116 = CARTESIAN_POINT('',(-1.75,-0.325,0.2));
#11117 = LINE('',#11118,#11119);
#11118 = CARTESIAN_POINT('',(-1.286014637611,-0.325,0.2));
#11119 = VECTOR('',#11120,1.);
#11120 = DIRECTION('',(-1.,2.22044604925E-16,0.));
#11121 = ORIENTED_EDGE('',*,*,#11122,.F.);
#11122 = EDGE_CURVE('',#10950,#11115,#11123,.T.);
#11123 = LINE('',#11124,#11125);
#11124 = CARTESIAN_POINT('',(-1.75,-0.325,0.));
#11125 = VECTOR('',#11126,1.);
#11126 = DIRECTION('',(0.,0.,1.));
#11127 = PLANE('',#11128);
#11128 = AXIS2_PLACEMENT_3D('',#11129,#11130,#11131);
#11129 = CARTESIAN_POINT('',(-1.286014637611,-0.325,0.));
#11130 = DIRECTION('',(-2.22044604925E-16,-1.,0.));
#11131 = DIRECTION('',(0.,0.,1.));
#11132 = ADVANCED_FACE('',(#11133),#11151,.F.);
#11133 = FACE_BOUND('',#11134,.F.);
#11134 = EDGE_LOOP('',(#11135,#11136,#11137,#11145));
#11135 = ORIENTED_EDGE('',*,*,#10941,.F.);
#11136 = ORIENTED_EDGE('',*,*,#10973,.T.);
#11137 = ORIENTED_EDGE('',*,*,#11138,.T.);
#11138 = EDGE_CURVE('',#10974,#11139,#11141,.T.);
#11139 = VERTEX_POINT('',#11140);
#11140 = CARTESIAN_POINT('',(-1.75,0.325,0.2));
#11141 = LINE('',#11142,#11143);
#11142 = CARTESIAN_POINT('',(-1.286014637611,0.325,0.2));
#11143 = VECTOR('',#11144,1.);
#11144 = DIRECTION('',(-1.,2.22044604925E-16,0.));
#11145 = ORIENTED_EDGE('',*,*,#11146,.F.);
#11146 = EDGE_CURVE('',#10942,#11139,#11147,.T.);
#11147 = LINE('',#11148,#11149);
#11148 = CARTESIAN_POINT('',(-1.75,0.325,0.));
#11149 = VECTOR('',#11150,1.);
#11150 = DIRECTION('',(0.,0.,1.));
#11151 = PLANE('',#11152);
#11152 = AXIS2_PLACEMENT_3D('',#11153,#11154,#11155);
#11153 = CARTESIAN_POINT('',(-1.286014637611,0.325,0.));
#11154 = DIRECTION('',(-2.22044604925E-16,-1.,0.));
#11155 = DIRECTION('',(0.,0.,1.));
#11156 = ADVANCED_FACE('',(#11157),#11168,.T.);
#11157 = FACE_BOUND('',#11158,.T.);
#11158 = EDGE_LOOP('',(#11159,#11160,#11161,#11162));
#11159 = ORIENTED_EDGE('',*,*,#11146,.F.);
#11160 = ORIENTED_EDGE('',*,*,#10949,.T.);
#11161 = ORIENTED_EDGE('',*,*,#11122,.T.);
#11162 = ORIENTED_EDGE('',*,*,#11163,.F.);
#11163 = EDGE_CURVE('',#11139,#11115,#11164,.T.);
#11164 = LINE('',#11165,#11166);
#11165 = CARTESIAN_POINT('',(-1.75,0.325,0.2));
#11166 = VECTOR('',#11167,1.);
#11167 = DIRECTION('',(-2.22044604925E-16,-1.,0.));
#11168 = PLANE('',#11169);
#11169 = AXIS2_PLACEMENT_3D('',#11170,#11171,#11172);
#11170 = CARTESIAN_POINT('',(-1.75,0.325,0.));
#11171 = DIRECTION('',(-1.,2.22044604925E-16,0.));
#11172 = DIRECTION('',(0.,0.,1.));
#11173 = ADVANCED_FACE('',(#11174),#11180,.T.);
#11174 = FACE_BOUND('',#11175,.T.);
#11175 = EDGE_LOOP('',(#11176,#11177,#11178,#11179));
#11176 = ORIENTED_EDGE('',*,*,#10998,.F.);
#11177 = ORIENTED_EDGE('',*,*,#11138,.T.);
#11178 = ORIENTED_EDGE('',*,*,#11163,.T.);
#11179 = ORIENTED_EDGE('',*,*,#11114,.F.);
#11180 = PLANE('',#11181);
#11181 = AXIS2_PLACEMENT_3D('',#11182,#11183,#11184);
#11182 = CARTESIAN_POINT('',(-1.286014637611,0.325,0.2));
#11183 = DIRECTION('',(0.,0.,1.));
#11184 = DIRECTION('',(-1.,2.22044604925E-16,0.));
#11185 = ADVANCED_FACE('',(#11186),#11192,.T.);
#11186 = FACE_BOUND('',#11187,.T.);
#11187 = EDGE_LOOP('',(#11188,#11189,#11190,#11191));
#11188 = ORIENTED_EDGE('',*,*,#11072,.F.);
#11189 = ORIENTED_EDGE('',*,*,#11048,.T.);
#11190 = ORIENTED_EDGE('',*,*,#11024,.T.);
#11191 = ORIENTED_EDGE('',*,*,#11096,.F.);
#11192 = PLANE('',#11193);
#11193 = AXIS2_PLACEMENT_3D('',#11194,#11195,#11196);
#11194 = CARTESIAN_POINT('',(-1.187065869251,-0.687065869251,1.09));
#11195 = DIRECTION('',(0.,0.,1.));
#11196 = DIRECTION('',(1.,0.,-0.));
#11197 = ( GEOMETRIC_REPRESENTATION_CONTEXT(3) 
GLOBAL_UNCERTAINTY_ASSIGNED_CONTEXT((#11201)) 
GLOBAL_UNIT_ASSIGNED_CONTEXT((#11198,#11199,#11200)) 
REPRESENTATION_CONTEXT('Context #1',
  '3D Context with UNIT and UNCERTAINTY') );
#11198 = ( LENGTH_UNIT() NAMED_UNIT(*) SI_UNIT(.MILLI.,.METRE.) );
#11199 = ( NAMED_UNIT(*) PLANE_ANGLE_UNIT() SI_UNIT($,.RADIAN.) );
#11200 = ( NAMED_UNIT(*) SI_UNIT($,.STERADIAN.) SOLID_ANGLE_UNIT() );
#11201 = UNCERTAINTY_MEASURE_WITH_UNIT(LENGTH_MEASURE(5.E-06),#11198,
  'distance_accuracy_value','confusion accuracy');
#11202 = CONTEXT_DEPENDENT_SHAPE_REPRESENTATION(#11203,#11205);
#11203 = ( REPRESENTATION_RELATIONSHIP('','',#10484,#10) 
REPRESENTATION_RELATIONSHIP_WITH_TRANSFORMATION(#11204) 
SHAPE_REPRESENTATION_RELATIONSHIP() );
#11204 = ITEM_DEFINED_TRANSFORMATION('','',#11,#47);
#11205 = PRODUCT_DEFINITION_SHAPE('Placement','Placement of an item',
  #11206);
#11206 = NEXT_ASSEMBLY_USAGE_OCCURRENCE('9','D1','',#5,#10479,$);
#11207 = PRODUCT_RELATED_PRODUCT_CATEGORY('part',$,(#10481));
#11208 = CONTEXT_DEPENDENT_SHAPE_REPRESENTATION(#11209,#11211);
#11209 = ( REPRESENTATION_RELATIONSHIP('','',#6117,#10) 
REPRESENTATION_RELATIONSHIP_WITH_TRANSFORMATION(#11210) 
SHAPE_REPRESENTATION_RELATIONSHIP() );
#11210 = ITEM_DEFINED_TRANSFORMATION('','',#11,#51);
#11211 = PRODUCT_DEFINITION_SHAPE('Placement','Placement of an item',
  #11212);
#11212 = NEXT_ASSEMBLY_USAGE_OCCURRENCE('10','J1','',#5,#6112,$);
#11213 = SHAPE_DEFINITION_REPRESENTATION(#11214,#11220);
#11214 = PRODUCT_DEFINITION_SHAPE('','',#11215);
#11215 = PRODUCT_DEFINITION('design','',#11216,#11219);
#11216 = PRODUCT_DEFINITION_FORMATION('','',#11217);
#11217 = PRODUCT('CP_Radial_D6.3mm_P2.50mm','CP_Radial_D6.3mm_P2.50mm',
  '',(#11218));
#11218 = PRODUCT_CONTEXT('',#2,'mechanical');
#11219 = PRODUCT_DEFINITION_CONTEXT('part definition',#2,'design');
#11220 = ADVANCED_BREP_SHAPE_REPRESENTATION('',(#11,#11221),#13045);
#11221 = BREP_WITH_VOIDS('',#11222,(#12923));
#11222 = CLOSED_SHELL('',(#11223,#11240,#11265,#11314,#11347,#11365,
    #11390,#11422,#11440,#11449,#11487,#11509,#11572,#11600,#11778,
    #11844,#11913,#11945,#12123,#12189,#12221,#12331,#12365,#12383,
    #12399,#12431,#12449,#12592,#12644,#12668,#12692,#12716,#12778,
    #12795,#12819,#12835,#12859,#12871,#12887,#12899,#12911));
#11223 = ADVANCED_FACE('',(#11224),#11235,.F.);
#11224 = FACE_BOUND('',#11225,.F.);
#11225 = EDGE_LOOP('',(#11226));
#11226 = ORIENTED_EDGE('',*,*,#11227,.T.);
#11227 = EDGE_CURVE('',#11228,#11228,#11230,.T.);
#11228 = VERTEX_POINT('',#11229);
#11229 = CARTESIAN_POINT('',(2.25,-1.224646799147E-16,-1.9));
#11230 = CIRCLE('',#11231,0.25);
#11231 = AXIS2_PLACEMENT_3D('',#11232,#11233,#11234);
#11232 = CARTESIAN_POINT('',(2.5,-1.530808498934E-16,-1.9));
#11233 = DIRECTION('',(0.,0.,1.));
#11234 = DIRECTION('',(-1.,1.224646799147E-16,0.));
#11235 = PLANE('',#11236);
#11236 = AXIS2_PLACEMENT_3D('',#11237,#11238,#11239);
#11237 = CARTESIAN_POINT('',(2.5,-1.749248380069E-16,-1.9));
#11238 = DIRECTION('',(4.108650548026E-33,4.08046586736E-33,1.));
#11239 = DIRECTION('',(-1.,1.224646799147E-16,4.108650548026E-33));
#11240 = ADVANCED_FACE('',(#11241),#11260,.T.);
#11241 = FACE_BOUND('',#11242,.T.);
#11242 = EDGE_LOOP('',(#11243,#11252,#11258,#11259));
#11243 = ORIENTED_EDGE('',*,*,#11244,.F.);
#11244 = EDGE_CURVE('',#11245,#11245,#11247,.T.);
#11245 = VERTEX_POINT('',#11246);
#11246 = CARTESIAN_POINT('',(2.25,-1.224646799147E-16,0.2));
#11247 = CIRCLE('',#11248,0.25);
#11248 = AXIS2_PLACEMENT_3D('',#11249,#11250,#11251);
#11249 = CARTESIAN_POINT('',(2.5,-1.530808498934E-16,0.2));
#11250 = DIRECTION('',(0.,0.,1.));
#11251 = DIRECTION('',(-1.,1.224646799147E-16,0.));
#11252 = ORIENTED_EDGE('',*,*,#11253,.T.);
#11253 = EDGE_CURVE('',#11245,#11228,#11254,.T.);
#11254 = LINE('',#11255,#11256);
#11255 = CARTESIAN_POINT('',(2.25,-1.224646799147E-16,0.3));
#11256 = VECTOR('',#11257,1.);
#11257 = DIRECTION('',(0.,0.,-1.));
#11258 = ORIENTED_EDGE('',*,*,#11227,.T.);
#11259 = ORIENTED_EDGE('',*,*,#11253,.F.);
#11260 = CYLINDRICAL_SURFACE('',#11261,0.25);
#11261 = AXIS2_PLACEMENT_3D('',#11262,#11263,#11264);
#11262 = CARTESIAN_POINT('',(2.5,-1.530808498934E-16,0.3));
#11263 = DIRECTION('',(0.,0.,1.));
#11264 = DIRECTION('',(-1.,1.224646799147E-16,0.));
#11265 = ADVANCED_FACE('',(#11266,#11295,#11298),#11309,.F.);
#11266 = FACE_BOUND('',#11267,.F.);
#11267 = EDGE_LOOP('',(#11268,#11279,#11288));
#11268 = ORIENTED_EDGE('',*,*,#11269,.T.);
#11269 = EDGE_CURVE('',#11270,#11272,#11274,.T.);
#11270 = VERTEX_POINT('',#11271);
#11271 = CARTESIAN_POINT('',(-0.955,2.70034619212E-16,0.2));
#11272 = VERTEX_POINT('',#11273);
#11273 = CARTESIAN_POINT('',(3.287154369187,-0.843816968365,0.2));
#11274 = CIRCLE('',#11275,2.205);
#11275 = AXIS2_PLACEMENT_3D('',#11276,#11277,#11278);
#11276 = CARTESIAN_POINT('',(1.25,0.,0.2));
#11277 = DIRECTION('',(0.,0.,1.));
#11278 = DIRECTION('',(-1.,1.224646799147E-16,0.));
#11279 = ORIENTED_EDGE('',*,*,#11280,.T.);
#11280 = EDGE_CURVE('',#11272,#11281,#11283,.T.);
#11281 = VERTEX_POINT('',#11282);
#11282 = CARTESIAN_POINT('',(3.287154369187,0.843816968365,0.2));
#11283 = CIRCLE('',#11284,2.205);
#11284 = AXIS2_PLACEMENT_3D('',#11285,#11286,#11287);
#11285 = CARTESIAN_POINT('',(1.25,0.,0.2));
#11286 = DIRECTION('',(0.,0.,1.));
#11287 = DIRECTION('',(-1.,1.224646799147E-16,0.));
#11288 = ORIENTED_EDGE('',*,*,#11289,.T.);
#11289 = EDGE_CURVE('',#11281,#11270,#11290,.T.);
#11290 = CIRCLE('',#11291,2.205);
#11291 = AXIS2_PLACEMENT_3D('',#11292,#11293,#11294);
#11292 = CARTESIAN_POINT('',(1.25,0.,0.2));
#11293 = DIRECTION('',(0.,0.,1.));
#11294 = DIRECTION('',(-1.,1.224646799147E-16,0.));
#11295 = FACE_BOUND('',#11296,.F.);
#11296 = EDGE_LOOP('',(#11297));
#11297 = ORIENTED_EDGE('',*,*,#11244,.F.);
#11298 = FACE_BOUND('',#11299,.F.);
#11299 = EDGE_LOOP('',(#11300));
#11300 = ORIENTED_EDGE('',*,*,#11301,.F.);
#11301 = EDGE_CURVE('',#11302,#11302,#11304,.T.);
#11302 = VERTEX_POINT('',#11303);
#11303 = CARTESIAN_POINT('',(-0.25,1.836970198721E-16,0.2));
#11304 = CIRCLE('',#11305,0.25);
#11305 = AXIS2_PLACEMENT_3D('',#11306,#11307,#11308);
#11306 = CARTESIAN_POINT('',(0.,1.530808498934E-16,0.2));
#11307 = DIRECTION('',(0.,0.,1.));
#11308 = DIRECTION('',(-1.,1.224646799147E-16,0.));
#11309 = PLANE('',#11310);
#11310 = AXIS2_PLACEMENT_3D('',#11311,#11312,#11313);
#11311 = CARTESIAN_POINT('',(1.25,-1.425463059326E-16,0.2));
#11312 = DIRECTION('',(0.,0.,1.));
#11313 = DIRECTION('',(-1.,1.224646799147E-16,0.));
#11314 = ADVANCED_FACE('',(#11315),#11342,.F.);
#11315 = FACE_BOUND('',#11316,.F.);
#11316 = EDGE_LOOP('',(#11317,#11325,#11326,#11327,#11335));
#11317 = ORIENTED_EDGE('',*,*,#11318,.F.);
#11318 = EDGE_CURVE('',#11272,#11319,#11321,.T.);
#11319 = VERTEX_POINT('',#11320);
#11320 = CARTESIAN_POINT('',(3.287154369187,-0.843816968365,0.));
#11321 = LINE('',#11322,#11323);
#11322 = CARTESIAN_POINT('',(3.287154369187,-0.843816968365,0.3));
#11323 = VECTOR('',#11324,1.);
#11324 = DIRECTION('',(0.,0.,-1.));
#11325 = ORIENTED_EDGE('',*,*,#11269,.F.);
#11326 = ORIENTED_EDGE('',*,*,#11289,.F.);
#11327 = ORIENTED_EDGE('',*,*,#11328,.T.);
#11328 = EDGE_CURVE('',#11281,#11329,#11331,.T.);
#11329 = VERTEX_POINT('',#11330);
#11330 = CARTESIAN_POINT('',(3.287154369187,0.843816968365,0.));
#11331 = LINE('',#11332,#11333);
#11332 = CARTESIAN_POINT('',(3.287154369187,0.843816968365,0.3));
#11333 = VECTOR('',#11334,1.);
#11334 = DIRECTION('',(0.,0.,-1.));
#11335 = ORIENTED_EDGE('',*,*,#11336,.F.);
#11336 = EDGE_CURVE('',#11319,#11329,#11337,.T.);
#11337 = CIRCLE('',#11338,2.205);
#11338 = AXIS2_PLACEMENT_3D('',#11339,#11340,#11341);
#11339 = CARTESIAN_POINT('',(1.25,0.,0.));
#11340 = DIRECTION('',(0.,-0.,-1.));
#11341 = DIRECTION('',(0.923879532511,-0.382683432365,0.));
#11342 = CYLINDRICAL_SURFACE('',#11343,2.205);
#11343 = AXIS2_PLACEMENT_3D('',#11344,#11345,#11346);
#11344 = CARTESIAN_POINT('',(1.25,0.,0.3));
#11345 = DIRECTION('',(0.,0.,-1.));
#11346 = DIRECTION('',(0.923879532511,-0.382683432365,0.));
#11347 = ADVANCED_FACE('',(#11348),#11360,.F.);
#11348 = FACE_BOUND('',#11349,.F.);
#11349 = EDGE_LOOP('',(#11350,#11351,#11352,#11353));
#11350 = ORIENTED_EDGE('',*,*,#11328,.F.);
#11351 = ORIENTED_EDGE('',*,*,#11280,.F.);
#11352 = ORIENTED_EDGE('',*,*,#11318,.T.);
#11353 = ORIENTED_EDGE('',*,*,#11354,.F.);
#11354 = EDGE_CURVE('',#11329,#11319,#11355,.T.);
#11355 = CIRCLE('',#11356,2.205);
#11356 = AXIS2_PLACEMENT_3D('',#11357,#11358,#11359);
#11357 = CARTESIAN_POINT('',(1.25,0.,0.));
#11358 = DIRECTION('',(0.,0.,-1.));
#11359 = DIRECTION('',(0.923879532511,0.382683432365,0.));
#11360 = CYLINDRICAL_SURFACE('',#11361,2.205);
#11361 = AXIS2_PLACEMENT_3D('',#11362,#11363,#11364);
#11362 = CARTESIAN_POINT('',(1.25,0.,0.3));
#11363 = DIRECTION('',(0.,0.,-1.));
#11364 = DIRECTION('',(0.923879532511,0.382683432365,0.));
#11365 = ADVANCED_FACE('',(#11366),#11385,.T.);
#11366 = FACE_BOUND('',#11367,.T.);
#11367 = EDGE_LOOP('',(#11368,#11369,#11377,#11384));
#11368 = ORIENTED_EDGE('',*,*,#11301,.F.);
#11369 = ORIENTED_EDGE('',*,*,#11370,.T.);
#11370 = EDGE_CURVE('',#11302,#11371,#11373,.T.);
#11371 = VERTEX_POINT('',#11372);
#11372 = CARTESIAN_POINT('',(-0.25,1.836970198721E-16,-2.));
#11373 = LINE('',#11374,#11375);
#11374 = CARTESIAN_POINT('',(-0.25,1.836970198721E-16,0.3));
#11375 = VECTOR('',#11376,1.);
#11376 = DIRECTION('',(0.,0.,-1.));
#11377 = ORIENTED_EDGE('',*,*,#11378,.T.);
#11378 = EDGE_CURVE('',#11371,#11371,#11379,.T.);
#11379 = CIRCLE('',#11380,0.25);
#11380 = AXIS2_PLACEMENT_3D('',#11381,#11382,#11383);
#11381 = CARTESIAN_POINT('',(0.,1.530808498934E-16,-2.));
#11382 = DIRECTION('',(0.,0.,1.));
#11383 = DIRECTION('',(-1.,1.224646799147E-16,0.));
#11384 = ORIENTED_EDGE('',*,*,#11370,.F.);
#11385 = CYLINDRICAL_SURFACE('',#11386,0.25);
#11386 = AXIS2_PLACEMENT_3D('',#11387,#11388,#11389);
#11387 = CARTESIAN_POINT('',(0.,1.530808498934E-16,0.3));
#11388 = DIRECTION('',(0.,0.,1.));
#11389 = DIRECTION('',(-1.,1.224646799147E-16,0.));
#11390 = ADVANCED_FACE('',(#11391),#11417,.T.);
#11391 = FACE_BOUND('',#11392,.F.);
#11392 = EDGE_LOOP('',(#11393,#11394,#11402,#11411));
#11393 = ORIENTED_EDGE('',*,*,#11336,.T.);
#11394 = ORIENTED_EDGE('',*,*,#11395,.T.);
#11395 = EDGE_CURVE('',#11329,#11396,#11398,.T.);
#11396 = VERTEX_POINT('',#11397);
#11397 = CARTESIAN_POINT('',(3.975444620908,1.128916125477,
    -5.551115123126E-17));
#11398 = LINE('',#11399,#11400);
#11399 = CARTESIAN_POINT('',(3.287154369187,0.843816968365,0.));
#11400 = VECTOR('',#11401,1.);
#11401 = DIRECTION('',(0.923879532511,0.382683432365,0.));
#11402 = ORIENTED_EDGE('',*,*,#11403,.F.);
#11403 = EDGE_CURVE('',#11404,#11396,#11406,.T.);
#11404 = VERTEX_POINT('',#11405);
#11405 = CARTESIAN_POINT('',(3.975444620908,-1.128916125477,
    -5.551115123126E-17));
#11406 = CIRCLE('',#11407,2.95);
#11407 = AXIS2_PLACEMENT_3D('',#11408,#11409,#11410);
#11408 = CARTESIAN_POINT('',(1.25,0.,-5.551115123126E-17));
#11409 = DIRECTION('',(0.,-0.,-1.));
#11410 = DIRECTION('',(0.923879532511,-0.382683432365,0.));
#11411 = ORIENTED_EDGE('',*,*,#11412,.F.);
#11412 = EDGE_CURVE('',#11319,#11404,#11413,.T.);
#11413 = LINE('',#11414,#11415);
#11414 = CARTESIAN_POINT('',(3.287154369187,-0.843816968365,0.));
#11415 = VECTOR('',#11416,1.);
#11416 = DIRECTION('',(0.923879532511,-0.382683432365,0.));
#11417 = PLANE('',#11418);
#11418 = AXIS2_PLACEMENT_3D('',#11419,#11420,#11421);
#11419 = CARTESIAN_POINT('',(1.25,0.,0.));
#11420 = DIRECTION('',(0.,0.,-1.));
#11421 = DIRECTION('',(0.923879532511,-0.382683432365,0.));
#11422 = ADVANCED_FACE('',(#11423),#11435,.T.);
#11423 = FACE_BOUND('',#11424,.F.);
#11424 = EDGE_LOOP('',(#11425,#11426,#11427,#11434));
#11425 = ORIENTED_EDGE('',*,*,#11354,.T.);
#11426 = ORIENTED_EDGE('',*,*,#11412,.T.);
#11427 = ORIENTED_EDGE('',*,*,#11428,.F.);
#11428 = EDGE_CURVE('',#11396,#11404,#11429,.T.);
#11429 = CIRCLE('',#11430,2.95);
#11430 = AXIS2_PLACEMENT_3D('',#11431,#11432,#11433);
#11431 = CARTESIAN_POINT('',(1.25,0.,-5.551115123126E-17));
#11432 = DIRECTION('',(0.,0.,-1.));
#11433 = DIRECTION('',(0.923879532511,0.382683432365,0.));
#11434 = ORIENTED_EDGE('',*,*,#11395,.F.);
#11435 = PLANE('',#11436);
#11436 = AXIS2_PLACEMENT_3D('',#11437,#11438,#11439);
#11437 = CARTESIAN_POINT('',(1.25,0.,0.));
#11438 = DIRECTION('',(0.,0.,-1.));
#11439 = DIRECTION('',(0.923879532511,0.382683432365,0.));
#11440 = ADVANCED_FACE('',(#11441),#11444,.F.);
#11441 = FACE_BOUND('',#11442,.F.);
#11442 = EDGE_LOOP('',(#11443));
#11443 = ORIENTED_EDGE('',*,*,#11378,.T.);
#11444 = PLANE('',#11445);
#11445 = AXIS2_PLACEMENT_3D('',#11446,#11447,#11448);
#11446 = CARTESIAN_POINT('',(-2.22044604925E-16,1.312368617799E-16,-2.)
  );
#11447 = DIRECTION('',(2.013238768533E-31,4.08046586736E-33,1.));
#11448 = DIRECTION('',(-1.,1.224646799147E-16,2.013238768533E-31));
#11449 = ADVANCED_FACE('',(#11450),#11478,.F.);
#11450 = FACE_BOUND('',#11451,.F.);
#11451 = EDGE_LOOP('',(#11452,#11453,#11462,#11471));
#11452 = ORIENTED_EDGE('',*,*,#11403,.T.);
#11453 = ORIENTED_EDGE('',*,*,#11454,.T.);
#11454 = EDGE_CURVE('',#11396,#11455,#11457,.T.);
#11455 = VERTEX_POINT('',#11456);
#11456 = CARTESIAN_POINT('',(4.160220527411,1.20545281195,0.2));
#11457 = CIRCLE('',#11458,0.2);
#11458 = AXIS2_PLACEMENT_3D('',#11459,#11460,#11461);
#11459 = CARTESIAN_POINT('',(3.975444620908,1.128916125477,0.2));
#11460 = DIRECTION('',(0.382683432365,-0.923879532511,0.));
#11461 = DIRECTION('',(2.051424657948E-15,8.497279155087E-16,-1.));
#11462 = ORIENTED_EDGE('',*,*,#11463,.F.);
#11463 = EDGE_CURVE('',#11464,#11455,#11466,.T.);
#11464 = VERTEX_POINT('',#11465);
#11465 = CARTESIAN_POINT('',(4.160220527411,-1.20545281195,0.2));
#11466 = CIRCLE('',#11467,3.15);
#11467 = AXIS2_PLACEMENT_3D('',#11468,#11469,#11470);
#11468 = CARTESIAN_POINT('',(1.25,0.,0.2));
#11469 = DIRECTION('',(0.,-0.,-1.));
#11470 = DIRECTION('',(0.923879532511,-0.382683432365,0.));
#11471 = ORIENTED_EDGE('',*,*,#11472,.F.);
#11472 = EDGE_CURVE('',#11404,#11464,#11473,.T.);
#11473 = CIRCLE('',#11474,0.2);
#11474 = AXIS2_PLACEMENT_3D('',#11475,#11476,#11477);
#11475 = CARTESIAN_POINT('',(3.975444620908,-1.128916125477,0.2));
#11476 = DIRECTION('',(-0.382683432365,-0.923879532511,0.));
#11477 = DIRECTION('',(2.051424657948E-15,-8.497279155087E-16,-1.));
#11478 = SURFACE_OF_REVOLUTION('',#11479,#11484);
#11479 = CIRCLE('',#11480,0.2);
#11480 = AXIS2_PLACEMENT_3D('',#11481,#11482,#11483);
#11481 = CARTESIAN_POINT('',(3.975444620908,-1.128916125477,0.2));
#11482 = DIRECTION('',(-0.382683432365,-0.923879532511,0.));
#11483 = DIRECTION('',(2.051424657948E-15,-8.497279155087E-16,-1.));
#11484 = AXIS1_PLACEMENT('',#11485,#11486);
#11485 = CARTESIAN_POINT('',(1.25,0.,0.));
#11486 = DIRECTION('',(0.,0.,-1.));
#11487 = ADVANCED_FACE('',(#11488),#11500,.F.);
#11488 = FACE_BOUND('',#11489,.F.);
#11489 = EDGE_LOOP('',(#11490,#11491,#11492,#11499));
#11490 = ORIENTED_EDGE('',*,*,#11428,.T.);
#11491 = ORIENTED_EDGE('',*,*,#11472,.T.);
#11492 = ORIENTED_EDGE('',*,*,#11493,.F.);
#11493 = EDGE_CURVE('',#11455,#11464,#11494,.T.);
#11494 = CIRCLE('',#11495,3.15);
#11495 = AXIS2_PLACEMENT_3D('',#11496,#11497,#11498);
#11496 = CARTESIAN_POINT('',(1.25,0.,0.2));
#11497 = DIRECTION('',(0.,0.,-1.));
#11498 = DIRECTION('',(0.923879532511,0.382683432365,0.));
#11499 = ORIENTED_EDGE('',*,*,#11454,.F.);
#11500 = SURFACE_OF_REVOLUTION('',#11501,#11506);
#11501 = CIRCLE('',#11502,0.2);
#11502 = AXIS2_PLACEMENT_3D('',#11503,#11504,#11505);
#11503 = CARTESIAN_POINT('',(3.975444620908,1.128916125477,0.2));
#11504 = DIRECTION('',(0.382683432365,-0.923879532511,0.));
#11505 = DIRECTION('',(2.051424657948E-15,8.497279155087E-16,-1.));
#11506 = AXIS1_PLACEMENT('',#11507,#11508);
#11507 = CARTESIAN_POINT('',(1.25,0.,0.));
#11508 = DIRECTION('',(0.,0.,-1.));
#11509 = ADVANCED_FACE('',(#11510),#11567,.T.);
#11510 = FACE_BOUND('',#11511,.T.);
#11511 = EDGE_LOOP('',(#11512,#11554,#11560,#11561));
#11512 = ORIENTED_EDGE('',*,*,#11513,.T.);
#11513 = EDGE_CURVE('',#11514,#11516,#11518,.T.);
#11514 = VERTEX_POINT('',#11515);
#11515 = CARTESIAN_POINT('',(4.160220527411,-1.20545281195,
    1.064979142851));
#11516 = VERTEX_POINT('',#11517);
#11517 = CARTESIAN_POINT('',(4.160220527411,1.20545281195,1.064979142851
    ));
#11518 = B_SPLINE_CURVE_WITH_KNOTS('',12,(#11519,#11520,#11521,#11522,
    #11523,#11524,#11525,#11526,#11527,#11528,#11529,#11530,#11531,
    #11532,#11533,#11534,#11535,#11536,#11537,#11538,#11539,#11540,
    #11541,#11542,#11543,#11544,#11545,#11546,#11547,#11548,#11549,
    #11550,#11551,#11552,#11553),.UNSPECIFIED.,.F.,.F.,(13,11,11,13),(
    -0.737875708395,-5.005450452798E-16,17.318029502913,18.055905211308)
  ,.UNSPECIFIED.);
#11519 = CARTESIAN_POINT('',(4.442593336158,-0.523744547427,
    1.064979142851));
#11520 = CARTESIAN_POINT('',(4.418899197873,-0.580947257422,
    1.064979142851));
#11521 = CARTESIAN_POINT('',(4.395234708841,-0.63807838779,
    1.064979142851));
#11522 = CARTESIAN_POINT('',(4.371599869062,-0.695137938531,
    1.064979142851));
#11523 = CARTESIAN_POINT('',(4.347994678535,-0.752125909643,
    1.064979142851));
#11524 = CARTESIAN_POINT('',(4.32441913726,-0.809042301129,
    1.064979142851));
#11525 = CARTESIAN_POINT('',(4.300873245238,-0.865887112986,
    1.064979142851));
#11526 = CARTESIAN_POINT('',(4.277357002469,-0.922660345216,
    1.064979142851));
#11527 = CARTESIAN_POINT('',(4.253870408952,-0.979361997818,
    1.064979142851));
#11528 = CARTESIAN_POINT('',(4.230413464688,-1.035992070792,
    1.064979142851));
#11529 = CARTESIAN_POINT('',(4.206986169676,-1.092550564139,
    1.064979142851));
#11530 = CARTESIAN_POINT('',(4.183588523917,-1.149037477858,
    1.064979142851));
#11531 = CARTESIAN_POINT('',(3.611770905991,-2.52952732626,
    1.064979142851));
#11532 = CARTESIAN_POINT('',(2.397473580719,-3.601570783487,
    1.064979180278));
#11533 = CARTESIAN_POINT('',(0.644651861499,-4.026279926308,
    1.064978648913));
#11534 = CARTESIAN_POINT('',(-1.234906135463,-3.473813323938,
    1.064980780301));
#11535 = CARTESIAN_POINT('',(-2.634312668055,-2.095046805731,
    1.064976073802));
#11536 = CARTESIAN_POINT('',(-3.335721730314,-5.195843755246E-12,
    1.064982880597));
#11537 = CARTESIAN_POINT('',(-2.634312668056,2.095046805741,
    1.064976073802));
#11538 = CARTESIAN_POINT('',(-1.234906135463,3.473813323931,
    1.064980780301));
#11539 = CARTESIAN_POINT('',(0.644651861498,4.026279926312,
    1.064978648913));
#11540 = CARTESIAN_POINT('',(2.397473580719,3.601570783485,
    1.064979180278));
#11541 = CARTESIAN_POINT('',(3.611770905991,2.529527326261,
    1.064979142851));
#11542 = CARTESIAN_POINT('',(4.183588523917,1.149037477858,
    1.064979142851));
#11543 = CARTESIAN_POINT('',(4.206986169676,1.092550564139,
    1.064979142851));
#11544 = CARTESIAN_POINT('',(4.230413464688,1.035992070792,
    1.064979142851));
#11545 = CARTESIAN_POINT('',(4.253870408952,0.979361997818,
    1.064979142851));
#11546 = CARTESIAN_POINT('',(4.277357002469,0.922660345216,
    1.064979142851));
#11547 = CARTESIAN_POINT('',(4.300873245238,0.865887112986,
    1.064979142851));
#11548 = CARTESIAN_POINT('',(4.32441913726,0.809042301128,1.064979142851
    ));
#11549 = CARTESIAN_POINT('',(4.347994678535,0.752125909643,
    1.064979142851));
#11550 = CARTESIAN_POINT('',(4.371599869062,0.695137938531,
    1.064979142851));
#11551 = CARTESIAN_POINT('',(4.395234708841,0.63807838779,1.064979142851
    ));
#11552 = CARTESIAN_POINT('',(4.418899197873,0.580947257422,
    1.064979142851));
#11553 = CARTESIAN_POINT('',(4.442593336158,0.523744547427,
    1.064979142851));
#11554 = ORIENTED_EDGE('',*,*,#11555,.F.);
#11555 = EDGE_CURVE('',#11455,#11516,#11556,.T.);
#11556 = LINE('',#11557,#11558);
#11557 = CARTESIAN_POINT('',(4.160220527411,1.20545281195,0.2));
#11558 = VECTOR('',#11559,1.);
#11559 = DIRECTION('',(0.,0.,1.));
#11560 = ORIENTED_EDGE('',*,*,#11463,.F.);
#11561 = ORIENTED_EDGE('',*,*,#11562,.T.);
#11562 = EDGE_CURVE('',#11464,#11514,#11563,.T.);
#11563 = LINE('',#11564,#11565);
#11564 = CARTESIAN_POINT('',(4.160220527411,-1.20545281195,0.2));
#11565 = VECTOR('',#11566,1.);
#11566 = DIRECTION('',(0.,0.,1.));
#11567 = CYLINDRICAL_SURFACE('',#11568,3.15);
#11568 = AXIS2_PLACEMENT_3D('',#11569,#11570,#11571);
#11569 = CARTESIAN_POINT('',(1.25,0.,0.2));
#11570 = DIRECTION('',(0.,0.,1.));
#11571 = DIRECTION('',(0.923879532511,-0.382683432365,0.));
#11572 = ADVANCED_FACE('',(#11573),#11595,.T.);
#11573 = FACE_BOUND('',#11574,.T.);
#11574 = EDGE_LOOP('',(#11575,#11592,#11593,#11594));
#11575 = ORIENTED_EDGE('',*,*,#11576,.T.);
#11576 = EDGE_CURVE('',#11516,#11514,#11577,.T.);
#11577 = B_SPLINE_CURVE_WITH_KNOTS('',5,(#11578,#11579,#11580,#11581,
    #11582,#11583,#11584,#11585,#11586,#11587,#11588,#11589,#11590,
    #11591),.UNSPECIFIED.,.F.,.F.,(6,4,4,6),(-0.150460971643,
    -1.699349482237E-07,2.474004384637,2.624464954166),.UNSPECIFIED.);
#11578 = CARTESIAN_POINT('',(4.102641670439,1.344460469082,
    1.064979142851));
#11579 = CARTESIAN_POINT('',(4.114157445154,1.316658929638,
    1.064979142851));
#11580 = CARTESIAN_POINT('',(4.125673218125,1.288857394406,
    1.064979142851));
#11581 = CARTESIAN_POINT('',(4.137188989351,1.261055863385,
    1.064979142851));
#11582 = CARTESIAN_POINT('',(4.148704758833,1.233254336576,
    1.064979142851));
#11583 = CARTESIAN_POINT('',(4.349572580446,0.748316518349,
    1.064979142851));
#11584 = CARTESIAN_POINT('',(4.44918882011,0.254004984338,1.064979142851
    ));
#11585 = CARTESIAN_POINT('',(4.449189507099,-0.254003344051,
    1.064979142851));
#11586 = CARTESIAN_POINT('',(4.349572930008,-0.748315674432,
    1.064979142851));
#11587 = CARTESIAN_POINT('',(4.148704755344,-1.233254344999,
    1.064979142851));
#11588 = CARTESIAN_POINT('',(4.137188984118,-1.26105587602,
    1.064979142851));
#11589 = CARTESIAN_POINT('',(4.125673212892,-1.288857407041,
    1.064979142851));
#11590 = CARTESIAN_POINT('',(4.114157441665,-1.316658938061,
    1.064979142851));
#11591 = CARTESIAN_POINT('',(4.102641670439,-1.344460469082,
    1.064979142851));
#11592 = ORIENTED_EDGE('',*,*,#11562,.F.);
#11593 = ORIENTED_EDGE('',*,*,#11493,.F.);
#11594 = ORIENTED_EDGE('',*,*,#11555,.T.);
#11595 = CYLINDRICAL_SURFACE('',#11596,3.15);
#11596 = AXIS2_PLACEMENT_3D('',#11597,#11598,#11599);
#11597 = CARTESIAN_POINT('',(1.25,0.,0.2));
#11598 = DIRECTION('',(0.,0.,1.));
#11599 = DIRECTION('',(0.923879532511,0.382683432365,-0.));
#11600 = ADVANCED_FACE('',(#11601),#11672,.T.);
#11601 = FACE_BOUND('',#11602,.T.);
#11602 = EDGE_LOOP('',(#11603,#11618,#11658,#11671));
#11603 = ORIENTED_EDGE('',*,*,#11604,.T.);
#11604 = EDGE_CURVE('',#11514,#11605,#11607,.T.);
#11605 = VERTEX_POINT('',#11606);
#11606 = CARTESIAN_POINT('',(4.085968234571,-1.174696505219,
    1.269338405373));
#11607 = B_SPLINE_CURVE_WITH_KNOTS('',5,(#11608,#11609,#11610,#11611,
    #11612,#11613,#11614,#11615,#11616,#11617),.UNSPECIFIED.,.F.,.F.,(6,
    4,6),(0.,0.5,1.),.UNSPECIFIED.);
#11608 = CARTESIAN_POINT('',(4.160220527411,-1.20545281195,
    1.064979142851));
#11609 = CARTESIAN_POINT('',(4.160220527325,-1.205452811915,
    1.086945211059));
#11610 = CARTESIAN_POINT('',(4.158363641376,-1.204683664571,
    1.109287401744));
#11611 = CARTESIAN_POINT('',(4.154519320142,-1.203091294577,
    1.131653463673));
#11612 = CARTESIAN_POINT('',(4.148681246824,-1.200673085431,
    1.153609621265));
#11613 = CARTESIAN_POINT('',(4.133299432345,-1.19430172926,
    1.195943886549));
#11614 = CARTESIAN_POINT('',(4.123755497541,-1.190348502026,
    1.216322527195));
#11615 = CARTESIAN_POINT('',(4.112493966491,-1.185683823132,
    1.235531219587));
#11616 = CARTESIAN_POINT('',(4.099792457984,-1.180422686045,
    1.253257054289));
#11617 = CARTESIAN_POINT('',(4.085968234571,-1.174696505219,
    1.269338405373));
#11618 = ORIENTED_EDGE('',*,*,#11619,.T.);
#11619 = EDGE_CURVE('',#11605,#11620,#11622,.T.);
#11620 = VERTEX_POINT('',#11621);
#11621 = CARTESIAN_POINT('',(4.085968234571,1.174696505219,
    1.269338405373));
#11622 = B_SPLINE_CURVE_WITH_KNOTS('',12,(#11623,#11624,#11625,#11626,
    #11627,#11628,#11629,#11630,#11631,#11632,#11633,#11634,#11635,
    #11636,#11637,#11638,#11639,#11640,#11641,#11642,#11643,#11644,
    #11645,#11646,#11647,#11648,#11649,#11650,#11651,#11652,#11653,
    #11654,#11655,#11656,#11657),.UNSPECIFIED.,.F.,.F.,(13,11,11,13),(
    -0.737875708395,-5.005450452798E-16,17.318029502913,18.055905211308)
  ,.UNSPECIFIED.);
#11623 = CARTESIAN_POINT('',(4.368341043318,-0.492988240695,
    1.269338405373));
#11624 = CARTESIAN_POINT('',(4.344050686533,-0.551630349481,
    1.269338405373));
#11625 = CARTESIAN_POINT('',(4.319898382364,-0.609939169769,
    1.269338405373));
#11626 = CARTESIAN_POINT('',(4.295884130811,-0.667914701558,
    1.269338405373));
#11627 = CARTESIAN_POINT('',(4.272007931874,-0.725556944848,
    1.269338405373));
#11628 = CARTESIAN_POINT('',(4.248269785554,-0.78286589964,
    1.269338405373));
#11629 = CARTESIAN_POINT('',(4.224669691851,-0.839841565933,
    1.269338405373));
#11630 = CARTESIAN_POINT('',(4.201207650763,-0.896483943727,
    1.269338405373));
#11631 = CARTESIAN_POINT('',(4.177883662292,-0.952793033023,
    1.269338405373));
#11632 = CARTESIAN_POINT('',(4.154697726437,-1.00876883382,
    1.269338405373));
#11633 = CARTESIAN_POINT('',(4.131649843199,-1.064411346118,
    1.269338405373));
#11634 = CARTESIAN_POINT('',(4.108740012577,-1.119720569918,
    1.269338405373));
#11635 = CARTESIAN_POINT('',(3.55151193136,-2.464988160927,
    1.269338405373));
#11636 = CARTESIAN_POINT('',(2.368142926712,-3.509870065854,
    1.269338398404));
#11637 = CARTESIAN_POINT('',(0.659702150751,-3.923262885354,
    1.269338497341));
#11638 = CARTESIAN_POINT('',(-1.17054232476,-3.385171524248,
    1.269338100488));
#11639 = CARTESIAN_POINT('',(-2.536114514568,-2.041943209283,
    1.269338976815));
#11640 = CARTESIAN_POINT('',(-3.218001563387,1.211253319866E-12,
    1.269337709422));
#11641 = CARTESIAN_POINT('',(-2.536114514568,2.041943209281,
    1.269338976816));
#11642 = CARTESIAN_POINT('',(-1.170542324761,3.385171524249,
    1.269338100487));
#11643 = CARTESIAN_POINT('',(0.659702150752,3.923262885354,
    1.269338497342));
#11644 = CARTESIAN_POINT('',(2.368142926712,3.509870065854,
    1.269338398404));
#11645 = CARTESIAN_POINT('',(3.55151193136,2.464988160927,1.269338405373
    ));
#11646 = CARTESIAN_POINT('',(4.108740012577,1.119720569918,
    1.269338405373));
#11647 = CARTESIAN_POINT('',(4.131649843199,1.064411346118,
    1.269338405373));
#11648 = CARTESIAN_POINT('',(4.154697726437,1.00876883382,1.269338405373
    ));
#11649 = CARTESIAN_POINT('',(4.177883662292,0.952793033023,
    1.269338405373));
#11650 = CARTESIAN_POINT('',(4.201207650763,0.896483943727,
    1.269338405373));
#11651 = CARTESIAN_POINT('',(4.224669691851,0.839841565933,
    1.269338405373));
#11652 = CARTESIAN_POINT('',(4.248269785554,0.78286589964,1.269338405373
    ));
#11653 = CARTESIAN_POINT('',(4.272007931874,0.725556944848,
    1.269338405373));
#11654 = CARTESIAN_POINT('',(4.295884130811,0.667914701558,
    1.269338405373));
#11655 = CARTESIAN_POINT('',(4.319898382364,0.609939169769,
    1.269338405373));
#11656 = CARTESIAN_POINT('',(4.344050686533,0.551630349481,
    1.269338405373));
#11657 = CARTESIAN_POINT('',(4.368341043318,0.492988240695,
    1.269338405373));
#11658 = ORIENTED_EDGE('',*,*,#11659,.F.);
#11659 = EDGE_CURVE('',#11516,#11620,#11660,.T.);
#11660 = B_SPLINE_CURVE_WITH_KNOTS('',5,(#11661,#11662,#11663,#11664,
    #11665,#11666,#11667,#11668,#11669,#11670),.UNSPECIFIED.,.F.,.F.,(6,
    4,6),(0.,0.5,1.),.UNSPECIFIED.);
#11661 = CARTESIAN_POINT('',(4.160220527411,1.20545281195,1.064979142851
    ));
#11662 = CARTESIAN_POINT('',(4.160220527325,1.205452811915,
    1.086945211059));
#11663 = CARTESIAN_POINT('',(4.158363641376,1.204683664571,
    1.109287401744));
#11664 = CARTESIAN_POINT('',(4.154519320142,1.203091294577,
    1.131653463673));
#11665 = CARTESIAN_POINT('',(4.148681246824,1.200673085431,
    1.153609621265));
#11666 = CARTESIAN_POINT('',(4.133299432345,1.19430172926,1.195943886549
    ));
#11667 = CARTESIAN_POINT('',(4.123755497541,1.190348502026,
    1.216322527195));
#11668 = CARTESIAN_POINT('',(4.112493966491,1.185683823132,
    1.235531219587));
#11669 = CARTESIAN_POINT('',(4.099792457984,1.180422686045,
    1.253257054289));
#11670 = CARTESIAN_POINT('',(4.085968234571,1.174696505219,
    1.269338405373));
#11671 = ORIENTED_EDGE('',*,*,#11513,.F.);
#11672 = ( BOUNDED_SURFACE() B_SPLINE_SURFACE(2,12,(
    (#11673,#11674,#11675,#11676,#11677,#11678,#11679,#11680,#11681
      ,#11682,#11683,#11684,#11685,#11686,#11687,#11688,#11689,#11690
      ,#11691,#11692,#11693,#11694,#11695,#11696,#11697,#11698,#11699
      ,#11700,#11701,#11702,#11703,#11704,#11705,#11706,#11707)
    ,(#11708,#11709,#11710,#11711,#11712,#11713,#11714,#11715,#11716
      ,#11717,#11718,#11719,#11720,#11721,#11722,#11723,#11724,#11725
      ,#11726,#11727,#11728,#11729,#11730,#11731,#11732,#11733,#11734
      ,#11735,#11736,#11737,#11738,#11739,#11740,#11741,#11742)
    ,(#11743,#11744,#11745,#11746,#11747,#11748,#11749,#11750,#11751
      ,#11752,#11753,#11754,#11755,#11756,#11757,#11758,#11759,#11760
      ,#11761,#11762,#11763,#11764,#11765,#11766,#11767,#11768,#11769
      ,#11770,#11771,#11772,#11773,#11774,#11775,#11776,#11777
)),.UNSPECIFIED.,.F.,.F.,.F.) B_SPLINE_SURFACE_WITH_KNOTS((3,3),(13,11,
    11,13),(0.,17.318029502913),(-0.737875708395,-5.005450452798E-16,
    17.318029502913,18.055905211308),.UNSPECIFIED.) 
GEOMETRIC_REPRESENTATION_ITEM() RATIONAL_B_SPLINE_SURFACE((
    (1.,1.,1.,1.,1.,1.,1.,1.,1.,1.,1.,1.,1.,1.,1.,1.,1.,1.,1.,1.,1.,1.
      ,1.,1.,1.,1.,1.,1.,1.,1.,1.,1.,1.,1.,1.)
    ,(0.93061798229,0.93061798229,0.93061798229,0.93061798229
      ,0.93061798229,0.93061798229,0.93061798229,0.93061798229
      ,0.93061798229,0.93061798229,0.93061798229,0.93061798229
      ,0.93061798229,0.93061801928,0.930617494111,0.930619600648
      ,0.930614949024,0.930621676455,0.930614949024,0.930619600647
      ,0.930617494111,0.93061801928,0.93061798229,0.93061798229
      ,0.93061798229,0.93061798229,0.93061798229,0.93061798229
      ,0.93061798229,0.93061798229,0.93061798229,0.93061798229
      ,0.93061798229,0.93061798229,0.93061798229)
    ,(1.,1.,1.,1.,1.,1.,1.,1.,1.,1.,1.,1.,1.,1.,1.,1.,1.,1.,1.,1.,1.,1.
,1.,1.,1.,1.,1.,1.,1.,1.,1.,1.,1.,1.,1.
))) REPRESENTATION_ITEM('') SURFACE() );
#11673 = CARTESIAN_POINT('',(4.442593336158,-0.523744547427,
    1.064979142851));
#11674 = CARTESIAN_POINT('',(4.418899197873,-0.580947257422,
    1.064979142851));
#11675 = CARTESIAN_POINT('',(4.395234708841,-0.63807838779,
    1.064979142851));
#11676 = CARTESIAN_POINT('',(4.371599869062,-0.695137938531,
    1.064979142851));
#11677 = CARTESIAN_POINT('',(4.347994678535,-0.752125909643,
    1.064979142851));
#11678 = CARTESIAN_POINT('',(4.32441913726,-0.809042301129,
    1.064979142851));
#11679 = CARTESIAN_POINT('',(4.300873245238,-0.865887112986,
    1.064979142851));
#11680 = CARTESIAN_POINT('',(4.277357002469,-0.922660345216,
    1.064979142851));
#11681 = CARTESIAN_POINT('',(4.253870408952,-0.979361997818,
    1.064979142851));
#11682 = CARTESIAN_POINT('',(4.230413464688,-1.035992070792,
    1.064979142851));
#11683 = CARTESIAN_POINT('',(4.206986169676,-1.092550564139,
    1.064979142851));
#11684 = CARTESIAN_POINT('',(4.183588523917,-1.149037477858,
    1.064979142851));
#11685 = CARTESIAN_POINT('',(3.611770905991,-2.52952732626,
    1.064979142851));
#11686 = CARTESIAN_POINT('',(2.397473580719,-3.601570783487,
    1.064979180278));
#11687 = CARTESIAN_POINT('',(0.644651861499,-4.026279926308,
    1.064978648913));
#11688 = CARTESIAN_POINT('',(-1.234906135463,-3.473813323938,
    1.064980780301));
#11689 = CARTESIAN_POINT('',(-2.634312668055,-2.095046805731,
    1.064976073802));
#11690 = CARTESIAN_POINT('',(-3.335721730314,-5.195843755246E-12,
    1.064982880597));
#11691 = CARTESIAN_POINT('',(-2.634312668056,2.095046805741,
    1.064976073802));
#11692 = CARTESIAN_POINT('',(-1.234906135463,3.473813323931,
    1.064980780301));
#11693 = CARTESIAN_POINT('',(0.644651861498,4.026279926312,
    1.064978648913));
#11694 = CARTESIAN_POINT('',(2.397473580719,3.601570783485,
    1.064979180278));
#11695 = CARTESIAN_POINT('',(3.611770905991,2.529527326261,
    1.064979142851));
#11696 = CARTESIAN_POINT('',(4.183588523917,1.149037477858,
    1.064979142851));
#11697 = CARTESIAN_POINT('',(4.206986169676,1.092550564139,
    1.064979142851));
#11698 = CARTESIAN_POINT('',(4.230413464688,1.035992070792,
    1.064979142851));
#11699 = CARTESIAN_POINT('',(4.253870408952,0.979361997818,
    1.064979142851));
#11700 = CARTESIAN_POINT('',(4.277357002469,0.922660345216,
    1.064979142851));
#11701 = CARTESIAN_POINT('',(4.300873245238,0.865887112986,
    1.064979142851));
#11702 = CARTESIAN_POINT('',(4.32441913726,0.809042301128,1.064979142851
    ));
#11703 = CARTESIAN_POINT('',(4.347994678535,0.752125909643,
    1.064979142851));
#11704 = CARTESIAN_POINT('',(4.371599869062,0.695137938531,
    1.064979142851));
#11705 = CARTESIAN_POINT('',(4.395234708841,0.63807838779,1.064979142851
    ));
#11706 = CARTESIAN_POINT('',(4.418899197873,0.580947257422,
    1.064979142851));
#11707 = CARTESIAN_POINT('',(4.442593336158,0.523744547427,
    1.064979142851));
#11708 = CARTESIAN_POINT('',(4.442593336158,-0.523744547427,
    1.182962690499));
#11709 = CARTESIAN_POINT('',(4.418899197873,-0.580947257422,
    1.182962690499));
#11710 = CARTESIAN_POINT('',(4.395234708841,-0.63807838779,
    1.182962690499));
#11711 = CARTESIAN_POINT('',(4.371599869061,-0.695137938531,
    1.182962690499));
#11712 = CARTESIAN_POINT('',(4.347994678534,-0.752125909643,
    1.182962690499));
#11713 = CARTESIAN_POINT('',(4.32441913726,-0.809042301129,
    1.182962690499));
#11714 = CARTESIAN_POINT('',(4.300873245238,-0.865887112986,
    1.182962690499));
#11715 = CARTESIAN_POINT('',(4.277357002469,-0.922660345216,
    1.182962690499));
#11716 = CARTESIAN_POINT('',(4.253870408952,-0.979361997818,
    1.182962690499));
#11717 = CARTESIAN_POINT('',(4.230413464688,-1.035992070792,
    1.182962690499));
#11718 = CARTESIAN_POINT('',(4.206986169676,-1.092550564139,
    1.182962690499));
#11719 = CARTESIAN_POINT('',(4.183588523917,-1.149037477858,
    1.182962690499));
#11720 = CARTESIAN_POINT('',(3.611770905991,-2.529527326261,
    1.182962690499));
#11721 = CARTESIAN_POINT('',(2.397473409613,-3.601570594418,
    1.182962692916));
#11722 = CARTESIAN_POINT('',(0.644651798713,-4.026281720893,
    1.182962658608));
#11723 = CARTESIAN_POINT('',(-1.23490220089,-3.473808210321,
    1.182962796222));
#11724 = CARTESIAN_POINT('',(-2.634324724748,-2.095052673194,
    1.182962492343));
#11725 = CARTESIAN_POINT('',(-3.335704239193,3.357980560281E-12,
    1.182962931828));
#11726 = CARTESIAN_POINT('',(-2.634324724748,2.095052673188,
    1.182962492343));
#11727 = CARTESIAN_POINT('',(-1.23490220089,3.473808210325,
    1.182962796222));
#11728 = CARTESIAN_POINT('',(0.644651798713,4.026281720891,
    1.182962658608));
#11729 = CARTESIAN_POINT('',(2.397473409613,3.601570594419,
    1.182962692916));
#11730 = CARTESIAN_POINT('',(3.611770905991,2.529527326261,
    1.182962690499));
#11731 = CARTESIAN_POINT('',(4.183588523917,1.149037477858,
    1.182962690499));
#11732 = CARTESIAN_POINT('',(4.206986169676,1.092550564139,
    1.182962690499));
#11733 = CARTESIAN_POINT('',(4.230413464688,1.035992070792,
    1.182962690499));
#11734 = CARTESIAN_POINT('',(4.253870408952,0.979361997818,
    1.182962690499));
#11735 = CARTESIAN_POINT('',(4.277357002469,0.922660345216,
    1.182962690499));
#11736 = CARTESIAN_POINT('',(4.300873245238,0.865887112986,
    1.182962690499));
#11737 = CARTESIAN_POINT('',(4.32441913726,0.809042301129,1.182962690499
    ));
#11738 = CARTESIAN_POINT('',(4.347994678534,0.752125909643,
    1.182962690499));
#11739 = CARTESIAN_POINT('',(4.371599869061,0.695137938531,
    1.182962690499));
#11740 = CARTESIAN_POINT('',(4.395234708841,0.63807838779,1.182962690499
    ));
#11741 = CARTESIAN_POINT('',(4.418899197873,0.580947257422,
    1.182962690499));
#11742 = CARTESIAN_POINT('',(4.442593336158,0.523744547427,
    1.182962690499));
#11743 = CARTESIAN_POINT('',(4.368341043318,-0.492988240695,
    1.269338405373));
#11744 = CARTESIAN_POINT('',(4.344050686533,-0.551630349481,
    1.269338405373));
#11745 = CARTESIAN_POINT('',(4.319898382364,-0.609939169769,
    1.269338405373));
#11746 = CARTESIAN_POINT('',(4.295884130811,-0.667914701558,
    1.269338405373));
#11747 = CARTESIAN_POINT('',(4.272007931874,-0.725556944848,
    1.269338405373));
#11748 = CARTESIAN_POINT('',(4.248269785554,-0.78286589964,
    1.269338405373));
#11749 = CARTESIAN_POINT('',(4.224669691851,-0.839841565933,
    1.269338405373));
#11750 = CARTESIAN_POINT('',(4.201207650763,-0.896483943727,
    1.269338405373));
#11751 = CARTESIAN_POINT('',(4.177883662292,-0.952793033023,
    1.269338405373));
#11752 = CARTESIAN_POINT('',(4.154697726437,-1.00876883382,
    1.269338405373));
#11753 = CARTESIAN_POINT('',(4.131649843199,-1.064411346118,
    1.269338405373));
#11754 = CARTESIAN_POINT('',(4.108740012577,-1.119720569918,
    1.269338405373));
#11755 = CARTESIAN_POINT('',(3.55151193136,-2.464988160927,
    1.269338405373));
#11756 = CARTESIAN_POINT('',(2.368142926712,-3.509870065854,
    1.269338398404));
#11757 = CARTESIAN_POINT('',(0.659702150751,-3.923262885354,
    1.269338497341));
#11758 = CARTESIAN_POINT('',(-1.17054232476,-3.385171524248,
    1.269338100488));
#11759 = CARTESIAN_POINT('',(-2.536114514568,-2.041943209283,
    1.269338976815));
#11760 = CARTESIAN_POINT('',(-3.218001563387,1.211253319866E-12,
    1.269337709422));
#11761 = CARTESIAN_POINT('',(-2.536114514568,2.041943209281,
    1.269338976816));
#11762 = CARTESIAN_POINT('',(-1.170542324761,3.385171524249,
    1.269338100487));
#11763 = CARTESIAN_POINT('',(0.659702150752,3.923262885354,
    1.269338497342));
#11764 = CARTESIAN_POINT('',(2.368142926712,3.509870065854,
    1.269338398404));
#11765 = CARTESIAN_POINT('',(3.55151193136,2.464988160927,1.269338405373
    ));
#11766 = CARTESIAN_POINT('',(4.108740012577,1.119720569918,
    1.269338405373));
#11767 = CARTESIAN_POINT('',(4.131649843199,1.064411346118,
    1.269338405373));
#11768 = CARTESIAN_POINT('',(4.154697726437,1.00876883382,1.269338405373
    ));
#11769 = CARTESIAN_POINT('',(4.177883662292,0.952793033023,
    1.269338405373));
#11770 = CARTESIAN_POINT('',(4.201207650763,0.896483943727,
    1.269338405373));
#11771 = CARTESIAN_POINT('',(4.224669691851,0.839841565933,
    1.269338405373));
#11772 = CARTESIAN_POINT('',(4.248269785554,0.78286589964,1.269338405373
    ));
#11773 = CARTESIAN_POINT('',(4.272007931874,0.725556944848,
    1.269338405373));
#11774 = CARTESIAN_POINT('',(4.295884130811,0.667914701558,
    1.269338405373));
#11775 = CARTESIAN_POINT('',(4.319898382364,0.609939169769,
    1.269338405373));
#11776 = CARTESIAN_POINT('',(4.344050686533,0.551630349481,
    1.269338405373));
#11777 = CARTESIAN_POINT('',(4.368341043318,0.492988240695,
    1.269338405373));
#11778 = ADVANCED_FACE('',(#11779),#11801,.T.);
#11779 = FACE_BOUND('',#11780,.T.);
#11780 = EDGE_LOOP('',(#11781,#11782,#11799,#11800));
#11781 = ORIENTED_EDGE('',*,*,#11659,.T.);
#11782 = ORIENTED_EDGE('',*,*,#11783,.T.);
#11783 = EDGE_CURVE('',#11620,#11605,#11784,.T.);
#11784 = B_SPLINE_CURVE_WITH_KNOTS('',5,(#11785,#11786,#11787,#11788,
    #11789,#11790,#11791,#11792,#11793,#11794,#11795,#11796,#11797,
    #11798),.UNSPECIFIED.,.F.,.F.,(6,4,4,6),(-0.150460971643,
    -1.699349482237E-07,2.474004384637,2.624464954166),.UNSPECIFIED.);
#11785 = CARTESIAN_POINT('',(4.028389379453,1.313704158425,
    1.269338405373));
#11786 = CARTESIAN_POINT('',(4.040198971339,1.285193281472,
    1.269338405373));
#11787 = CARTESIAN_POINT('',(4.051861652875,1.257037077477,
    1.269338405373));
#11788 = CARTESIAN_POINT('',(4.063377424063,1.22923554644,1.269338405373
    ));
#11789 = CARTESIAN_POINT('',(4.074746284901,1.201788688362,
    1.269338405373));
#11790 = CARTESIAN_POINT('',(4.270489096011,0.72922373811,1.269338405373
    ));
#11791 = CARTESIAN_POINT('',(4.367563702078,0.247524287167,
    1.269338405373));
#11792 = CARTESIAN_POINT('',(4.36756434983,-0.247522755157,
    1.269338405373));
#11793 = CARTESIAN_POINT('',(4.270489454492,-0.729222872661,
    1.269338405373));
#11794 = CARTESIAN_POINT('',(4.074746280416,-1.201788699189,
    1.269338405373));
#11795 = CARTESIAN_POINT('',(4.063377417335,-1.229235562681,
    1.269338405373));
#11796 = CARTESIAN_POINT('',(4.051861646148,-1.257037093718,
    1.269338405373));
#11797 = CARTESIAN_POINT('',(4.040198966854,-1.285193292299,
    1.269338405373));
#11798 = CARTESIAN_POINT('',(4.028389379453,-1.313704158425,
    1.269338405373));
#11799 = ORIENTED_EDGE('',*,*,#11604,.F.);
#11800 = ORIENTED_EDGE('',*,*,#11576,.F.);
#11801 = ( BOUNDED_SURFACE() B_SPLINE_SURFACE(2,5,(
    (#11802,#11803,#11804,#11805,#11806,#11807,#11808,#11809,#11810
      ,#11811,#11812,#11813,#11814,#11815)
    ,(#11816,#11817,#11818,#11819,#11820,#11821,#11822,#11823,#11824
      ,#11825,#11826,#11827,#11828,#11829)
    ,(#11830,#11831,#11832,#11833,#11834,#11835,#11836,#11837,#11838
      ,#11839,#11840,#11841,#11842,#11843
)),.UNSPECIFIED.,.F.,.F.,.F.) B_SPLINE_SURFACE_WITH_KNOTS((3,3),(6,4,4,6
    ),(0.,2.474004554572),(-0.150460971643,-1.699349482237E-07,
    2.474004384637,2.624464954166),.UNSPECIFIED.) 
GEOMETRIC_REPRESENTATION_ITEM() RATIONAL_B_SPLINE_SURFACE((
    (1.,1.,1.,1.,1.,1.,1.,1.,1.,1.,1.,1.,1.,1.)
    ,(0.93061798229,0.93061798229,0.93061798229,0.93061798229
      ,0.93061798229,0.93061798229,0.93061798229,0.93061798229
      ,0.93061798229,0.93061798229,0.93061798229,0.93061798229
      ,0.93061798229,0.93061798229)
,(1.,1.,1.,1.,1.,1.,1.,1.,1.,1.,1.,1.,1.,1.
))) REPRESENTATION_ITEM('') SURFACE() );
#11802 = CARTESIAN_POINT('',(4.102641670439,1.344460469082,
    1.064979142851));
#11803 = CARTESIAN_POINT('',(4.114157445154,1.316658929638,
    1.064979142851));
#11804 = CARTESIAN_POINT('',(4.125673218125,1.288857394406,
    1.064979142851));
#11805 = CARTESIAN_POINT('',(4.137188989351,1.261055863385,
    1.064979142851));
#11806 = CARTESIAN_POINT('',(4.148704758833,1.233254336576,
    1.064979142851));
#11807 = CARTESIAN_POINT('',(4.349572580446,0.748316518349,
    1.064979142851));
#11808 = CARTESIAN_POINT('',(4.44918882011,0.254004984338,1.064979142851
    ));
#11809 = CARTESIAN_POINT('',(4.449189507099,-0.254003344051,
    1.064979142851));
#11810 = CARTESIAN_POINT('',(4.349572930008,-0.748315674432,
    1.064979142851));
#11811 = CARTESIAN_POINT('',(4.148704755344,-1.233254344999,
    1.064979142851));
#11812 = CARTESIAN_POINT('',(4.137188984118,-1.26105587602,
    1.064979142851));
#11813 = CARTESIAN_POINT('',(4.125673212892,-1.288857407041,
    1.064979142851));
#11814 = CARTESIAN_POINT('',(4.114157441665,-1.316658938061,
    1.064979142851));
#11815 = CARTESIAN_POINT('',(4.102641670439,-1.344460469082,
    1.064979142851));
#11816 = CARTESIAN_POINT('',(4.102641670439,1.344460469082,
    1.182962690499));
#11817 = CARTESIAN_POINT('',(4.114157445154,1.316658929638,
    1.182962690499));
#11818 = CARTESIAN_POINT('',(4.125673218125,1.288857394406,
    1.182962690499));
#11819 = CARTESIAN_POINT('',(4.137188989351,1.261055863385,
    1.182962690499));
#11820 = CARTESIAN_POINT('',(4.148704758833,1.233254336576,
    1.182962690499));
#11821 = CARTESIAN_POINT('',(4.349572580446,0.748316518349,
    1.182962690499));
#11822 = CARTESIAN_POINT('',(4.44918882011,0.254004984338,1.182962690499
    ));
#11823 = CARTESIAN_POINT('',(4.449189507099,-0.254003344051,
    1.182962690499));
#11824 = CARTESIAN_POINT('',(4.349572930008,-0.748315674432,
    1.182962690499));
#11825 = CARTESIAN_POINT('',(4.148704755344,-1.233254344999,
    1.182962690499));
#11826 = CARTESIAN_POINT('',(4.137188984118,-1.26105587602,
    1.182962690499));
#11827 = CARTESIAN_POINT('',(4.125673212892,-1.288857407041,
    1.182962690499));
#11828 = CARTESIAN_POINT('',(4.114157441665,-1.316658938061,
    1.182962690499));
#11829 = CARTESIAN_POINT('',(4.102641670439,-1.344460469082,
    1.182962690499));
#11830 = CARTESIAN_POINT('',(4.028389379453,1.313704158425,
    1.269338405373));
#11831 = CARTESIAN_POINT('',(4.040198971339,1.285193281472,
    1.269338405373));
#11832 = CARTESIAN_POINT('',(4.051861652875,1.257037077477,
    1.269338405373));
#11833 = CARTESIAN_POINT('',(4.063377424063,1.22923554644,1.269338405373
    ));
#11834 = CARTESIAN_POINT('',(4.074746284901,1.201788688362,
    1.269338405373));
#11835 = CARTESIAN_POINT('',(4.270489096011,0.72922373811,1.269338405373
    ));
#11836 = CARTESIAN_POINT('',(4.367563702078,0.247524287167,
    1.269338405373));
#11837 = CARTESIAN_POINT('',(4.36756434983,-0.247522755157,
    1.269338405373));
#11838 = CARTESIAN_POINT('',(4.270489454492,-0.729222872661,
    1.269338405373));
#11839 = CARTESIAN_POINT('',(4.074746280416,-1.201788699189,
    1.269338405373));
#11840 = CARTESIAN_POINT('',(4.063377417335,-1.229235562681,
    1.269338405373));
#11841 = CARTESIAN_POINT('',(4.051861646148,-1.257037093718,
    1.269338405373));
#11842 = CARTESIAN_POINT('',(4.040198966854,-1.285193292299,
    1.269338405373));
#11843 = CARTESIAN_POINT('',(4.028389379453,-1.313704158425,
    1.269338405373));
#11844 = ADVANCED_FACE('',(#11845),#11904,.F.);
#11845 = FACE_BOUND('',#11846,.F.);
#11846 = EDGE_LOOP('',(#11847,#11856,#11857,#11866));
#11847 = ORIENTED_EDGE('',*,*,#11848,.F.);
#11848 = EDGE_CURVE('',#11605,#11849,#11851,.T.);
#11849 = VERTEX_POINT('',#11850);
#11850 = CARTESIAN_POINT('',(4.085968234571,-1.174696505219,
    1.930661594627));
#11851 = CIRCLE('',#11852,0.485412195974);
#11852 = AXIS2_PLACEMENT_3D('',#11853,#11854,#11855);
#11853 = CARTESIAN_POINT('',(4.414287398851,-1.31069075585,1.6));
#11854 = DIRECTION('',(0.382683432365,0.923879532511,2.775557561563E-17)
  );
#11855 = DIRECTION('',(-0.523404384043,0.216801194476,-0.824041924199));
#11856 = ORIENTED_EDGE('',*,*,#11619,.T.);
#11857 = ORIENTED_EDGE('',*,*,#11858,.T.);
#11858 = EDGE_CURVE('',#11620,#11859,#11861,.T.);
#11859 = VERTEX_POINT('',#11860);
#11860 = CARTESIAN_POINT('',(4.085968234571,1.174696505219,
    1.930661594627));
#11861 = CIRCLE('',#11862,0.485412195974);
#11862 = AXIS2_PLACEMENT_3D('',#11863,#11864,#11865);
#11863 = CARTESIAN_POINT('',(4.414287398851,1.31069075585,1.6));
#11864 = DIRECTION('',(-0.382683432365,0.923879532511,
    -2.775557561563E-17));
#11865 = DIRECTION('',(-0.523404384043,-0.216801194476,-0.824041924199)
  );
#11866 = ORIENTED_EDGE('',*,*,#11867,.F.);
#11867 = EDGE_CURVE('',#11849,#11859,#11868,.T.);
#11868 = B_SPLINE_CURVE_WITH_KNOTS('',12,(#11869,#11870,#11871,#11872,
    #11873,#11874,#11875,#11876,#11877,#11878,#11879,#11880,#11881,
    #11882,#11883,#11884,#11885,#11886,#11887,#11888,#11889,#11890,
    #11891,#11892,#11893,#11894,#11895,#11896,#11897,#11898,#11899,
    #11900,#11901,#11902,#11903),.UNSPECIFIED.,.F.,.F.,(13,11,11,13),(
    -0.737875708395,-4.947925115305E-16,17.318029502913,18.055905211308)
  ,.UNSPECIFIED.);
#11869 = CARTESIAN_POINT('',(4.368341043318,-0.492988240695,
    1.930661594627));
#11870 = CARTESIAN_POINT('',(4.344050686533,-0.551630349481,
    1.930661594627));
#11871 = CARTESIAN_POINT('',(4.319898382364,-0.609939169769,
    1.930661594627));
#11872 = CARTESIAN_POINT('',(4.295884130811,-0.667914701558,
    1.930661594627));
#11873 = CARTESIAN_POINT('',(4.272007931874,-0.725556944848,
    1.930661594627));
#11874 = CARTESIAN_POINT('',(4.248269785554,-0.78286589964,
    1.930661594627));
#11875 = CARTESIAN_POINT('',(4.224669691851,-0.839841565933,
    1.930661594627));
#11876 = CARTESIAN_POINT('',(4.201207650763,-0.896483943727,
    1.930661594627));
#11877 = CARTESIAN_POINT('',(4.177883662292,-0.952793033023,
    1.930661594627));
#11878 = CARTESIAN_POINT('',(4.154697726437,-1.00876883382,
    1.930661594627));
#11879 = CARTESIAN_POINT('',(4.131649843199,-1.064411346118,
    1.930661594627));
#11880 = CARTESIAN_POINT('',(4.108740012577,-1.119720569918,
    1.930661594627));
#11881 = CARTESIAN_POINT('',(3.55151193136,-2.464988160927,
    1.930661594627));
#11882 = CARTESIAN_POINT('',(2.368142926712,-3.509870065855,
    1.930661601596));
#11883 = CARTESIAN_POINT('',(0.659702150751,-3.923262885354,
    1.930661502657));
#11884 = CARTESIAN_POINT('',(-1.17054232476,-3.385171524248,
    1.930661899515));
#11885 = CARTESIAN_POINT('',(-2.536114514567,-2.041943209282,
    1.930661023182));
#11886 = CARTESIAN_POINT('',(-3.218001563388,6.15951734062E-13,
    1.930662290581));
#11887 = CARTESIAN_POINT('',(-2.536114514567,2.041943209281,
    1.930661023182));
#11888 = CARTESIAN_POINT('',(-1.170542324761,3.385171524249,
    1.930661899514));
#11889 = CARTESIAN_POINT('',(0.659702150752,3.923262885354,
    1.930661502658));
#11890 = CARTESIAN_POINT('',(2.368142926712,3.509870065854,
    1.930661601596));
#11891 = CARTESIAN_POINT('',(3.55151193136,2.464988160927,1.930661594627
    ));
#11892 = CARTESIAN_POINT('',(4.108740012577,1.119720569918,
    1.930661594627));
#11893 = CARTESIAN_POINT('',(4.131649843199,1.064411346118,
    1.930661594627));
#11894 = CARTESIAN_POINT('',(4.154697726437,1.00876883382,1.930661594627
    ));
#11895 = CARTESIAN_POINT('',(4.177883662292,0.952793033023,
    1.930661594627));
#11896 = CARTESIAN_POINT('',(4.201207650763,0.896483943727,
    1.930661594627));
#11897 = CARTESIAN_POINT('',(4.224669691851,0.839841565933,
    1.930661594627));
#11898 = CARTESIAN_POINT('',(4.248269785554,0.78286589964,1.930661594627
    ));
#11899 = CARTESIAN_POINT('',(4.272007931874,0.725556944848,
    1.930661594627));
#11900 = CARTESIAN_POINT('',(4.295884130811,0.667914701558,
    1.930661594627));
#11901 = CARTESIAN_POINT('',(4.319898382364,0.609939169769,
    1.930661594627));
#11902 = CARTESIAN_POINT('',(4.344050686533,0.551630349481,
    1.930661594627));
#11903 = CARTESIAN_POINT('',(4.368341043318,0.492988240695,
    1.930661594627));
#11904 = SURFACE_OF_REVOLUTION('',#11905,#11910);
#11905 = CIRCLE('',#11906,0.485412195974);
#11906 = AXIS2_PLACEMENT_3D('',#11907,#11908,#11909);
#11907 = CARTESIAN_POINT('',(4.414287398851,-1.31069075585,1.6));
#11908 = DIRECTION('',(0.382683432365,0.923879532511,0.));
#11909 = DIRECTION('',(-0.523404384043,0.216801194476,-0.824041924199));
#11910 = AXIS1_PLACEMENT('',#11911,#11912);
#11911 = CARTESIAN_POINT('',(1.25,0.,0.));
#11912 = DIRECTION('',(0.,0.,-1.));
#11913 = ADVANCED_FACE('',(#11914),#11936,.F.);
#11914 = FACE_BOUND('',#11915,.F.);
#11915 = EDGE_LOOP('',(#11916,#11917,#11918,#11919));
#11916 = ORIENTED_EDGE('',*,*,#11858,.F.);
#11917 = ORIENTED_EDGE('',*,*,#11783,.T.);
#11918 = ORIENTED_EDGE('',*,*,#11848,.T.);
#11919 = ORIENTED_EDGE('',*,*,#11920,.F.);
#11920 = EDGE_CURVE('',#11859,#11849,#11921,.T.);
#11921 = B_SPLINE_CURVE_WITH_KNOTS('',5,(#11922,#11923,#11924,#11925,
    #11926,#11927,#11928,#11929,#11930,#11931,#11932,#11933,#11934,
    #11935),.UNSPECIFIED.,.F.,.F.,(6,4,4,6),(-0.150460971643,
    -1.699349482392E-07,2.474004384637,2.624464954166),.UNSPECIFIED.);
#11922 = CARTESIAN_POINT('',(4.028389379453,1.313704158425,
    1.930661594627));
#11923 = CARTESIAN_POINT('',(4.040198971339,1.285193281472,
    1.930661594627));
#11924 = CARTESIAN_POINT('',(4.051861652875,1.257037077477,
    1.930661594627));
#11925 = CARTESIAN_POINT('',(4.063377424063,1.22923554644,1.930661594627
    ));
#11926 = CARTESIAN_POINT('',(4.074746284901,1.201788688362,
    1.930661594627));
#11927 = CARTESIAN_POINT('',(4.270489096011,0.72922373811,1.930661594627
    ));
#11928 = CARTESIAN_POINT('',(4.367563702078,0.247524287167,
    1.930661594627));
#11929 = CARTESIAN_POINT('',(4.36756434983,-0.247522755157,
    1.930661594627));
#11930 = CARTESIAN_POINT('',(4.270489454492,-0.729222872661,
    1.930661594627));
#11931 = CARTESIAN_POINT('',(4.074746280416,-1.201788699189,
    1.930661594627));
#11932 = CARTESIAN_POINT('',(4.063377417335,-1.229235562681,
    1.930661594627));
#11933 = CARTESIAN_POINT('',(4.051861646148,-1.257037093718,
    1.930661594627));
#11934 = CARTESIAN_POINT('',(4.040198966854,-1.285193292299,
    1.930661594627));
#11935 = CARTESIAN_POINT('',(4.028389379453,-1.313704158425,
    1.930661594627));
#11936 = SURFACE_OF_REVOLUTION('',#11937,#11942);
#11937 = CIRCLE('',#11938,0.485412195974);
#11938 = AXIS2_PLACEMENT_3D('',#11939,#11940,#11941);
#11939 = CARTESIAN_POINT('',(4.414287398851,1.31069075585,1.6));
#11940 = DIRECTION('',(-0.382683432365,0.923879532511,0.));
#11941 = DIRECTION('',(-0.523404384043,-0.216801194476,-0.824041924199)
  );
#11942 = AXIS1_PLACEMENT('',#11943,#11944);
#11943 = CARTESIAN_POINT('',(1.25,0.,0.));
#11944 = DIRECTION('',(0.,0.,-1.));
#11945 = ADVANCED_FACE('',(#11946),#12017,.T.);
#11946 = FACE_BOUND('',#11947,.T.);
#11947 = EDGE_LOOP('',(#11948,#11963,#12003,#12016));
#11948 = ORIENTED_EDGE('',*,*,#11949,.T.);
#11949 = EDGE_CURVE('',#11849,#11950,#11952,.T.);
#11950 = VERTEX_POINT('',#11951);
#11951 = CARTESIAN_POINT('',(4.160220527411,-1.20545281195,
    2.135020857149));
#11952 = B_SPLINE_CURVE_WITH_KNOTS('',5,(#11953,#11954,#11955,#11956,
    #11957,#11958,#11959,#11960,#11961,#11962),.UNSPECIFIED.,.F.,.F.,(6,
    4,6),(0.,0.5,1.),.UNSPECIFIED.);
#11953 = CARTESIAN_POINT('',(4.085968234571,-1.174696505219,
    1.930661594627));
#11954 = CARTESIAN_POINT('',(4.099792457984,-1.180422686045,
    1.946742945711));
#11955 = CARTESIAN_POINT('',(4.112493966491,-1.185683823132,
    1.964468780413));
#11956 = CARTESIAN_POINT('',(4.123755497541,-1.190348502026,
    1.983677472805));
#11957 = CARTESIAN_POINT('',(4.133299432345,-1.19430172926,
    2.004056113451));
#11958 = CARTESIAN_POINT('',(4.148681246824,-1.200673085431,
    2.046390378735));
#11959 = CARTESIAN_POINT('',(4.154519320142,-1.203091294577,
    2.068346536327));
#11960 = CARTESIAN_POINT('',(4.158363641376,-1.204683664571,
    2.090712598256));
#11961 = CARTESIAN_POINT('',(4.160220527325,-1.205452811915,
    2.113054788941));
#11962 = CARTESIAN_POINT('',(4.160220527411,-1.20545281195,
    2.135020857149));
#11963 = ORIENTED_EDGE('',*,*,#11964,.T.);
#11964 = EDGE_CURVE('',#11950,#11965,#11967,.T.);
#11965 = VERTEX_POINT('',#11966);
#11966 = CARTESIAN_POINT('',(4.160220527411,1.20545281195,2.135020857149
    ));
#11967 = B_SPLINE_CURVE_WITH_KNOTS('',12,(#11968,#11969,#11970,#11971,
    #11972,#11973,#11974,#11975,#11976,#11977,#11978,#11979,#11980,
    #11981,#11982,#11983,#11984,#11985,#11986,#11987,#11988,#11989,
    #11990,#11991,#11992,#11993,#11994,#11995,#11996,#11997,#11998,
    #11999,#12000,#12001,#12002),.UNSPECIFIED.,.F.,.F.,(13,11,11,13),(
    -0.737875708395,-4.947925115305E-16,17.318029502913,18.055905211308)
  ,.UNSPECIFIED.);
#11968 = CARTESIAN_POINT('',(4.442593336158,-0.523744547427,
    2.135020857149));
#11969 = CARTESIAN_POINT('',(4.418899197873,-0.580947257422,
    2.135020857149));
#11970 = CARTESIAN_POINT('',(4.395234708841,-0.63807838779,
    2.135020857149));
#11971 = CARTESIAN_POINT('',(4.371599869062,-0.695137938531,
    2.135020857149));
#11972 = CARTESIAN_POINT('',(4.347994678535,-0.752125909643,
    2.135020857149));
#11973 = CARTESIAN_POINT('',(4.32441913726,-0.809042301129,
    2.135020857149));
#11974 = CARTESIAN_POINT('',(4.300873245238,-0.865887112986,
    2.135020857149));
#11975 = CARTESIAN_POINT('',(4.277357002469,-0.922660345216,
    2.135020857149));
#11976 = CARTESIAN_POINT('',(4.253870408952,-0.979361997818,
    2.135020857149));
#11977 = CARTESIAN_POINT('',(4.230413464688,-1.035992070792,
    2.135020857149));
#11978 = CARTESIAN_POINT('',(4.206986169676,-1.092550564139,
    2.135020857149));
#11979 = CARTESIAN_POINT('',(4.183588523917,-1.149037477858,
    2.135020857149));
#11980 = CARTESIAN_POINT('',(3.61177090599,-2.52952732626,2.135020857149
    ));
#11981 = CARTESIAN_POINT('',(2.397473580719,-3.601570783487,
    2.135020819723));
#11982 = CARTESIAN_POINT('',(0.644651861498,-4.026279926309,
    2.135021351086));
#11983 = CARTESIAN_POINT('',(-1.234906135462,-3.473813323936,
    2.135019219701));
#11984 = CARTESIAN_POINT('',(-2.634312668057,-2.095046805733,
    2.135023926195));
#11985 = CARTESIAN_POINT('',(-3.335721730313,-3.16902060149E-12,
    2.135017119406));
#11986 = CARTESIAN_POINT('',(-2.634312668057,2.095046805739,
    2.135023926196));
#11987 = CARTESIAN_POINT('',(-1.234906135462,3.473813323932,2.1350192197
    ));
#11988 = CARTESIAN_POINT('',(0.644651861498,4.026279926311,
    2.135021351086));
#11989 = CARTESIAN_POINT('',(2.397473580719,3.601570783485,
    2.135020819722));
#11990 = CARTESIAN_POINT('',(3.61177090599,2.529527326261,2.135020857149
    ));
#11991 = CARTESIAN_POINT('',(4.183588523917,1.149037477858,
    2.135020857149));
#11992 = CARTESIAN_POINT('',(4.206986169676,1.092550564139,
    2.135020857149));
#11993 = CARTESIAN_POINT('',(4.230413464688,1.035992070792,
    2.135020857149));
#11994 = CARTESIAN_POINT('',(4.253870408952,0.979361997818,
    2.135020857149));
#11995 = CARTESIAN_POINT('',(4.277357002469,0.922660345216,
    2.135020857149));
#11996 = CARTESIAN_POINT('',(4.300873245238,0.865887112986,
    2.135020857149));
#11997 = CARTESIAN_POINT('',(4.32441913726,0.809042301128,2.135020857149
    ));
#11998 = CARTESIAN_POINT('',(4.347994678535,0.752125909643,
    2.135020857149));
#11999 = CARTESIAN_POINT('',(4.371599869062,0.695137938531,
    2.135020857149));
#12000 = CARTESIAN_POINT('',(4.395234708841,0.63807838779,2.135020857149
    ));
#12001 = CARTESIAN_POINT('',(4.418899197873,0.580947257422,
    2.135020857149));
#12002 = CARTESIAN_POINT('',(4.442593336158,0.523744547427,
    2.135020857149));
#12003 = ORIENTED_EDGE('',*,*,#12004,.F.);
#12004 = EDGE_CURVE('',#11859,#11965,#12005,.T.);
#12005 = B_SPLINE_CURVE_WITH_KNOTS('',5,(#12006,#12007,#12008,#12009,
    #12010,#12011,#12012,#12013,#12014,#12015),.UNSPECIFIED.,.F.,.F.,(6,
    4,6),(0.,0.5,1.),.UNSPECIFIED.);
#12006 = CARTESIAN_POINT('',(4.085968234571,1.174696505219,
    1.930661594627));
#12007 = CARTESIAN_POINT('',(4.099792457984,1.180422686045,
    1.946742945711));
#12008 = CARTESIAN_POINT('',(4.112493966491,1.185683823132,
    1.964468780413));
#12009 = CARTESIAN_POINT('',(4.123755497541,1.190348502026,
    1.983677472805));
#12010 = CARTESIAN_POINT('',(4.133299432345,1.19430172926,2.004056113451
    ));
#12011 = CARTESIAN_POINT('',(4.148681246824,1.200673085431,
    2.046390378735));
#12012 = CARTESIAN_POINT('',(4.154519320142,1.203091294577,
    2.068346536327));
#12013 = CARTESIAN_POINT('',(4.158363641376,1.204683664571,
    2.090712598256));
#12014 = CARTESIAN_POINT('',(4.160220527325,1.205452811915,
    2.113054788941));
#12015 = CARTESIAN_POINT('',(4.160220527411,1.20545281195,2.135020857149
    ));
#12016 = ORIENTED_EDGE('',*,*,#11867,.F.);
#12017 = ( BOUNDED_SURFACE() B_SPLINE_SURFACE(2,12,(
    (#12018,#12019,#12020,#12021,#12022,#12023,#12024,#12025,#12026
      ,#12027,#12028,#12029,#12030,#12031,#12032,#12033,#12034,#12035
      ,#12036,#12037,#12038,#12039,#12040,#12041,#12042,#12043,#12044
      ,#12045,#12046,#12047,#12048,#12049,#12050,#12051,#12052)
    ,(#12053,#12054,#12055,#12056,#12057,#12058,#12059,#12060,#12061
      ,#12062,#12063,#12064,#12065,#12066,#12067,#12068,#12069,#12070
      ,#12071,#12072,#12073,#12074,#12075,#12076,#12077,#12078,#12079
      ,#12080,#12081,#12082,#12083,#12084,#12085,#12086,#12087)
    ,(#12088,#12089,#12090,#12091,#12092,#12093,#12094,#12095,#12096
      ,#12097,#12098,#12099,#12100,#12101,#12102,#12103,#12104,#12105
      ,#12106,#12107,#12108,#12109,#12110,#12111,#12112,#12113,#12114
      ,#12115,#12116,#12117,#12118,#12119,#12120,#12121,#12122
)),.UNSPECIFIED.,.F.,.F.,.F.) B_SPLINE_SURFACE_WITH_KNOTS((3,3),(13,11,
    11,13),(0.,17.318029502913),(-0.737875708395,-4.947925115305E-16,
    17.318029502913,18.055905211308),.UNSPECIFIED.) 
GEOMETRIC_REPRESENTATION_ITEM() RATIONAL_B_SPLINE_SURFACE((
    (1.,1.,1.,1.,1.,1.,1.,1.,1.,1.,1.,1.,1.,1.,1.,1.,1.,1.,1.,1.,1.,1.
      ,1.,1.,1.,1.,1.,1.,1.,1.,1.,1.,1.,1.,1.)
    ,(0.93061798229,0.93061798229,0.93061798229,0.93061798229
      ,0.93061798229,0.93061798229,0.93061798229,0.93061798229
      ,0.93061798229,0.93061798229,0.93061798229,0.93061798229
      ,0.93061798229,0.93061801928,0.930617494111,0.930619600647
      ,0.930614949024,0.930621676454,0.930614949024,0.930619600647
      ,0.930617494111,0.93061801928,0.93061798229,0.93061798229
      ,0.93061798229,0.93061798229,0.93061798229,0.93061798229
      ,0.93061798229,0.93061798229,0.93061798229,0.93061798229
      ,0.93061798229,0.93061798229,0.93061798229)
    ,(1.,1.,1.,1.,1.,1.,1.,1.,1.,1.,1.,1.,1.,1.,1.,1.,1.,1.,1.,1.,1.,1.
,1.,1.,1.,1.,1.,1.,1.,1.,1.,1.,1.,1.,1.
))) REPRESENTATION_ITEM('') SURFACE() );
#12018 = CARTESIAN_POINT('',(4.368341043318,-0.492988240695,
    1.930661594627));
#12019 = CARTESIAN_POINT('',(4.344050686533,-0.551630349481,
    1.930661594627));
#12020 = CARTESIAN_POINT('',(4.319898382364,-0.609939169769,
    1.930661594627));
#12021 = CARTESIAN_POINT('',(4.295884130811,-0.667914701558,
    1.930661594627));
#12022 = CARTESIAN_POINT('',(4.272007931874,-0.725556944848,
    1.930661594627));
#12023 = CARTESIAN_POINT('',(4.248269785554,-0.78286589964,
    1.930661594627));
#12024 = CARTESIAN_POINT('',(4.224669691851,-0.839841565933,
    1.930661594627));
#12025 = CARTESIAN_POINT('',(4.201207650763,-0.896483943727,
    1.930661594627));
#12026 = CARTESIAN_POINT('',(4.177883662292,-0.952793033023,
    1.930661594627));
#12027 = CARTESIAN_POINT('',(4.154697726437,-1.00876883382,
    1.930661594627));
#12028 = CARTESIAN_POINT('',(4.131649843199,-1.064411346118,
    1.930661594627));
#12029 = CARTESIAN_POINT('',(4.108740012577,-1.119720569918,
    1.930661594627));
#12030 = CARTESIAN_POINT('',(3.55151193136,-2.464988160927,
    1.930661594627));
#12031 = CARTESIAN_POINT('',(2.368142926712,-3.509870065855,
    1.930661601596));
#12032 = CARTESIAN_POINT('',(0.659702150751,-3.923262885354,
    1.930661502657));
#12033 = CARTESIAN_POINT('',(-1.17054232476,-3.385171524248,
    1.930661899515));
#12034 = CARTESIAN_POINT('',(-2.536114514567,-2.041943209282,
    1.930661023182));
#12035 = CARTESIAN_POINT('',(-3.218001563388,6.15951734062E-13,
    1.930662290581));
#12036 = CARTESIAN_POINT('',(-2.536114514567,2.041943209281,
    1.930661023182));
#12037 = CARTESIAN_POINT('',(-1.170542324761,3.385171524249,
    1.930661899514));
#12038 = CARTESIAN_POINT('',(0.659702150752,3.923262885354,
    1.930661502658));
#12039 = CARTESIAN_POINT('',(2.368142926712,3.509870065854,
    1.930661601596));
#12040 = CARTESIAN_POINT('',(3.55151193136,2.464988160927,1.930661594627
    ));
#12041 = CARTESIAN_POINT('',(4.108740012577,1.119720569918,
    1.930661594627));
#12042 = CARTESIAN_POINT('',(4.131649843199,1.064411346118,
    1.930661594627));
#12043 = CARTESIAN_POINT('',(4.154697726437,1.00876883382,1.930661594627
    ));
#12044 = CARTESIAN_POINT('',(4.177883662292,0.952793033023,
    1.930661594627));
#12045 = CARTESIAN_POINT('',(4.201207650763,0.896483943727,
    1.930661594627));
#12046 = CARTESIAN_POINT('',(4.224669691851,0.839841565933,
    1.930661594627));
#12047 = CARTESIAN_POINT('',(4.248269785554,0.78286589964,1.930661594627
    ));
#12048 = CARTESIAN_POINT('',(4.272007931874,0.725556944848,
    1.930661594627));
#12049 = CARTESIAN_POINT('',(4.295884130811,0.667914701558,
    1.930661594627));
#12050 = CARTESIAN_POINT('',(4.319898382364,0.609939169769,
    1.930661594627));
#12051 = CARTESIAN_POINT('',(4.344050686533,0.551630349481,
    1.930661594627));
#12052 = CARTESIAN_POINT('',(4.368341043318,0.492988240695,
    1.930661594627));
#12053 = CARTESIAN_POINT('',(4.442593336158,-0.523744547427,
    2.017037309501));
#12054 = CARTESIAN_POINT('',(4.418899197873,-0.580947257422,
    2.017037309501));
#12055 = CARTESIAN_POINT('',(4.395234708841,-0.63807838779,
    2.017037309501));
#12056 = CARTESIAN_POINT('',(4.371599869061,-0.695137938531,
    2.017037309501));
#12057 = CARTESIAN_POINT('',(4.347994678534,-0.752125909643,
    2.017037309501));
#12058 = CARTESIAN_POINT('',(4.32441913726,-0.809042301129,
    2.017037309501));
#12059 = CARTESIAN_POINT('',(4.300873245238,-0.865887112986,
    2.017037309501));
#12060 = CARTESIAN_POINT('',(4.277357002469,-0.922660345216,
    2.017037309501));
#12061 = CARTESIAN_POINT('',(4.253870408952,-0.979361997818,
    2.017037309501));
#12062 = CARTESIAN_POINT('',(4.230413464688,-1.035992070792,
    2.017037309501));
#12063 = CARTESIAN_POINT('',(4.206986169676,-1.092550564139,
    2.017037309501));
#12064 = CARTESIAN_POINT('',(4.183588523917,-1.149037477858,
    2.017037309501));
#12065 = CARTESIAN_POINT('',(3.611770905991,-2.529527326261,
    2.017037309501));
#12066 = CARTESIAN_POINT('',(2.397473409613,-3.601570594418,
    2.017037307084));
#12067 = CARTESIAN_POINT('',(0.644651798713,-4.026281720893,
    2.017037341392));
#12068 = CARTESIAN_POINT('',(-1.234902200889,-3.473808210322,
    2.017037203778));
#12069 = CARTESIAN_POINT('',(-2.634324724748,-2.095052673194,
    2.017037507657));
#12070 = CARTESIAN_POINT('',(-3.335704239193,2.968070234033E-12,
    2.017037068171));
#12071 = CARTESIAN_POINT('',(-2.634324724748,2.095052673188,
    2.017037507657));
#12072 = CARTESIAN_POINT('',(-1.23490220089,3.473808210326,
    2.017037203778));
#12073 = CARTESIAN_POINT('',(0.644651798713,4.026281720891,
    2.017037341392));
#12074 = CARTESIAN_POINT('',(2.397473409613,3.601570594419,
    2.017037307084));
#12075 = CARTESIAN_POINT('',(3.611770905991,2.529527326261,
    2.017037309501));
#12076 = CARTESIAN_POINT('',(4.183588523917,1.149037477858,
    2.017037309501));
#12077 = CARTESIAN_POINT('',(4.206986169676,1.092550564139,
    2.017037309501));
#12078 = CARTESIAN_POINT('',(4.230413464688,1.035992070792,
    2.017037309501));
#12079 = CARTESIAN_POINT('',(4.253870408952,0.979361997818,
    2.017037309501));
#12080 = CARTESIAN_POINT('',(4.277357002469,0.922660345216,
    2.017037309501));
#12081 = CARTESIAN_POINT('',(4.300873245238,0.865887112986,
    2.017037309501));
#12082 = CARTESIAN_POINT('',(4.32441913726,0.809042301129,2.017037309501
    ));
#12083 = CARTESIAN_POINT('',(4.347994678534,0.752125909643,
    2.017037309501));
#12084 = CARTESIAN_POINT('',(4.371599869061,0.695137938531,
    2.017037309501));
#12085 = CARTESIAN_POINT('',(4.395234708841,0.63807838779,2.017037309501
    ));
#12086 = CARTESIAN_POINT('',(4.418899197873,0.580947257422,
    2.017037309501));
#12087 = CARTESIAN_POINT('',(4.442593336158,0.523744547427,
    2.017037309501));
#12088 = CARTESIAN_POINT('',(4.442593336158,-0.523744547427,
    2.135020857149));
#12089 = CARTESIAN_POINT('',(4.418899197873,-0.580947257422,
    2.135020857149));
#12090 = CARTESIAN_POINT('',(4.395234708841,-0.63807838779,
    2.135020857149));
#12091 = CARTESIAN_POINT('',(4.371599869062,-0.695137938531,
    2.135020857149));
#12092 = CARTESIAN_POINT('',(4.347994678535,-0.752125909643,
    2.135020857149));
#12093 = CARTESIAN_POINT('',(4.32441913726,-0.809042301129,
    2.135020857149));
#12094 = CARTESIAN_POINT('',(4.300873245238,-0.865887112986,
    2.135020857149));
#12095 = CARTESIAN_POINT('',(4.277357002469,-0.922660345216,
    2.135020857149));
#12096 = CARTESIAN_POINT('',(4.253870408952,-0.979361997818,
    2.135020857149));
#12097 = CARTESIAN_POINT('',(4.230413464688,-1.035992070792,
    2.135020857149));
#12098 = CARTESIAN_POINT('',(4.206986169676,-1.092550564139,
    2.135020857149));
#12099 = CARTESIAN_POINT('',(4.183588523917,-1.149037477858,
    2.135020857149));
#12100 = CARTESIAN_POINT('',(3.61177090599,-2.52952732626,2.135020857149
    ));
#12101 = CARTESIAN_POINT('',(2.397473580719,-3.601570783487,
    2.135020819723));
#12102 = CARTESIAN_POINT('',(0.644651861498,-4.026279926309,
    2.135021351086));
#12103 = CARTESIAN_POINT('',(-1.234906135462,-3.473813323936,
    2.135019219701));
#12104 = CARTESIAN_POINT('',(-2.634312668057,-2.095046805733,
    2.135023926195));
#12105 = CARTESIAN_POINT('',(-3.335721730313,-3.16902060149E-12,
    2.135017119406));
#12106 = CARTESIAN_POINT('',(-2.634312668057,2.095046805739,
    2.135023926196));
#12107 = CARTESIAN_POINT('',(-1.234906135462,3.473813323932,2.1350192197
    ));
#12108 = CARTESIAN_POINT('',(0.644651861498,4.026279926311,
    2.135021351086));
#12109 = CARTESIAN_POINT('',(2.397473580719,3.601570783485,
    2.135020819722));
#12110 = CARTESIAN_POINT('',(3.61177090599,2.529527326261,2.135020857149
    ));
#12111 = CARTESIAN_POINT('',(4.183588523917,1.149037477858,
    2.135020857149));
#12112 = CARTESIAN_POINT('',(4.206986169676,1.092550564139,
    2.135020857149));
#12113 = CARTESIAN_POINT('',(4.230413464688,1.035992070792,
    2.135020857149));
#12114 = CARTESIAN_POINT('',(4.253870408952,0.979361997818,
    2.135020857149));
#12115 = CARTESIAN_POINT('',(4.277357002469,0.922660345216,
    2.135020857149));
#12116 = CARTESIAN_POINT('',(4.300873245238,0.865887112986,
    2.135020857149));
#12117 = CARTESIAN_POINT('',(4.32441913726,0.809042301128,2.135020857149
    ));
#12118 = CARTESIAN_POINT('',(4.347994678535,0.752125909643,
    2.135020857149));
#12119 = CARTESIAN_POINT('',(4.371599869062,0.695137938531,
    2.135020857149));
#12120 = CARTESIAN_POINT('',(4.395234708841,0.63807838779,2.135020857149
    ));
#12121 = CARTESIAN_POINT('',(4.418899197873,0.580947257422,
    2.135020857149));
#12122 = CARTESIAN_POINT('',(4.442593336158,0.523744547427,
    2.135020857149));
#12123 = ADVANCED_FACE('',(#12124),#12146,.T.);
#12124 = FACE_BOUND('',#12125,.T.);
#12125 = EDGE_LOOP('',(#12126,#12127,#12144,#12145));
#12126 = ORIENTED_EDGE('',*,*,#12004,.T.);
#12127 = ORIENTED_EDGE('',*,*,#12128,.T.);
#12128 = EDGE_CURVE('',#11965,#11950,#12129,.T.);
#12129 = B_SPLINE_CURVE_WITH_KNOTS('',5,(#12130,#12131,#12132,#12133,
    #12134,#12135,#12136,#12137,#12138,#12139,#12140,#12141,#12142,
    #12143),.UNSPECIFIED.,.F.,.F.,(6,4,4,6),(-0.150460971643,
    -1.699349482392E-07,2.474004384637,2.624464954166),.UNSPECIFIED.);
#12130 = CARTESIAN_POINT('',(4.102641670439,1.344460469082,
    2.135020857149));
#12131 = CARTESIAN_POINT('',(4.114157445154,1.316658929638,
    2.135020857149));
#12132 = CARTESIAN_POINT('',(4.125673218125,1.288857394406,
    2.135020857149));
#12133 = CARTESIAN_POINT('',(4.137188989351,1.261055863385,
    2.135020857149));
#12134 = CARTESIAN_POINT('',(4.148704758833,1.233254336576,
    2.135020857149));
#12135 = CARTESIAN_POINT('',(4.349572580446,0.748316518349,
    2.135020857149));
#12136 = CARTESIAN_POINT('',(4.44918882011,0.254004984338,2.135020857149
    ));
#12137 = CARTESIAN_POINT('',(4.449189507099,-0.254003344051,
    2.135020857149));
#12138 = CARTESIAN_POINT('',(4.349572930008,-0.748315674432,
    2.135020857149));
#12139 = CARTESIAN_POINT('',(4.148704755344,-1.233254344999,
    2.135020857149));
#12140 = CARTESIAN_POINT('',(4.137188984118,-1.26105587602,
    2.135020857149));
#12141 = CARTESIAN_POINT('',(4.125673212892,-1.288857407041,
    2.135020857149));
#12142 = CARTESIAN_POINT('',(4.114157441665,-1.316658938061,
    2.135020857149));
#12143 = CARTESIAN_POINT('',(4.102641670439,-1.344460469082,
    2.135020857149));
#12144 = ORIENTED_EDGE('',*,*,#11949,.F.);
#12145 = ORIENTED_EDGE('',*,*,#11920,.F.);
#12146 = ( BOUNDED_SURFACE() B_SPLINE_SURFACE(2,5,(
    (#12147,#12148,#12149,#12150,#12151,#12152,#12153,#12154,#12155
      ,#12156,#12157,#12158,#12159,#12160)
    ,(#12161,#12162,#12163,#12164,#12165,#12166,#12167,#12168,#12169
      ,#12170,#12171,#12172,#12173,#12174)
    ,(#12175,#12176,#12177,#12178,#12179,#12180,#12181,#12182,#12183
      ,#12184,#12185,#12186,#12187,#12188
)),.UNSPECIFIED.,.F.,.F.,.F.) B_SPLINE_SURFACE_WITH_KNOTS((3,3),(6,4,4,6
    ),(0.,2.474004554572),(-0.150460971643,-1.699349482392E-07,
    2.474004384637,2.624464954166),.UNSPECIFIED.) 
GEOMETRIC_REPRESENTATION_ITEM() RATIONAL_B_SPLINE_SURFACE((
    (1.,1.,1.,1.,1.,1.,1.,1.,1.,1.,1.,1.,1.,1.)
    ,(0.93061798229,0.93061798229,0.93061798229,0.93061798229
      ,0.93061798229,0.93061798229,0.93061798229,0.93061798229
      ,0.93061798229,0.93061798229,0.93061798229,0.93061798229
      ,0.93061798229,0.93061798229)
,(1.,1.,1.,1.,1.,1.,1.,1.,1.,1.,1.,1.,1.,1.
))) REPRESENTATION_ITEM('') SURFACE() );
#12147 = CARTESIAN_POINT('',(4.028389379453,1.313704158425,
    1.930661594627));
#12148 = CARTESIAN_POINT('',(4.040198971339,1.285193281472,
    1.930661594627));
#12149 = CARTESIAN_POINT('',(4.051861652875,1.257037077477,
    1.930661594627));
#12150 = CARTESIAN_POINT('',(4.063377424063,1.22923554644,1.930661594627
    ));
#12151 = CARTESIAN_POINT('',(4.074746284901,1.201788688362,
    1.930661594627));
#12152 = CARTESIAN_POINT('',(4.270489096011,0.72922373811,1.930661594627
    ));
#12153 = CARTESIAN_POINT('',(4.367563702078,0.247524287167,
    1.930661594627));
#12154 = CARTESIAN_POINT('',(4.36756434983,-0.247522755157,
    1.930661594627));
#12155 = CARTESIAN_POINT('',(4.270489454492,-0.729222872661,
    1.930661594627));
#12156 = CARTESIAN_POINT('',(4.074746280416,-1.201788699189,
    1.930661594627));
#12157 = CARTESIAN_POINT('',(4.063377417335,-1.229235562681,
    1.930661594627));
#12158 = CARTESIAN_POINT('',(4.051861646148,-1.257037093718,
    1.930661594627));
#12159 = CARTESIAN_POINT('',(4.040198966854,-1.285193292299,
    1.930661594627));
#12160 = CARTESIAN_POINT('',(4.028389379453,-1.313704158425,
    1.930661594627));
#12161 = CARTESIAN_POINT('',(4.102641670439,1.344460469082,
    2.017037309501));
#12162 = CARTESIAN_POINT('',(4.114157445154,1.316658929638,
    2.017037309501));
#12163 = CARTESIAN_POINT('',(4.125673218125,1.288857394406,
    2.017037309501));
#12164 = CARTESIAN_POINT('',(4.137188989351,1.261055863385,
    2.017037309501));
#12165 = CARTESIAN_POINT('',(4.148704758833,1.233254336576,
    2.017037309501));
#12166 = CARTESIAN_POINT('',(4.349572580446,0.748316518349,
    2.017037309501));
#12167 = CARTESIAN_POINT('',(4.44918882011,0.254004984338,2.017037309501
    ));
#12168 = CARTESIAN_POINT('',(4.449189507099,-0.254003344051,
    2.017037309501));
#12169 = CARTESIAN_POINT('',(4.349572930008,-0.748315674432,
    2.017037309501));
#12170 = CARTESIAN_POINT('',(4.148704755344,-1.233254344999,
    2.017037309501));
#12171 = CARTESIAN_POINT('',(4.137188984118,-1.26105587602,
    2.017037309501));
#12172 = CARTESIAN_POINT('',(4.125673212892,-1.288857407041,
    2.017037309501));
#12173 = CARTESIAN_POINT('',(4.114157441665,-1.316658938061,
    2.017037309501));
#12174 = CARTESIAN_POINT('',(4.102641670439,-1.344460469082,
    2.017037309501));
#12175 = CARTESIAN_POINT('',(4.102641670439,1.344460469082,
    2.135020857149));
#12176 = CARTESIAN_POINT('',(4.114157445154,1.316658929638,
    2.135020857149));
#12177 = CARTESIAN_POINT('',(4.125673218125,1.288857394406,
    2.135020857149));
#12178 = CARTESIAN_POINT('',(4.137188989351,1.261055863385,
    2.135020857149));
#12179 = CARTESIAN_POINT('',(4.148704758833,1.233254336576,
    2.135020857149));
#12180 = CARTESIAN_POINT('',(4.349572580446,0.748316518349,
    2.135020857149));
#12181 = CARTESIAN_POINT('',(4.44918882011,0.254004984338,2.135020857149
    ));
#12182 = CARTESIAN_POINT('',(4.449189507099,-0.254003344051,
    2.135020857149));
#12183 = CARTESIAN_POINT('',(4.349572930008,-0.748315674432,
    2.135020857149));
#12184 = CARTESIAN_POINT('',(4.148704755344,-1.233254344999,
    2.135020857149));
#12185 = CARTESIAN_POINT('',(4.137188984118,-1.26105587602,
    2.135020857149));
#12186 = CARTESIAN_POINT('',(4.125673212892,-1.288857407041,
    2.135020857149));
#12187 = CARTESIAN_POINT('',(4.114157441665,-1.316658938061,
    2.135020857149));
#12188 = CARTESIAN_POINT('',(4.102641670439,-1.344460469082,
    2.135020857149));
#12189 = ADVANCED_FACE('',(#12190),#12216,.T.);
#12190 = FACE_BOUND('',#12191,.T.);
#12191 = EDGE_LOOP('',(#12192,#12203,#12209,#12210));
#12192 = ORIENTED_EDGE('',*,*,#12193,.T.);
#12193 = EDGE_CURVE('',#12194,#12196,#12198,.T.);
#12194 = VERTEX_POINT('',#12195);
#12195 = CARTESIAN_POINT('',(4.160220527411,-1.20545281195,6.1));
#12196 = VERTEX_POINT('',#12197);
#12197 = CARTESIAN_POINT('',(4.160220527411,1.20545281195,6.1));
#12198 = CIRCLE('',#12199,3.15);
#12199 = AXIS2_PLACEMENT_3D('',#12200,#12201,#12202);
#12200 = CARTESIAN_POINT('',(1.25,0.,6.1));
#12201 = DIRECTION('',(0.,-0.,-1.));
#12202 = DIRECTION('',(0.923879532511,-0.382683432365,0.));
#12203 = ORIENTED_EDGE('',*,*,#12204,.F.);
#12204 = EDGE_CURVE('',#11965,#12196,#12205,.T.);
#12205 = LINE('',#12206,#12207);
#12206 = CARTESIAN_POINT('',(4.160220527411,1.20545281195,2.));
#12207 = VECTOR('',#12208,1.);
#12208 = DIRECTION('',(0.,0.,1.));
#12209 = ORIENTED_EDGE('',*,*,#11964,.F.);
#12210 = ORIENTED_EDGE('',*,*,#12211,.T.);
#12211 = EDGE_CURVE('',#11950,#12194,#12212,.T.);
#12212 = LINE('',#12213,#12214);
#12213 = CARTESIAN_POINT('',(4.160220527411,-1.20545281195,2.));
#12214 = VECTOR('',#12215,1.);
#12215 = DIRECTION('',(0.,0.,1.));
#12216 = CYLINDRICAL_SURFACE('',#12217,3.15);
#12217 = AXIS2_PLACEMENT_3D('',#12218,#12219,#12220);
#12218 = CARTESIAN_POINT('',(1.25,0.,2.));
#12219 = DIRECTION('',(0.,0.,1.));
#12220 = DIRECTION('',(0.923879532511,-0.382683432365,0.));
#12221 = ADVANCED_FACE('',(#12222,#12234),#12326,.T.);
#12222 = FACE_BOUND('',#12223,.T.);
#12223 = EDGE_LOOP('',(#12224,#12231,#12232,#12233));
#12224 = ORIENTED_EDGE('',*,*,#12225,.T.);
#12225 = EDGE_CURVE('',#12196,#12194,#12226,.T.);
#12226 = CIRCLE('',#12227,3.15);
#12227 = AXIS2_PLACEMENT_3D('',#12228,#12229,#12230);
#12228 = CARTESIAN_POINT('',(1.25,0.,6.1));
#12229 = DIRECTION('',(0.,0.,-1.));
#12230 = DIRECTION('',(0.923879532511,0.382683432365,0.));
#12231 = ORIENTED_EDGE('',*,*,#12211,.F.);
#12232 = ORIENTED_EDGE('',*,*,#12128,.F.);
#12233 = ORIENTED_EDGE('',*,*,#12204,.T.);
#12234 = FACE_BOUND('',#12235,.T.);
#12235 = EDGE_LOOP('',(#12236,#12246,#12260,#12269,#12283,#12291,#12305,
    #12314));
#12236 = ORIENTED_EDGE('',*,*,#12237,.T.);
#12237 = EDGE_CURVE('',#12238,#12240,#12242,.T.);
#12238 = VERTEX_POINT('',#12239);
#12239 = CARTESIAN_POINT('',(4.390063693622,-0.25,2.399));
#12240 = VERTEX_POINT('',#12241);
#12241 = CARTESIAN_POINT('',(4.390063693622,-0.25,3.901));
#12242 = LINE('',#12243,#12244);
#12243 = CARTESIAN_POINT('',(4.390063693622,-0.25,2.));
#12244 = VECTOR('',#12245,1.);
#12245 = DIRECTION('',(0.,0.,1.));
#12246 = ORIENTED_EDGE('',*,*,#12247,.F.);
#12247 = EDGE_CURVE('',#12248,#12240,#12250,.T.);
#12248 = VERTEX_POINT('',#12249);
#12249 = CARTESIAN_POINT('',(4.39999984127,-1.E-03,4.15));
#12250 = B_SPLINE_CURVE_WITH_KNOTS('',8,(#12251,#12252,#12253,#12254,
    #12255,#12256,#12257,#12258,#12259),.UNSPECIFIED.,.F.,.F.,(9,9),(0.,
    1.),.PIECEWISE_BEZIER_KNOTS.);
#12251 = CARTESIAN_POINT('',(4.39999984127,-1.000000000001E-03,4.15));
#12252 = CARTESIAN_POINT('',(4.399982832147,-5.457873493797E-02,4.15));
#12253 = CARTESIAN_POINT('',(4.398924962418,-0.105860655764,
    4.136823478699));
#12254 = CARTESIAN_POINT('',(4.396983999654,-0.151858354996,
    4.112452495157));
#12255 = CARTESIAN_POINT('',(4.394628545982,-0.190544274441,
    4.078937530663));
#12256 = CARTESIAN_POINT('',(4.392425632883,-0.220329159971,
    4.038561656652));
#12257 = CARTESIAN_POINT('',(4.390837535903,-0.240281331805,
    3.993723730179));
#12258 = CARTESIAN_POINT('',(4.390063693622,-0.25,3.947017732857));
#12259 = CARTESIAN_POINT('',(4.390063693622,-0.25,3.901));
#12260 = ORIENTED_EDGE('',*,*,#12261,.T.);
#12261 = EDGE_CURVE('',#12248,#12262,#12264,.T.);
#12262 = VERTEX_POINT('',#12263);
#12263 = CARTESIAN_POINT('',(4.39999984127,9.999999999997E-04,4.15));
#12264 = CIRCLE('',#12265,3.15);
#12265 = AXIS2_PLACEMENT_3D('',#12266,#12267,#12268);
#12266 = CARTESIAN_POINT('',(1.25,0.,4.15));
#12267 = DIRECTION('',(0.,-0.,1.));
#12268 = DIRECTION('',(0.923879532511,0.382683432365,0.));
#12269 = ORIENTED_EDGE('',*,*,#12270,.F.);
#12270 = EDGE_CURVE('',#12271,#12262,#12273,.T.);
#12271 = VERTEX_POINT('',#12272);
#12272 = CARTESIAN_POINT('',(4.390063693622,0.25,3.901));
#12273 = B_SPLINE_CURVE_WITH_KNOTS('',8,(#12274,#12275,#12276,#12277,
    #12278,#12279,#12280,#12281,#12282),.UNSPECIFIED.,.F.,.F.,(9,9),(0.,
    1.),.PIECEWISE_BEZIER_KNOTS.);
#12274 = CARTESIAN_POINT('',(4.390063693622,0.25,3.901));
#12275 = CARTESIAN_POINT('',(4.390063693622,0.25,3.94700658647));
#12276 = CARTESIAN_POINT('',(4.390837156831,0.240286057061,
    3.993714055517));
#12277 = CARTESIAN_POINT('',(4.392425259348,0.220333951949,
    4.038563137215));
#12278 = CARTESIAN_POINT('',(4.394629002117,0.190540617786,
    4.078947056242));
#12279 = CARTESIAN_POINT('',(4.39698493313,0.151845982412,4.112464490725
    ));
#12280 = CARTESIAN_POINT('',(4.398925562906,0.105841643592,
    4.136830953417));
#12281 = CARTESIAN_POINT('',(4.399982836978,5.456351661409E-02,4.15));
#12282 = CARTESIAN_POINT('',(4.39999984127,1.000000000001E-03,4.15));
#12283 = ORIENTED_EDGE('',*,*,#12284,.F.);
#12284 = EDGE_CURVE('',#12285,#12271,#12287,.T.);
#12285 = VERTEX_POINT('',#12286);
#12286 = CARTESIAN_POINT('',(4.390063693622,0.25,2.399));
#12287 = LINE('',#12288,#12289);
#12288 = CARTESIAN_POINT('',(4.390063693622,0.25,2.));
#12289 = VECTOR('',#12290,1.);
#12290 = DIRECTION('',(0.,0.,1.));
#12291 = ORIENTED_EDGE('',*,*,#12292,.T.);
#12292 = EDGE_CURVE('',#12285,#12293,#12295,.T.);
#12293 = VERTEX_POINT('',#12294);
#12294 = CARTESIAN_POINT('',(4.39999984127,9.999999999997E-04,2.15));
#12295 = B_SPLINE_CURVE_WITH_KNOTS('',8,(#12296,#12297,#12298,#12299,
    #12300,#12301,#12302,#12303,#12304),.UNSPECIFIED.,.F.,.F.,(9,9),(0.,
    1.),.PIECEWISE_BEZIER_KNOTS.);
#12296 = CARTESIAN_POINT('',(4.390063693622,0.25,2.399));
#12297 = CARTESIAN_POINT('',(4.390063693622,0.25,2.35299341353));
#12298 = CARTESIAN_POINT('',(4.390837156831,0.240286057061,
    2.306285944483));
#12299 = CARTESIAN_POINT('',(4.392425259347,0.22033395195,2.261436862787
    ));
#12300 = CARTESIAN_POINT('',(4.394629002117,0.190540617785,
    2.221052943756));
#12301 = CARTESIAN_POINT('',(4.39698493313,0.151845982412,2.187535509277
    ));
#12302 = CARTESIAN_POINT('',(4.398925562906,0.105841643593,
    2.163169046583));
#12303 = CARTESIAN_POINT('',(4.399982836978,5.456351661366E-02,2.15));
#12304 = CARTESIAN_POINT('',(4.39999984127,1.000000000001E-03,2.15));
#12305 = ORIENTED_EDGE('',*,*,#12306,.F.);
#12306 = EDGE_CURVE('',#12307,#12293,#12309,.T.);
#12307 = VERTEX_POINT('',#12308);
#12308 = CARTESIAN_POINT('',(4.39999984127,-1.E-03,2.15));
#12309 = CIRCLE('',#12310,3.15);
#12310 = AXIS2_PLACEMENT_3D('',#12311,#12312,#12313);
#12311 = CARTESIAN_POINT('',(1.25,0.,2.15));
#12312 = DIRECTION('',(0.,-0.,1.));
#12313 = DIRECTION('',(0.923879532511,0.382683432365,0.));
#12314 = ORIENTED_EDGE('',*,*,#12315,.T.);
#12315 = EDGE_CURVE('',#12307,#12238,#12316,.T.);
#12316 = B_SPLINE_CURVE_WITH_KNOTS('',8,(#12317,#12318,#12319,#12320,
    #12321,#12322,#12323,#12324,#12325),.UNSPECIFIED.,.F.,.F.,(9,9),(0.,
    1.),.PIECEWISE_BEZIER_KNOTS.);
#12317 = CARTESIAN_POINT('',(4.39999984127,-1.000000000001E-03,2.15));
#12318 = CARTESIAN_POINT('',(4.399982832147,-5.457873493738E-02,2.15));
#12319 = CARTESIAN_POINT('',(4.398924962418,-0.105860655765,
    2.163176521301));
#12320 = CARTESIAN_POINT('',(4.396983999654,-0.151858354994,
    2.187547504842));
#12321 = CARTESIAN_POINT('',(4.394628545982,-0.190544274443,
    2.221062469337));
#12322 = CARTESIAN_POINT('',(4.392425632883,-0.22032915997,
    2.261438343347));
#12323 = CARTESIAN_POINT('',(4.390837535903,-0.240281331806,
    2.306276269822));
#12324 = CARTESIAN_POINT('',(4.390063693622,-0.25,2.352982267143));
#12325 = CARTESIAN_POINT('',(4.390063693622,-0.25,2.399));
#12326 = CYLINDRICAL_SURFACE('',#12327,3.15);
#12327 = AXIS2_PLACEMENT_3D('',#12328,#12329,#12330);
#12328 = CARTESIAN_POINT('',(1.25,0.,2.));
#12329 = DIRECTION('',(0.,0.,1.));
#12330 = DIRECTION('',(0.923879532511,0.382683432365,-0.));
#12331 = ADVANCED_FACE('',(#12332),#12360,.T.);
#12332 = FACE_BOUND('',#12333,.T.);
#12333 = EDGE_LOOP('',(#12334,#12343,#12352,#12359));
#12334 = ORIENTED_EDGE('',*,*,#12335,.T.);
#12335 = EDGE_CURVE('',#12194,#12336,#12338,.T.);
#12336 = VERTEX_POINT('',#12337);
#12337 = CARTESIAN_POINT('',(3.975444620908,-1.128916125477,6.3));
#12338 = CIRCLE('',#12339,0.2);
#12339 = AXIS2_PLACEMENT_3D('',#12340,#12341,#12342);
#12340 = CARTESIAN_POINT('',(3.975444620908,-1.128916125477,6.1));
#12341 = DIRECTION('',(-0.382683432365,-0.923879532511,0.));
#12342 = DIRECTION('',(0.923879532511,-0.382683432365,0.));
#12343 = ORIENTED_EDGE('',*,*,#12344,.T.);
#12344 = EDGE_CURVE('',#12336,#12345,#12347,.T.);
#12345 = VERTEX_POINT('',#12346);
#12346 = CARTESIAN_POINT('',(3.975444620908,1.128916125477,6.3));
#12347 = CIRCLE('',#12348,2.95);
#12348 = AXIS2_PLACEMENT_3D('',#12349,#12350,#12351);
#12349 = CARTESIAN_POINT('',(1.25,0.,6.3));
#12350 = DIRECTION('',(0.,-0.,-1.));
#12351 = DIRECTION('',(0.923879532511,-0.382683432365,0.));
#12352 = ORIENTED_EDGE('',*,*,#12353,.F.);
#12353 = EDGE_CURVE('',#12196,#12345,#12354,.T.);
#12354 = CIRCLE('',#12355,0.2);
#12355 = AXIS2_PLACEMENT_3D('',#12356,#12357,#12358);
#12356 = CARTESIAN_POINT('',(3.975444620908,1.128916125477,6.1));
#12357 = DIRECTION('',(0.382683432365,-0.923879532511,0.));
#12358 = DIRECTION('',(0.923879532511,0.382683432365,0.));
#12359 = ORIENTED_EDGE('',*,*,#12193,.F.);
#12360 = TOROIDAL_SURFACE('',#12361,2.95,0.2);
#12361 = AXIS2_PLACEMENT_3D('',#12362,#12363,#12364);
#12362 = CARTESIAN_POINT('',(1.25,0.,6.1));
#12363 = DIRECTION('',(0.,0.,1.));
#12364 = DIRECTION('',(0.923879532511,-0.382683432365,0.));
#12365 = ADVANCED_FACE('',(#12366),#12378,.T.);
#12366 = FACE_BOUND('',#12367,.T.);
#12367 = EDGE_LOOP('',(#12368,#12369,#12376,#12377));
#12368 = ORIENTED_EDGE('',*,*,#12353,.T.);
#12369 = ORIENTED_EDGE('',*,*,#12370,.T.);
#12370 = EDGE_CURVE('',#12345,#12336,#12371,.T.);
#12371 = CIRCLE('',#12372,2.95);
#12372 = AXIS2_PLACEMENT_3D('',#12373,#12374,#12375);
#12373 = CARTESIAN_POINT('',(1.25,0.,6.3));
#12374 = DIRECTION('',(0.,0.,-1.));
#12375 = DIRECTION('',(0.923879532511,0.382683432365,0.));
#12376 = ORIENTED_EDGE('',*,*,#12335,.F.);
#12377 = ORIENTED_EDGE('',*,*,#12225,.F.);
#12378 = TOROIDAL_SURFACE('',#12379,2.95,0.2);
#12379 = AXIS2_PLACEMENT_3D('',#12380,#12381,#12382);
#12380 = CARTESIAN_POINT('',(1.25,0.,6.1));
#12381 = DIRECTION('',(0.,0.,1.));
#12382 = DIRECTION('',(0.923879532511,0.382683432365,-0.));
#12383 = ADVANCED_FACE('',(#12384),#12394,.T.);
#12384 = FACE_BOUND('',#12385,.T.);
#12385 = EDGE_LOOP('',(#12386,#12387,#12388,#12389,#12390,#12391,#12392,
    #12393));
#12386 = ORIENTED_EDGE('',*,*,#12270,.T.);
#12387 = ORIENTED_EDGE('',*,*,#12261,.F.);
#12388 = ORIENTED_EDGE('',*,*,#12247,.T.);
#12389 = ORIENTED_EDGE('',*,*,#12237,.F.);
#12390 = ORIENTED_EDGE('',*,*,#12315,.F.);
#12391 = ORIENTED_EDGE('',*,*,#12306,.T.);
#12392 = ORIENTED_EDGE('',*,*,#12292,.F.);
#12393 = ORIENTED_EDGE('',*,*,#12284,.T.);
#12394 = CYLINDRICAL_SURFACE('',#12395,3.15);
#12395 = AXIS2_PLACEMENT_3D('',#12396,#12397,#12398);
#12396 = CARTESIAN_POINT('',(1.25,0.,2.));
#12397 = DIRECTION('',(0.,0.,1.));
#12398 = DIRECTION('',(0.923879532511,0.382683432365,-0.));
#12399 = ADVANCED_FACE('',(#12400),#12426,.F.);
#12400 = FACE_BOUND('',#12401,.F.);
#12401 = EDGE_LOOP('',(#12402,#12403,#12411,#12420));
#12402 = ORIENTED_EDGE('',*,*,#12344,.T.);
#12403 = ORIENTED_EDGE('',*,*,#12404,.T.);
#12404 = EDGE_CURVE('',#12345,#12405,#12407,.T.);
#12405 = VERTEX_POINT('',#12406);
#12406 = CARTESIAN_POINT('',(3.287154369187,0.843816968365,6.3));
#12407 = LINE('',#12408,#12409);
#12408 = CARTESIAN_POINT('',(3.975444620908,1.128916125477,6.3));
#12409 = VECTOR('',#12410,1.);
#12410 = DIRECTION('',(-0.923879532511,-0.382683432365,0.));
#12411 = ORIENTED_EDGE('',*,*,#12412,.F.);
#12412 = EDGE_CURVE('',#12413,#12405,#12415,.T.);
#12413 = VERTEX_POINT('',#12414);
#12414 = CARTESIAN_POINT('',(3.287154369187,-0.843816968365,6.3));
#12415 = CIRCLE('',#12416,2.205);
#12416 = AXIS2_PLACEMENT_3D('',#12417,#12418,#12419);
#12417 = CARTESIAN_POINT('',(1.25,0.,6.3));
#12418 = DIRECTION('',(0.,-0.,-1.));
#12419 = DIRECTION('',(0.923879532511,-0.382683432365,0.));
#12420 = ORIENTED_EDGE('',*,*,#12421,.F.);
#12421 = EDGE_CURVE('',#12336,#12413,#12422,.T.);
#12422 = LINE('',#12423,#12424);
#12423 = CARTESIAN_POINT('',(3.975444620908,-1.128916125477,6.3));
#12424 = VECTOR('',#12425,1.);
#12425 = DIRECTION('',(-0.923879532511,0.382683432365,0.));
#12426 = PLANE('',#12427);
#12427 = AXIS2_PLACEMENT_3D('',#12428,#12429,#12430);
#12428 = CARTESIAN_POINT('',(1.25,0.,6.3));
#12429 = DIRECTION('',(0.,0.,-1.));
#12430 = DIRECTION('',(0.923879532511,-0.382683432365,0.));
#12431 = ADVANCED_FACE('',(#12432),#12444,.F.);
#12432 = FACE_BOUND('',#12433,.F.);
#12433 = EDGE_LOOP('',(#12434,#12435,#12436,#12443));
#12434 = ORIENTED_EDGE('',*,*,#12370,.T.);
#12435 = ORIENTED_EDGE('',*,*,#12421,.T.);
#12436 = ORIENTED_EDGE('',*,*,#12437,.F.);
#12437 = EDGE_CURVE('',#12405,#12413,#12438,.T.);
#12438 = CIRCLE('',#12439,2.205);
#12439 = AXIS2_PLACEMENT_3D('',#12440,#12441,#12442);
#12440 = CARTESIAN_POINT('',(1.25,0.,6.3));
#12441 = DIRECTION('',(0.,0.,-1.));
#12442 = DIRECTION('',(0.923879532511,0.382683432365,0.));
#12443 = ORIENTED_EDGE('',*,*,#12404,.F.);
#12444 = PLANE('',#12445);
#12445 = AXIS2_PLACEMENT_3D('',#12446,#12447,#12448);
#12446 = CARTESIAN_POINT('',(1.25,0.,6.3));
#12447 = DIRECTION('',(0.,0.,-1.));
#12448 = DIRECTION('',(0.923879532511,0.382683432365,0.));
#12449 = ADVANCED_FACE('',(#12450),#12587,.F.);
#12450 = FACE_BOUND('',#12451,.F.);
#12451 = EDGE_LOOP('',(#12452,#12460,#12461,#12469,#12478,#12486,#12495,
    #12503,#12512,#12520,#12529,#12538,#12546,#12555,#12563,#12572,
    #12580));
#12452 = ORIENTED_EDGE('',*,*,#12453,.F.);
#12453 = EDGE_CURVE('',#12413,#12454,#12456,.T.);
#12454 = VERTEX_POINT('',#12455);
#12455 = CARTESIAN_POINT('',(3.287154369187,-0.843816968365,6.2));
#12456 = LINE('',#12457,#12458);
#12457 = CARTESIAN_POINT('',(3.287154369187,-0.843816968365,6.3));
#12458 = VECTOR('',#12459,1.);
#12459 = DIRECTION('',(0.,0.,-1.));
#12460 = ORIENTED_EDGE('',*,*,#12412,.T.);
#12461 = ORIENTED_EDGE('',*,*,#12462,.T.);
#12462 = EDGE_CURVE('',#12405,#12463,#12465,.T.);
#12463 = VERTEX_POINT('',#12464);
#12464 = CARTESIAN_POINT('',(3.287154369187,0.843816968365,6.2));
#12465 = LINE('',#12466,#12467);
#12466 = CARTESIAN_POINT('',(3.287154369187,0.843816968365,6.3));
#12467 = VECTOR('',#12468,1.);
#12468 = DIRECTION('',(0.,0.,-1.));
#12469 = ORIENTED_EDGE('',*,*,#12470,.T.);
#12470 = EDGE_CURVE('',#12463,#12471,#12473,.T.);
#12471 = VERTEX_POINT('',#12472);
#12472 = CARTESIAN_POINT('',(1.3,2.204433033685,6.2));
#12473 = CIRCLE('',#12474,2.205);
#12474 = AXIS2_PLACEMENT_3D('',#12475,#12476,#12477);
#12475 = CARTESIAN_POINT('',(1.25,0.,6.2));
#12476 = DIRECTION('',(0.,0.,1.));
#12477 = DIRECTION('',(-1.,1.224646799147E-16,0.));
#12478 = ORIENTED_EDGE('',*,*,#12479,.T.);
#12479 = EDGE_CURVE('',#12471,#12480,#12482,.T.);
#12480 = VERTEX_POINT('',#12481);
#12481 = CARTESIAN_POINT('',(1.3,2.204433033685,6.1));
#12482 = LINE('',#12483,#12484);
#12483 = CARTESIAN_POINT('',(1.3,2.204433033685,6.));
#12484 = VECTOR('',#12485,1.);
#12485 = DIRECTION('',(0.,0.,-1.));
#12486 = ORIENTED_EDGE('',*,*,#12487,.F.);
#12487 = EDGE_CURVE('',#12488,#12480,#12490,.T.);
#12488 = VERTEX_POINT('',#12489);
#12489 = CARTESIAN_POINT('',(1.2,2.204433033685,6.1));
#12490 = CIRCLE('',#12491,2.205);
#12491 = AXIS2_PLACEMENT_3D('',#12492,#12493,#12494);
#12492 = CARTESIAN_POINT('',(1.25,0.,6.1));
#12493 = DIRECTION('',(0.,0.,-1.));
#12494 = DIRECTION('',(-1.,1.224646799147E-16,0.));
#12495 = ORIENTED_EDGE('',*,*,#12496,.F.);
#12496 = EDGE_CURVE('',#12497,#12488,#12499,.T.);
#12497 = VERTEX_POINT('',#12498);
#12498 = CARTESIAN_POINT('',(1.2,2.204433033685,6.2));
#12499 = LINE('',#12500,#12501);
#12500 = CARTESIAN_POINT('',(1.2,2.204433033685,6.));
#12501 = VECTOR('',#12502,1.);
#12502 = DIRECTION('',(0.,0.,-1.));
#12503 = ORIENTED_EDGE('',*,*,#12504,.T.);
#12504 = EDGE_CURVE('',#12497,#12505,#12507,.T.);
#12505 = VERTEX_POINT('',#12506);
#12506 = CARTESIAN_POINT('',(-0.954433033685,5.000000000003E-02,6.2));
#12507 = CIRCLE('',#12508,2.205);
#12508 = AXIS2_PLACEMENT_3D('',#12509,#12510,#12511);
#12509 = CARTESIAN_POINT('',(1.25,0.,6.2));
#12510 = DIRECTION('',(0.,0.,1.));
#12511 = DIRECTION('',(-1.,1.224646799147E-16,0.));
#12512 = ORIENTED_EDGE('',*,*,#12513,.T.);
#12513 = EDGE_CURVE('',#12505,#12514,#12516,.T.);
#12514 = VERTEX_POINT('',#12515);
#12515 = CARTESIAN_POINT('',(-0.954433033685,5.E-02,6.1));
#12516 = LINE('',#12517,#12518);
#12517 = CARTESIAN_POINT('',(-0.954433033685,5.E-02,6.));
#12518 = VECTOR('',#12519,1.);
#12519 = DIRECTION('',(0.,0.,-1.));
#12520 = ORIENTED_EDGE('',*,*,#12521,.F.);
#12521 = EDGE_CURVE('',#12522,#12514,#12524,.T.);
#12522 = VERTEX_POINT('',#12523);
#12523 = CARTESIAN_POINT('',(-0.955,2.70034619212E-16,6.1));
#12524 = CIRCLE('',#12525,2.205);
#12525 = AXIS2_PLACEMENT_3D('',#12526,#12527,#12528);
#12526 = CARTESIAN_POINT('',(1.25,0.,6.1));
#12527 = DIRECTION('',(0.,0.,-1.));
#12528 = DIRECTION('',(-1.,1.224646799147E-16,0.));
#12529 = ORIENTED_EDGE('',*,*,#12530,.F.);
#12530 = EDGE_CURVE('',#12531,#12522,#12533,.T.);
#12531 = VERTEX_POINT('',#12532);
#12532 = CARTESIAN_POINT('',(-0.954433033685,-5.E-02,6.1));
#12533 = CIRCLE('',#12534,2.205);
#12534 = AXIS2_PLACEMENT_3D('',#12535,#12536,#12537);
#12535 = CARTESIAN_POINT('',(1.25,0.,6.1));
#12536 = DIRECTION('',(0.,0.,-1.));
#12537 = DIRECTION('',(-1.,1.224646799147E-16,0.));
#12538 = ORIENTED_EDGE('',*,*,#12539,.F.);
#12539 = EDGE_CURVE('',#12540,#12531,#12542,.T.);
#12540 = VERTEX_POINT('',#12541);
#12541 = CARTESIAN_POINT('',(-0.954433033685,-5.000000000003E-02,6.2));
#12542 = LINE('',#12543,#12544);
#12543 = CARTESIAN_POINT('',(-0.954433033685,-5.E-02,6.));
#12544 = VECTOR('',#12545,1.);
#12545 = DIRECTION('',(0.,0.,-1.));
#12546 = ORIENTED_EDGE('',*,*,#12547,.T.);
#12547 = EDGE_CURVE('',#12540,#12548,#12550,.T.);
#12548 = VERTEX_POINT('',#12549);
#12549 = CARTESIAN_POINT('',(1.2,-2.204433033685,6.2));
#12550 = CIRCLE('',#12551,2.205);
#12551 = AXIS2_PLACEMENT_3D('',#12552,#12553,#12554);
#12552 = CARTESIAN_POINT('',(1.25,0.,6.2));
#12553 = DIRECTION('',(0.,0.,1.));
#12554 = DIRECTION('',(-1.,1.224646799147E-16,0.));
#12555 = ORIENTED_EDGE('',*,*,#12556,.T.);
#12556 = EDGE_CURVE('',#12548,#12557,#12559,.T.);
#12557 = VERTEX_POINT('',#12558);
#12558 = CARTESIAN_POINT('',(1.2,-2.204433033685,6.1));
#12559 = LINE('',#12560,#12561);
#12560 = CARTESIAN_POINT('',(1.2,-2.204433033685,6.));
#12561 = VECTOR('',#12562,1.);
#12562 = DIRECTION('',(0.,0.,-1.));
#12563 = ORIENTED_EDGE('',*,*,#12564,.F.);
#12564 = EDGE_CURVE('',#12565,#12557,#12567,.T.);
#12565 = VERTEX_POINT('',#12566);
#12566 = CARTESIAN_POINT('',(1.3,-2.204433033685,6.1));
#12567 = CIRCLE('',#12568,2.205);
#12568 = AXIS2_PLACEMENT_3D('',#12569,#12570,#12571);
#12569 = CARTESIAN_POINT('',(1.25,0.,6.1));
#12570 = DIRECTION('',(0.,0.,-1.));
#12571 = DIRECTION('',(-1.,1.224646799147E-16,0.));
#12572 = ORIENTED_EDGE('',*,*,#12573,.F.);
#12573 = EDGE_CURVE('',#12574,#12565,#12576,.T.);
#12574 = VERTEX_POINT('',#12575);
#12575 = CARTESIAN_POINT('',(1.3,-2.204433033685,6.2));
#12576 = LINE('',#12577,#12578);
#12577 = CARTESIAN_POINT('',(1.3,-2.204433033685,6.));
#12578 = VECTOR('',#12579,1.);
#12579 = DIRECTION('',(0.,0.,-1.));
#12580 = ORIENTED_EDGE('',*,*,#12581,.T.);
#12581 = EDGE_CURVE('',#12574,#12454,#12582,.T.);
#12582 = CIRCLE('',#12583,2.205);
#12583 = AXIS2_PLACEMENT_3D('',#12584,#12585,#12586);
#12584 = CARTESIAN_POINT('',(1.25,0.,6.2));
#12585 = DIRECTION('',(0.,0.,1.));
#12586 = DIRECTION('',(-1.,1.224646799147E-16,0.));
#12587 = CYLINDRICAL_SURFACE('',#12588,2.205);
#12588 = AXIS2_PLACEMENT_3D('',#12589,#12590,#12591);
#12589 = CARTESIAN_POINT('',(1.25,0.,6.3));
#12590 = DIRECTION('',(0.,0.,-1.));
#12591 = DIRECTION('',(0.923879532511,-0.382683432365,0.));
#12592 = ADVANCED_FACE('',(#12593),#12639,.F.);
#12593 = FACE_BOUND('',#12594,.F.);
#12594 = EDGE_LOOP('',(#12595,#12596,#12597,#12598,#12607,#12615,#12624,
    #12632));
#12595 = ORIENTED_EDGE('',*,*,#12462,.F.);
#12596 = ORIENTED_EDGE('',*,*,#12437,.T.);
#12597 = ORIENTED_EDGE('',*,*,#12453,.T.);
#12598 = ORIENTED_EDGE('',*,*,#12599,.T.);
#12599 = EDGE_CURVE('',#12454,#12600,#12602,.T.);
#12600 = VERTEX_POINT('',#12601);
#12601 = CARTESIAN_POINT('',(3.454433033685,-5.000000000005E-02,6.2));
#12602 = CIRCLE('',#12603,2.205);
#12603 = AXIS2_PLACEMENT_3D('',#12604,#12605,#12606);
#12604 = CARTESIAN_POINT('',(1.25,0.,6.2));
#12605 = DIRECTION('',(0.,0.,1.));
#12606 = DIRECTION('',(-1.,1.224646799147E-16,0.));
#12607 = ORIENTED_EDGE('',*,*,#12608,.T.);
#12608 = EDGE_CURVE('',#12600,#12609,#12611,.T.);
#12609 = VERTEX_POINT('',#12610);
#12610 = CARTESIAN_POINT('',(3.454433033685,-5.E-02,6.1));
#12611 = LINE('',#12612,#12613);
#12612 = CARTESIAN_POINT('',(3.454433033685,-5.E-02,6.));
#12613 = VECTOR('',#12614,1.);
#12614 = DIRECTION('',(0.,0.,-1.));
#12615 = ORIENTED_EDGE('',*,*,#12616,.F.);
#12616 = EDGE_CURVE('',#12617,#12609,#12619,.T.);
#12617 = VERTEX_POINT('',#12618);
#12618 = CARTESIAN_POINT('',(3.454433033685,5.E-02,6.1));
#12619 = CIRCLE('',#12620,2.205);
#12620 = AXIS2_PLACEMENT_3D('',#12621,#12622,#12623);
#12621 = CARTESIAN_POINT('',(1.25,0.,6.1));
#12622 = DIRECTION('',(0.,0.,-1.));
#12623 = DIRECTION('',(-1.,1.224646799147E-16,0.));
#12624 = ORIENTED_EDGE('',*,*,#12625,.F.);
#12625 = EDGE_CURVE('',#12626,#12617,#12628,.T.);
#12626 = VERTEX_POINT('',#12627);
#12627 = CARTESIAN_POINT('',(3.454433033685,5.000000000005E-02,6.2));
#12628 = LINE('',#12629,#12630);
#12629 = CARTESIAN_POINT('',(3.454433033685,5.E-02,6.));
#12630 = VECTOR('',#12631,1.);
#12631 = DIRECTION('',(0.,0.,-1.));
#12632 = ORIENTED_EDGE('',*,*,#12633,.T.);
#12633 = EDGE_CURVE('',#12626,#12463,#12634,.T.);
#12634 = CIRCLE('',#12635,2.205);
#12635 = AXIS2_PLACEMENT_3D('',#12636,#12637,#12638);
#12636 = CARTESIAN_POINT('',(1.25,0.,6.2));
#12637 = DIRECTION('',(0.,0.,1.));
#12638 = DIRECTION('',(-1.,1.224646799147E-16,0.));
#12639 = CYLINDRICAL_SURFACE('',#12640,2.205);
#12640 = AXIS2_PLACEMENT_3D('',#12641,#12642,#12643);
#12641 = CARTESIAN_POINT('',(1.25,0.,6.3));
#12642 = DIRECTION('',(0.,0.,-1.));
#12643 = DIRECTION('',(0.923879532511,0.382683432365,0.));
#12644 = ADVANCED_FACE('',(#12645),#12663,.T.);
#12645 = FACE_BOUND('',#12646,.T.);
#12646 = EDGE_LOOP('',(#12647,#12655,#12656,#12657));
#12647 = ORIENTED_EDGE('',*,*,#12648,.F.);
#12648 = EDGE_CURVE('',#12574,#12649,#12651,.T.);
#12649 = VERTEX_POINT('',#12650);
#12650 = CARTESIAN_POINT('',(1.3,-5.E-02,6.2));
#12651 = LINE('',#12652,#12653);
#12652 = CARTESIAN_POINT('',(1.3,-6.35,6.2));
#12653 = VECTOR('',#12654,1.);
#12654 = DIRECTION('',(1.224646799147E-16,1.,0.));
#12655 = ORIENTED_EDGE('',*,*,#12581,.T.);
#12656 = ORIENTED_EDGE('',*,*,#12599,.T.);
#12657 = ORIENTED_EDGE('',*,*,#12658,.F.);
#12658 = EDGE_CURVE('',#12649,#12600,#12659,.T.);
#12659 = LINE('',#12660,#12661);
#12660 = CARTESIAN_POINT('',(1.3,-5.E-02,6.2));
#12661 = VECTOR('',#12662,1.);
#12662 = DIRECTION('',(1.,-1.224646799147E-16,0.));
#12663 = PLANE('',#12664);
#12664 = AXIS2_PLACEMENT_3D('',#12665,#12666,#12667);
#12665 = CARTESIAN_POINT('',(1.25,-1.425463059326E-16,6.2));
#12666 = DIRECTION('',(1.203998759507E-48,-1.2517178869E-32,1.));
#12667 = DIRECTION('',(-1.224646799147E-16,-1.,-1.2517178869E-32));
#12668 = ADVANCED_FACE('',(#12669),#12687,.F.);
#12669 = FACE_BOUND('',#12670,.F.);
#12670 = EDGE_LOOP('',(#12671,#12672,#12673,#12681));
#12671 = ORIENTED_EDGE('',*,*,#12648,.F.);
#12672 = ORIENTED_EDGE('',*,*,#12573,.T.);
#12673 = ORIENTED_EDGE('',*,*,#12674,.T.);
#12674 = EDGE_CURVE('',#12565,#12675,#12677,.T.);
#12675 = VERTEX_POINT('',#12676);
#12676 = CARTESIAN_POINT('',(1.3,-5.E-02,6.1));
#12677 = LINE('',#12678,#12679);
#12678 = CARTESIAN_POINT('',(1.3,-6.35,6.1));
#12679 = VECTOR('',#12680,1.);
#12680 = DIRECTION('',(1.224646799147E-16,1.,0.));
#12681 = ORIENTED_EDGE('',*,*,#12682,.F.);
#12682 = EDGE_CURVE('',#12649,#12675,#12683,.T.);
#12683 = LINE('',#12684,#12685);
#12684 = CARTESIAN_POINT('',(1.3,-5.E-02,6.2));
#12685 = VECTOR('',#12686,1.);
#12686 = DIRECTION('',(-1.203998759507E-48,1.2517178869E-32,-1.));
#12687 = PLANE('',#12688);
#12688 = AXIS2_PLACEMENT_3D('',#12689,#12690,#12691);
#12689 = CARTESIAN_POINT('',(1.3,-6.35,6.2));
#12690 = DIRECTION('',(1.,-1.224646799147E-16,-2.736911063134E-48));
#12691 = DIRECTION('',(1.224646799147E-16,1.,0.));
#12692 = ADVANCED_FACE('',(#12693),#12711,.T.);
#12693 = FACE_BOUND('',#12694,.T.);
#12694 = EDGE_LOOP('',(#12695,#12696,#12697,#12705));
#12695 = ORIENTED_EDGE('',*,*,#12633,.T.);
#12696 = ORIENTED_EDGE('',*,*,#12470,.T.);
#12697 = ORIENTED_EDGE('',*,*,#12698,.F.);
#12698 = EDGE_CURVE('',#12699,#12471,#12701,.T.);
#12699 = VERTEX_POINT('',#12700);
#12700 = CARTESIAN_POINT('',(1.3,5.E-02,6.2));
#12701 = LINE('',#12702,#12703);
#12702 = CARTESIAN_POINT('',(1.3,5.E-02,6.2));
#12703 = VECTOR('',#12704,1.);
#12704 = DIRECTION('',(1.224646799147E-16,1.,0.));
#12705 = ORIENTED_EDGE('',*,*,#12706,.F.);
#12706 = EDGE_CURVE('',#12626,#12699,#12707,.T.);
#12707 = LINE('',#12708,#12709);
#12708 = CARTESIAN_POINT('',(7.6,5.E-02,6.2));
#12709 = VECTOR('',#12710,1.);
#12710 = DIRECTION('',(-1.,1.224646799147E-16,0.));
#12711 = PLANE('',#12712);
#12712 = AXIS2_PLACEMENT_3D('',#12713,#12714,#12715);
#12713 = CARTESIAN_POINT('',(1.25,-1.425463059326E-16,6.2));
#12714 = DIRECTION('',(1.203998759507E-48,-1.2517178869E-32,1.));
#12715 = DIRECTION('',(-1.224646799147E-16,-1.,-1.2517178869E-32));
#12716 = ADVANCED_FACE('',(#12717),#12773,.T.);
#12717 = FACE_BOUND('',#12718,.T.);
#12718 = EDGE_LOOP('',(#12719,#12727,#12733,#12734,#12735,#12741,#12742,
    #12750,#12756,#12757,#12765,#12771,#12772));
#12719 = ORIENTED_EDGE('',*,*,#12720,.T.);
#12720 = EDGE_CURVE('',#12531,#12721,#12723,.T.);
#12721 = VERTEX_POINT('',#12722);
#12722 = CARTESIAN_POINT('',(1.2,-5.E-02,6.1));
#12723 = LINE('',#12724,#12725);
#12724 = CARTESIAN_POINT('',(-5.1,-5.E-02,6.1));
#12725 = VECTOR('',#12726,1.);
#12726 = DIRECTION('',(1.,-1.059435039531E-16,0.));
#12727 = ORIENTED_EDGE('',*,*,#12728,.T.);
#12728 = EDGE_CURVE('',#12721,#12557,#12729,.T.);
#12729 = LINE('',#12730,#12731);
#12730 = CARTESIAN_POINT('',(1.2,-5.E-02,6.1));
#12731 = VECTOR('',#12732,1.);
#12732 = DIRECTION('',(-1.224646799147E-16,-1.,0.));
#12733 = ORIENTED_EDGE('',*,*,#12564,.F.);
#12734 = ORIENTED_EDGE('',*,*,#12674,.T.);
#12735 = ORIENTED_EDGE('',*,*,#12736,.T.);
#12736 = EDGE_CURVE('',#12675,#12609,#12737,.T.);
#12737 = LINE('',#12738,#12739);
#12738 = CARTESIAN_POINT('',(1.3,-5.E-02,6.1));
#12739 = VECTOR('',#12740,1.);
#12740 = DIRECTION('',(1.,-1.224646799147E-16,0.));
#12741 = ORIENTED_EDGE('',*,*,#12616,.F.);
#12742 = ORIENTED_EDGE('',*,*,#12743,.T.);
#12743 = EDGE_CURVE('',#12617,#12744,#12746,.T.);
#12744 = VERTEX_POINT('',#12745);
#12745 = CARTESIAN_POINT('',(1.3,5.E-02,6.1));
#12746 = LINE('',#12747,#12748);
#12747 = CARTESIAN_POINT('',(7.6,5.E-02,6.1));
#12748 = VECTOR('',#12749,1.);
#12749 = DIRECTION('',(-1.,1.224646799147E-16,0.));
#12750 = ORIENTED_EDGE('',*,*,#12751,.T.);
#12751 = EDGE_CURVE('',#12744,#12480,#12752,.T.);
#12752 = LINE('',#12753,#12754);
#12753 = CARTESIAN_POINT('',(1.3,5.E-02,6.1));
#12754 = VECTOR('',#12755,1.);
#12755 = DIRECTION('',(1.224646799147E-16,1.,0.));
#12756 = ORIENTED_EDGE('',*,*,#12487,.F.);
#12757 = ORIENTED_EDGE('',*,*,#12758,.T.);
#12758 = EDGE_CURVE('',#12488,#12759,#12761,.T.);
#12759 = VERTEX_POINT('',#12760);
#12760 = CARTESIAN_POINT('',(1.2,5.E-02,6.1));
#12761 = LINE('',#12762,#12763);
#12762 = CARTESIAN_POINT('',(1.2,6.35,6.1));
#12763 = VECTOR('',#12764,1.);
#12764 = DIRECTION('',(-1.224646799147E-16,-1.,0.));
#12765 = ORIENTED_EDGE('',*,*,#12766,.T.);
#12766 = EDGE_CURVE('',#12759,#12514,#12767,.T.);
#12767 = LINE('',#12768,#12769);
#12768 = CARTESIAN_POINT('',(1.2,5.E-02,6.1));
#12769 = VECTOR('',#12770,1.);
#12770 = DIRECTION('',(-1.,1.224646799147E-16,0.));
#12771 = ORIENTED_EDGE('',*,*,#12521,.F.);
#12772 = ORIENTED_EDGE('',*,*,#12530,.F.);
#12773 = PLANE('',#12774);
#12774 = AXIS2_PLACEMENT_3D('',#12775,#12776,#12777);
#12775 = CARTESIAN_POINT('',(1.25,-2.622574073918E-17,6.1));
#12776 = DIRECTION('',(3.196558030834E-32,8.145581993865E-32,1.));
#12777 = DIRECTION('',(-1.224646799147E-16,-1.,8.145581993865E-32));
#12778 = ADVANCED_FACE('',(#12779),#12790,.F.);
#12779 = FACE_BOUND('',#12780,.F.);
#12780 = EDGE_LOOP('',(#12781,#12782,#12788,#12789));
#12781 = ORIENTED_EDGE('',*,*,#12698,.F.);
#12782 = ORIENTED_EDGE('',*,*,#12783,.T.);
#12783 = EDGE_CURVE('',#12699,#12744,#12784,.T.);
#12784 = LINE('',#12785,#12786);
#12785 = CARTESIAN_POINT('',(1.3,5.E-02,6.2));
#12786 = VECTOR('',#12787,1.);
#12787 = DIRECTION('',(-1.203998759507E-48,1.2517178869E-32,-1.));
#12788 = ORIENTED_EDGE('',*,*,#12751,.T.);
#12789 = ORIENTED_EDGE('',*,*,#12479,.F.);
#12790 = PLANE('',#12791);
#12791 = AXIS2_PLACEMENT_3D('',#12792,#12793,#12794);
#12792 = CARTESIAN_POINT('',(1.3,5.E-02,6.2));
#12793 = DIRECTION('',(1.,-1.224646799147E-16,-2.736911063134E-48));
#12794 = DIRECTION('',(1.224646799147E-16,1.,0.));
#12795 = ADVANCED_FACE('',(#12796),#12814,.F.);
#12796 = FACE_BOUND('',#12797,.F.);
#12797 = EDGE_LOOP('',(#12798,#12806,#12812,#12813));
#12798 = ORIENTED_EDGE('',*,*,#12799,.F.);
#12799 = EDGE_CURVE('',#12800,#12548,#12802,.T.);
#12800 = VERTEX_POINT('',#12801);
#12801 = CARTESIAN_POINT('',(1.2,-5.E-02,6.2));
#12802 = LINE('',#12803,#12804);
#12803 = CARTESIAN_POINT('',(1.2,-5.E-02,6.2));
#12804 = VECTOR('',#12805,1.);
#12805 = DIRECTION('',(-1.224646799147E-16,-1.,0.));
#12806 = ORIENTED_EDGE('',*,*,#12807,.T.);
#12807 = EDGE_CURVE('',#12800,#12721,#12808,.T.);
#12808 = LINE('',#12809,#12810);
#12809 = CARTESIAN_POINT('',(1.2,-5.E-02,6.2));
#12810 = VECTOR('',#12811,1.);
#12811 = DIRECTION('',(-1.203998759507E-48,1.2517178869E-32,-1.));
#12812 = ORIENTED_EDGE('',*,*,#12728,.T.);
#12813 = ORIENTED_EDGE('',*,*,#12556,.F.);
#12814 = PLANE('',#12815);
#12815 = AXIS2_PLACEMENT_3D('',#12816,#12817,#12818);
#12816 = CARTESIAN_POINT('',(1.2,-5.E-02,6.2));
#12817 = DIRECTION('',(-1.,1.224646799147E-16,2.736911063134E-48));
#12818 = DIRECTION('',(-1.224646799147E-16,-1.,0.));
#12819 = ADVANCED_FACE('',(#12820),#12830,.T.);
#12820 = FACE_BOUND('',#12821,.T.);
#12821 = EDGE_LOOP('',(#12822,#12828,#12829));
#12822 = ORIENTED_EDGE('',*,*,#12823,.F.);
#12823 = EDGE_CURVE('',#12540,#12800,#12824,.T.);
#12824 = LINE('',#12825,#12826);
#12825 = CARTESIAN_POINT('',(-5.1,-5.E-02,6.2));
#12826 = VECTOR('',#12827,1.);
#12827 = DIRECTION('',(1.,-1.059435039531E-16,0.));
#12828 = ORIENTED_EDGE('',*,*,#12547,.T.);
#12829 = ORIENTED_EDGE('',*,*,#12799,.F.);
#12830 = PLANE('',#12831);
#12831 = AXIS2_PLACEMENT_3D('',#12832,#12833,#12834);
#12832 = CARTESIAN_POINT('',(1.25,-1.425463059326E-16,6.2));
#12833 = DIRECTION('',(1.203998759507E-48,-1.2517178869E-32,1.));
#12834 = DIRECTION('',(-1.224646799147E-16,-1.,-1.2517178869E-32));
#12835 = ADVANCED_FACE('',(#12836),#12854,.F.);
#12836 = FACE_BOUND('',#12837,.F.);
#12837 = EDGE_LOOP('',(#12838,#12846,#12847,#12848));
#12838 = ORIENTED_EDGE('',*,*,#12839,.F.);
#12839 = EDGE_CURVE('',#12497,#12840,#12842,.T.);
#12840 = VERTEX_POINT('',#12841);
#12841 = CARTESIAN_POINT('',(1.2,5.E-02,6.2));
#12842 = LINE('',#12843,#12844);
#12843 = CARTESIAN_POINT('',(1.2,6.35,6.2));
#12844 = VECTOR('',#12845,1.);
#12845 = DIRECTION('',(-1.224646799147E-16,-1.,0.));
#12846 = ORIENTED_EDGE('',*,*,#12496,.T.);
#12847 = ORIENTED_EDGE('',*,*,#12758,.T.);
#12848 = ORIENTED_EDGE('',*,*,#12849,.F.);
#12849 = EDGE_CURVE('',#12840,#12759,#12850,.T.);
#12850 = LINE('',#12851,#12852);
#12851 = CARTESIAN_POINT('',(1.2,5.E-02,6.2));
#12852 = VECTOR('',#12853,1.);
#12853 = DIRECTION('',(-1.203998759507E-48,1.2517178869E-32,-1.));
#12854 = PLANE('',#12855);
#12855 = AXIS2_PLACEMENT_3D('',#12856,#12857,#12858);
#12856 = CARTESIAN_POINT('',(1.2,6.35,6.2));
#12857 = DIRECTION('',(-1.,1.224646799147E-16,2.736911063134E-48));
#12858 = DIRECTION('',(-1.224646799147E-16,-1.,0.));
#12859 = ADVANCED_FACE('',(#12860),#12866,.F.);
#12860 = FACE_BOUND('',#12861,.F.);
#12861 = EDGE_LOOP('',(#12862,#12863,#12864,#12865));
#12862 = ORIENTED_EDGE('',*,*,#12823,.F.);
#12863 = ORIENTED_EDGE('',*,*,#12539,.T.);
#12864 = ORIENTED_EDGE('',*,*,#12720,.T.);
#12865 = ORIENTED_EDGE('',*,*,#12807,.F.);
#12866 = PLANE('',#12867);
#12867 = AXIS2_PLACEMENT_3D('',#12868,#12869,#12870);
#12868 = CARTESIAN_POINT('',(-5.1,-5.E-02,6.2));
#12869 = DIRECTION('',(-1.059435039531E-16,-1.,-1.2517178869E-32));
#12870 = DIRECTION('',(1.,-1.059435039531E-16,0.));
#12871 = ADVANCED_FACE('',(#12872),#12882,.T.);
#12872 = FACE_BOUND('',#12873,.T.);
#12873 = EDGE_LOOP('',(#12874,#12875,#12881));
#12874 = ORIENTED_EDGE('',*,*,#12504,.T.);
#12875 = ORIENTED_EDGE('',*,*,#12876,.F.);
#12876 = EDGE_CURVE('',#12840,#12505,#12877,.T.);
#12877 = LINE('',#12878,#12879);
#12878 = CARTESIAN_POINT('',(1.2,5.E-02,6.2));
#12879 = VECTOR('',#12880,1.);
#12880 = DIRECTION('',(-1.,1.224646799147E-16,0.));
#12881 = ORIENTED_EDGE('',*,*,#12839,.F.);
#12882 = PLANE('',#12883);
#12883 = AXIS2_PLACEMENT_3D('',#12884,#12885,#12886);
#12884 = CARTESIAN_POINT('',(1.25,-1.425463059326E-16,6.2));
#12885 = DIRECTION('',(1.203998759507E-48,-1.2517178869E-32,1.));
#12886 = DIRECTION('',(-1.224646799147E-16,-1.,-1.2517178869E-32));
#12887 = ADVANCED_FACE('',(#12888),#12894,.F.);
#12888 = FACE_BOUND('',#12889,.F.);
#12889 = EDGE_LOOP('',(#12890,#12891,#12892,#12893));
#12890 = ORIENTED_EDGE('',*,*,#12876,.F.);
#12891 = ORIENTED_EDGE('',*,*,#12849,.T.);
#12892 = ORIENTED_EDGE('',*,*,#12766,.T.);
#12893 = ORIENTED_EDGE('',*,*,#12513,.F.);
#12894 = PLANE('',#12895);
#12895 = AXIS2_PLACEMENT_3D('',#12896,#12897,#12898);
#12896 = CARTESIAN_POINT('',(1.2,5.E-02,6.2));
#12897 = DIRECTION('',(1.224646799147E-16,1.,1.2517178869E-32));
#12898 = DIRECTION('',(-1.,1.224646799147E-16,0.));
#12899 = ADVANCED_FACE('',(#12900),#12906,.F.);
#12900 = FACE_BOUND('',#12901,.F.);
#12901 = EDGE_LOOP('',(#12902,#12903,#12904,#12905));
#12902 = ORIENTED_EDGE('',*,*,#12706,.F.);
#12903 = ORIENTED_EDGE('',*,*,#12625,.T.);
#12904 = ORIENTED_EDGE('',*,*,#12743,.T.);
#12905 = ORIENTED_EDGE('',*,*,#12783,.F.);
#12906 = PLANE('',#12907);
#12907 = AXIS2_PLACEMENT_3D('',#12908,#12909,#12910);
#12908 = CARTESIAN_POINT('',(7.6,5.E-02,6.2));
#12909 = DIRECTION('',(1.224646799147E-16,1.,1.2517178869E-32));
#12910 = DIRECTION('',(-1.,1.224646799147E-16,0.));
#12911 = ADVANCED_FACE('',(#12912),#12918,.F.);
#12912 = FACE_BOUND('',#12913,.F.);
#12913 = EDGE_LOOP('',(#12914,#12915,#12916,#12917));
#12914 = ORIENTED_EDGE('',*,*,#12658,.F.);
#12915 = ORIENTED_EDGE('',*,*,#12682,.T.);
#12916 = ORIENTED_EDGE('',*,*,#12736,.T.);
#12917 = ORIENTED_EDGE('',*,*,#12608,.F.);
#12918 = PLANE('',#12919);
#12919 = AXIS2_PLACEMENT_3D('',#12920,#12921,#12922);
#12920 = CARTESIAN_POINT('',(1.3,-5.E-02,6.2));
#12921 = DIRECTION('',(-1.224646799147E-16,-1.,-1.2517178869E-32));
#12922 = DIRECTION('',(1.,-1.224646799147E-16,0.));
#12923 = ORIENTED_CLOSED_SHELL('',*,#12924,.F.);
#12924 = CLOSED_SHELL('',(#12925,#12958,#12990,#13007,#13034));
#12925 = ADVANCED_FACE('',(#12926),#12953,.T.);
#12926 = FACE_BOUND('',#12927,.T.);
#12927 = EDGE_LOOP('',(#12928,#12939,#12947));
#12928 = ORIENTED_EDGE('',*,*,#12929,.T.);
#12929 = EDGE_CURVE('',#12930,#12932,#12934,.T.);
#12930 = VERTEX_POINT('',#12931);
#12931 = CARTESIAN_POINT('',(3.287154369187,0.843816968365,5.9));
#12932 = VERTEX_POINT('',#12933);
#12933 = CARTESIAN_POINT('',(3.287154369187,-0.843816968365,5.9));
#12934 = CIRCLE('',#12935,2.205);
#12935 = AXIS2_PLACEMENT_3D('',#12936,#12937,#12938);
#12936 = CARTESIAN_POINT('',(1.25,0.,5.9));
#12937 = DIRECTION('',(0.,0.,-1.));
#12938 = DIRECTION('',(0.923879532511,0.382683432365,0.));
#12939 = ORIENTED_EDGE('',*,*,#12940,.T.);
#12940 = EDGE_CURVE('',#12932,#12941,#12943,.T.);
#12941 = VERTEX_POINT('',#12942);
#12942 = CARTESIAN_POINT('',(1.25,0.,5.9));
#12943 = LINE('',#12944,#12945);
#12944 = CARTESIAN_POINT('',(3.287154369187,-0.843816968365,5.9));
#12945 = VECTOR('',#12946,1.);
#12946 = DIRECTION('',(-0.923879532511,0.382683432365,0.));
#12947 = ORIENTED_EDGE('',*,*,#12948,.F.);
#12948 = EDGE_CURVE('',#12930,#12941,#12949,.T.);
#12949 = LINE('',#12950,#12951);
#12950 = CARTESIAN_POINT('',(3.287154369187,0.843816968365,5.9));
#12951 = VECTOR('',#12952,1.);
#12952 = DIRECTION('',(-0.923879532511,-0.382683432365,0.));
#12953 = PLANE('',#12954);
#12954 = AXIS2_PLACEMENT_3D('',#12955,#12956,#12957);
#12955 = CARTESIAN_POINT('',(1.25,0.,5.9));
#12956 = DIRECTION('',(0.,0.,-1.));
#12957 = DIRECTION('',(0.923879532511,0.382683432365,0.));
#12958 = ADVANCED_FACE('',(#12959),#12985,.T.);
#12959 = FACE_BOUND('',#12960,.T.);
#12960 = EDGE_LOOP('',(#12961,#12969,#12978,#12984));
#12961 = ORIENTED_EDGE('',*,*,#12962,.F.);
#12962 = EDGE_CURVE('',#12963,#12930,#12965,.T.);
#12963 = VERTEX_POINT('',#12964);
#12964 = CARTESIAN_POINT('',(3.287154369187,0.843816968365,6.));
#12965 = LINE('',#12966,#12967);
#12966 = CARTESIAN_POINT('',(3.287154369187,0.843816968365,6.3));
#12967 = VECTOR('',#12968,1.);
#12968 = DIRECTION('',(0.,0.,-1.));
#12969 = ORIENTED_EDGE('',*,*,#12970,.F.);
#12970 = EDGE_CURVE('',#12971,#12963,#12973,.T.);
#12971 = VERTEX_POINT('',#12972);
#12972 = CARTESIAN_POINT('',(3.287154369187,-0.843816968365,6.));
#12973 = CIRCLE('',#12974,2.205);
#12974 = AXIS2_PLACEMENT_3D('',#12975,#12976,#12977);
#12975 = CARTESIAN_POINT('',(1.25,0.,6.));
#12976 = DIRECTION('',(0.,0.,1.));
#12977 = DIRECTION('',(-1.,1.224646799147E-16,0.));
#12978 = ORIENTED_EDGE('',*,*,#12979,.T.);
#12979 = EDGE_CURVE('',#12971,#12932,#12980,.T.);
#12980 = LINE('',#12981,#12982);
#12981 = CARTESIAN_POINT('',(3.287154369187,-0.843816968365,6.3));
#12982 = VECTOR('',#12983,1.);
#12983 = DIRECTION('',(0.,0.,-1.));
#12984 = ORIENTED_EDGE('',*,*,#12929,.F.);
#12985 = CYLINDRICAL_SURFACE('',#12986,2.205);
#12986 = AXIS2_PLACEMENT_3D('',#12987,#12988,#12989);
#12987 = CARTESIAN_POINT('',(1.25,0.,6.3));
#12988 = DIRECTION('',(0.,0.,-1.));
#12989 = DIRECTION('',(0.923879532511,0.382683432365,0.));
#12990 = ADVANCED_FACE('',(#12991),#13002,.T.);
#12991 = FACE_BOUND('',#12992,.T.);
#12992 = EDGE_LOOP('',(#12993,#13000,#13001));
#12993 = ORIENTED_EDGE('',*,*,#12994,.T.);
#12994 = EDGE_CURVE('',#12932,#12930,#12995,.T.);
#12995 = CIRCLE('',#12996,2.205);
#12996 = AXIS2_PLACEMENT_3D('',#12997,#12998,#12999);
#12997 = CARTESIAN_POINT('',(1.25,0.,5.9));
#12998 = DIRECTION('',(0.,-0.,-1.));
#12999 = DIRECTION('',(0.923879532511,-0.382683432365,0.));
#13000 = ORIENTED_EDGE('',*,*,#12948,.T.);
#13001 = ORIENTED_EDGE('',*,*,#12940,.F.);
#13002 = PLANE('',#13003);
#13003 = AXIS2_PLACEMENT_3D('',#13004,#13005,#13006);
#13004 = CARTESIAN_POINT('',(1.25,0.,5.9));
#13005 = DIRECTION('',(0.,0.,-1.));
#13006 = DIRECTION('',(0.923879532511,-0.382683432365,0.));
#13007 = ADVANCED_FACE('',(#13008),#13029,.T.);
#13008 = FACE_BOUND('',#13009,.T.);
#13009 = EDGE_LOOP('',(#13010,#13011,#13020,#13027,#13028));
#13010 = ORIENTED_EDGE('',*,*,#12979,.F.);
#13011 = ORIENTED_EDGE('',*,*,#13012,.F.);
#13012 = EDGE_CURVE('',#13013,#12971,#13015,.T.);
#13013 = VERTEX_POINT('',#13014);
#13014 = CARTESIAN_POINT('',(-0.955,2.70034619212E-16,6.));
#13015 = CIRCLE('',#13016,2.205);
#13016 = AXIS2_PLACEMENT_3D('',#13017,#13018,#13019);
#13017 = CARTESIAN_POINT('',(1.25,0.,6.));
#13018 = DIRECTION('',(0.,0.,1.));
#13019 = DIRECTION('',(-1.,1.224646799147E-16,0.));
#13020 = ORIENTED_EDGE('',*,*,#13021,.F.);
#13021 = EDGE_CURVE('',#12963,#13013,#13022,.T.);
#13022 = CIRCLE('',#13023,2.205);
#13023 = AXIS2_PLACEMENT_3D('',#13024,#13025,#13026);
#13024 = CARTESIAN_POINT('',(1.25,0.,6.));
#13025 = DIRECTION('',(0.,0.,1.));
#13026 = DIRECTION('',(-1.,1.224646799147E-16,0.));
#13027 = ORIENTED_EDGE('',*,*,#12962,.T.);
#13028 = ORIENTED_EDGE('',*,*,#12994,.F.);
#13029 = CYLINDRICAL_SURFACE('',#13030,2.205);
#13030 = AXIS2_PLACEMENT_3D('',#13031,#13032,#13033);
#13031 = CARTESIAN_POINT('',(1.25,0.,6.3));
#13032 = DIRECTION('',(0.,0.,-1.));
#13033 = DIRECTION('',(0.923879532511,-0.382683432365,0.));
#13034 = ADVANCED_FACE('',(#13035),#13040,.T.);
#13035 = FACE_BOUND('',#13036,.T.);
#13036 = EDGE_LOOP('',(#13037,#13038,#13039));
#13037 = ORIENTED_EDGE('',*,*,#13012,.T.);
#13038 = ORIENTED_EDGE('',*,*,#12970,.T.);
#13039 = ORIENTED_EDGE('',*,*,#13021,.T.);
#13040 = PLANE('',#13041);
#13041 = AXIS2_PLACEMENT_3D('',#13042,#13043,#13044);
#13042 = CARTESIAN_POINT('',(1.25,-1.425463059326E-16,6.));
#13043 = DIRECTION('',(1.203998759507E-48,-1.2517178869E-32,1.));
#13044 = DIRECTION('',(-1.224646799147E-16,-1.,-1.2517178869E-32));
#13045 = ( GEOMETRIC_REPRESENTATION_CONTEXT(3) 
GLOBAL_UNCERTAINTY_ASSIGNED_CONTEXT((#13049)) 
GLOBAL_UNIT_ASSIGNED_CONTEXT((#13046,#13047,#13048)) 
REPRESENTATION_CONTEXT('Context #1',
  '3D Context with UNIT and UNCERTAINTY') );
#13046 = ( LENGTH_UNIT() NAMED_UNIT(*) SI_UNIT(.MILLI.,.METRE.) );
#13047 = ( NAMED_UNIT(*) PLANE_ANGLE_UNIT() SI_UNIT($,.RADIAN.) );
#13048 = ( NAMED_UNIT(*) SI_UNIT($,.STERADIAN.) SOLID_ANGLE_UNIT() );
#13049 = UNCERTAINTY_MEASURE_WITH_UNIT(LENGTH_MEASURE(1.E-06),#13046,
  'distance_accuracy_value','confusion accuracy');
#13050 = CONTEXT_DEPENDENT_SHAPE_REPRESENTATION(#13051,#13053);
#13051 = ( REPRESENTATION_RELATIONSHIP('','',#11220,#10) 
REPRESENTATION_RELATIONSHIP_WITH_TRANSFORMATION(#13052) 
SHAPE_REPRESENTATION_RELATIONSHIP() );
#13052 = ITEM_DEFINED_TRANSFORMATION('','',#11,#55);
#13053 = PRODUCT_DEFINITION_SHAPE('Placement','Placement of an item',
  #13054);
#13054 = NEXT_ASSEMBLY_USAGE_OCCURRENCE('11','C1','',#5,#11215,$);
#13055 = PRODUCT_RELATED_PRODUCT_CATEGORY('part',$,(#11217));
#13056 = SHAPE_DEFINITION_REPRESENTATION(#13057,#13063);
#13057 = PRODUCT_DEFINITION_SHAPE('','',#13058);
#13058 = PRODUCT_DEFINITION('design','',#13059,#13062);
#13059 = PRODUCT_DEFINITION_FORMATION('','',#13060);
#13060 = PRODUCT('L_APV_APH0615','L_APV_APH0615','',(#13061));
#13061 = PRODUCT_CONTEXT('',#2,'mechanical');
#13062 = PRODUCT_DEFINITION_CONTEXT('part definition',#2,'design');
#13063 = ADVANCED_BREP_SHAPE_REPRESENTATION('',(#11,#13064),#13818);
#13064 = MANIFOLD_SOLID_BREP('',#13065);
#13065 = CLOSED_SHELL('',(#13066,#13130,#13162,#13194,#13295,#13323,
    #13345,#13367,#13392,#13413,#13441,#13462,#13484,#13502,#13527,
    #13569,#13599,#13624,#13640,#13652,#13671,#13690,#13714,#13730,
    #13752,#13774,#13790,#13802));
#13066 = ADVANCED_FACE('',(#13067),#13125,.F.);
#13067 = FACE_BOUND('',#13068,.F.);
#13068 = EDGE_LOOP('',(#13069,#13078,#13085,#13092,#13099,#13106,#13113,
    #13120));
#13069 = ORIENTED_EDGE('',*,*,#13070,.F.);
#13070 = EDGE_CURVE('',#13071,#13073,#13075,.T.);
#13071 = VERTEX_POINT('',#13072);
#13072 = CARTESIAN_POINT('',(-5.1,-4.752,2.037));
#13073 = VERTEX_POINT('',#13074);
#13074 = CARTESIAN_POINT('',(-5.1,4.752,2.037));
#13075 = B_SPLINE_CURVE_WITH_KNOTS('',1,(#13076,#13077),.UNSPECIFIED.,
  .F.,.F.,(2,2),(0.,5.94),.PIECEWISE_BEZIER_KNOTS.);
#13076 = CARTESIAN_POINT('',(-5.1,-4.752,2.037));
#13077 = CARTESIAN_POINT('',(-5.1,4.752,2.037));
#13078 = ORIENTED_EDGE('',*,*,#13079,.F.);
#13079 = EDGE_CURVE('',#13080,#13071,#13082,.T.);
#13080 = VERTEX_POINT('',#13081);
#13081 = CARTESIAN_POINT('',(-5.1,-4.752,0.));
#13082 = B_SPLINE_CURVE_WITH_KNOTS('',1,(#13083,#13084),.UNSPECIFIED.,
  .F.,.F.,(2,2),(0.,0.97),.PIECEWISE_BEZIER_KNOTS.);
#13083 = CARTESIAN_POINT('',(-5.1,-4.752,0.));
#13084 = CARTESIAN_POINT('',(-5.1,-4.752,2.037));
#13085 = ORIENTED_EDGE('',*,*,#13086,.T.);
#13086 = EDGE_CURVE('',#13080,#13087,#13089,.T.);
#13087 = VERTEX_POINT('',#13088);
#13088 = CARTESIAN_POINT('',(-5.1,-2.4,0.));
#13089 = B_SPLINE_CURVE_WITH_KNOTS('',1,(#13090,#13091),.UNSPECIFIED.,
  .F.,.F.,(2,2),(0.33,1.8),.PIECEWISE_BEZIER_KNOTS.);
#13090 = CARTESIAN_POINT('',(-5.1,-4.752,0.));
#13091 = CARTESIAN_POINT('',(-5.1,-2.4,0.));
#13092 = ORIENTED_EDGE('',*,*,#13093,.T.);
#13093 = EDGE_CURVE('',#13087,#13094,#13096,.T.);
#13094 = VERTEX_POINT('',#13095);
#13095 = CARTESIAN_POINT('',(-5.1,-2.4,0.819));
#13096 = B_SPLINE_CURVE_WITH_KNOTS('',1,(#13097,#13098),.UNSPECIFIED.,
  .F.,.F.,(2,2),(0.,0.39),.PIECEWISE_BEZIER_KNOTS.);
#13097 = CARTESIAN_POINT('',(-5.1,-2.4,0.));
#13098 = CARTESIAN_POINT('',(-5.1,-2.4,0.819));
#13099 = ORIENTED_EDGE('',*,*,#13100,.F.);
#13100 = EDGE_CURVE('',#13101,#13094,#13103,.T.);
#13101 = VERTEX_POINT('',#13102);
#13102 = CARTESIAN_POINT('',(-5.1,2.4,0.819));
#13103 = B_SPLINE_CURVE_WITH_KNOTS('',1,(#13104,#13105),.UNSPECIFIED.,
  .F.,.F.,(2,2),(-3.9,-0.9),.PIECEWISE_BEZIER_KNOTS.);
#13104 = CARTESIAN_POINT('',(-5.1,2.4,0.819));
#13105 = CARTESIAN_POINT('',(-5.1,-2.4,0.819));
#13106 = ORIENTED_EDGE('',*,*,#13107,.F.);
#13107 = EDGE_CURVE('',#13108,#13101,#13110,.T.);
#13108 = VERTEX_POINT('',#13109);
#13109 = CARTESIAN_POINT('',(-5.1,2.4,0.));
#13110 = B_SPLINE_CURVE_WITH_KNOTS('',1,(#13111,#13112),.UNSPECIFIED.,
  .F.,.F.,(2,2),(0.,0.39),.PIECEWISE_BEZIER_KNOTS.);
#13111 = CARTESIAN_POINT('',(-5.1,2.4,0.));
#13112 = CARTESIAN_POINT('',(-5.1,2.4,0.819));
#13113 = ORIENTED_EDGE('',*,*,#13114,.T.);
#13114 = EDGE_CURVE('',#13108,#13115,#13117,.T.);
#13115 = VERTEX_POINT('',#13116);
#13116 = CARTESIAN_POINT('',(-5.1,4.752,0.));
#13117 = B_SPLINE_CURVE_WITH_KNOTS('',1,(#13118,#13119),.UNSPECIFIED.,
  .F.,.F.,(2,2),(4.8,6.27),.PIECEWISE_BEZIER_KNOTS.);
#13118 = CARTESIAN_POINT('',(-5.1,2.4,0.));
#13119 = CARTESIAN_POINT('',(-5.1,4.752,0.));
#13120 = ORIENTED_EDGE('',*,*,#13121,.T.);
#13121 = EDGE_CURVE('',#13115,#13073,#13122,.T.);
#13122 = B_SPLINE_CURVE_WITH_KNOTS('',1,(#13123,#13124),.UNSPECIFIED.,
  .F.,.F.,(2,2),(0.,0.97),.PIECEWISE_BEZIER_KNOTS.);
#13123 = CARTESIAN_POINT('',(-5.1,4.752,0.));
#13124 = CARTESIAN_POINT('',(-5.1,4.752,2.037));
#13125 = B_SPLINE_SURFACE_WITH_KNOTS('',1,1,(
    (#13126,#13127)
    ,(#13128,#13129
    )),.UNSPECIFIED.,.F.,.F.,.F.,(2,2),(2,2),(0.,0.97),(-6.27,-0.33),
  .PIECEWISE_BEZIER_KNOTS.);
#13126 = CARTESIAN_POINT('',(-5.1,4.752,0.));
#13127 = CARTESIAN_POINT('',(-5.1,-4.752,0.));
#13128 = CARTESIAN_POINT('',(-5.1,4.752,2.037));
#13129 = CARTESIAN_POINT('',(-5.1,-4.752,2.037));
#13130 = ADVANCED_FACE('',(#13131),#13155,.T.);
#13131 = FACE_BOUND('',#13132,.T.);
#13132 = EDGE_LOOP('',(#13133,#13141,#13148,#13154));
#13133 = ORIENTED_EDGE('',*,*,#13134,.T.);
#13134 = EDGE_CURVE('',#13071,#13135,#13137,.T.);
#13135 = VERTEX_POINT('',#13136);
#13136 = CARTESIAN_POINT('',(-4.605,-4.752,2.73));
#13137 = ( BOUNDED_CURVE() B_SPLINE_CURVE(2,(#13138,#13139,#13140),
.UNSPECIFIED.,.F.,.F.) B_SPLINE_CURVE_WITH_KNOTS((3,3),(0.,
1.570796326795),.PIECEWISE_BEZIER_KNOTS.) CURVE() 
GEOMETRIC_REPRESENTATION_ITEM() RATIONAL_B_SPLINE_CURVE((1.,
0.707106781187,1.)) REPRESENTATION_ITEM('') );
#13138 = CARTESIAN_POINT('',(-5.1,-4.752,2.037));
#13139 = CARTESIAN_POINT('',(-5.1,-4.752,2.73));
#13140 = CARTESIAN_POINT('',(-4.605,-4.752,2.73));
#13141 = ORIENTED_EDGE('',*,*,#13142,.T.);
#13142 = EDGE_CURVE('',#13135,#13143,#13145,.T.);
#13143 = VERTEX_POINT('',#13144);
#13144 = CARTESIAN_POINT('',(-4.605,4.752,2.73));
#13145 = B_SPLINE_CURVE_WITH_KNOTS('',1,(#13146,#13147),.UNSPECIFIED.,
  .F.,.F.,(2,2),(0.,5.94),.PIECEWISE_BEZIER_KNOTS.);
#13146 = CARTESIAN_POINT('',(-4.605,-4.752,2.73));
#13147 = CARTESIAN_POINT('',(-4.605,4.752,2.73));
#13148 = ORIENTED_EDGE('',*,*,#13149,.F.);
#13149 = EDGE_CURVE('',#13073,#13143,#13150,.T.);
#13150 = ( BOUNDED_CURVE() B_SPLINE_CURVE(2,(#13151,#13152,#13153),
.UNSPECIFIED.,.F.,.F.) B_SPLINE_CURVE_WITH_KNOTS((3,3),(0.,
1.570796326795),.PIECEWISE_BEZIER_KNOTS.) CURVE() 
GEOMETRIC_REPRESENTATION_ITEM() RATIONAL_B_SPLINE_CURVE((1.,
0.707106781187,1.)) REPRESENTATION_ITEM('') );
#13151 = CARTESIAN_POINT('',(-5.1,4.752,2.037));
#13152 = CARTESIAN_POINT('',(-5.1,4.752,2.73));
#13153 = CARTESIAN_POINT('',(-4.605,4.752,2.73));
#13154 = ORIENTED_EDGE('',*,*,#13070,.F.);
#13155 = ( BOUNDED_SURFACE() B_SPLINE_SURFACE(2,1,(
    (#13156,#13157)
    ,(#13158,#13159)
    ,(#13160,#13161
)),.UNSPECIFIED.,.F.,.F.,.F.) B_SPLINE_SURFACE_WITH_KNOTS((3,3),(2,2),(
    0.,1.570796326795),(0.,5.94),.PIECEWISE_BEZIER_KNOTS.) 
GEOMETRIC_REPRESENTATION_ITEM() RATIONAL_B_SPLINE_SURFACE((
    (1.,1.)
    ,(0.707106781187,0.707106781187)
,(1.,1.))) REPRESENTATION_ITEM('') SURFACE() );
#13156 = CARTESIAN_POINT('',(-5.1,-4.752,2.037));
#13157 = CARTESIAN_POINT('',(-5.1,4.752,2.037));
#13158 = CARTESIAN_POINT('',(-5.1,-4.752,2.73));
#13159 = CARTESIAN_POINT('',(-5.1,4.752,2.73));
#13160 = CARTESIAN_POINT('',(-4.605,-4.752,2.73));
#13161 = CARTESIAN_POINT('',(-4.605,4.752,2.73));
#13162 = ADVANCED_FACE('',(#13163),#13187,.T.);
#13163 = FACE_BOUND('',#13164,.T.);
#13164 = EDGE_LOOP('',(#13165,#13173,#13180,#13186));
#13165 = ORIENTED_EDGE('',*,*,#13166,.T.);
#13166 = EDGE_CURVE('',#13073,#13167,#13169,.T.);
#13167 = VERTEX_POINT('',#13168);
#13168 = CARTESIAN_POINT('',(-4.605,5.28,2.037));
#13169 = ( BOUNDED_CURVE() B_SPLINE_CURVE(2,(#13170,#13171,#13172),
.UNSPECIFIED.,.F.,.F.) B_SPLINE_CURVE_WITH_KNOTS((3,3),(0.,
1.570796326795),.PIECEWISE_BEZIER_KNOTS.) CURVE() 
GEOMETRIC_REPRESENTATION_ITEM() RATIONAL_B_SPLINE_CURVE((1.,
0.707106781187,1.)) REPRESENTATION_ITEM('') );
#13170 = CARTESIAN_POINT('',(-5.1,4.752,2.037));
#13171 = CARTESIAN_POINT('',(-5.1,5.28,2.037));
#13172 = CARTESIAN_POINT('',(-4.605,5.28,2.037));
#13173 = ORIENTED_EDGE('',*,*,#13174,.F.);
#13174 = EDGE_CURVE('',#13175,#13167,#13177,.T.);
#13175 = VERTEX_POINT('',#13176);
#13176 = CARTESIAN_POINT('',(-4.605,5.28,0.));
#13177 = B_SPLINE_CURVE_WITH_KNOTS('',1,(#13178,#13179),.UNSPECIFIED.,
  .F.,.F.,(2,2),(0.,0.97),.PIECEWISE_BEZIER_KNOTS.);
#13178 = CARTESIAN_POINT('',(-4.605,5.28,0.));
#13179 = CARTESIAN_POINT('',(-4.605,5.28,2.037));
#13180 = ORIENTED_EDGE('',*,*,#13181,.F.);
#13181 = EDGE_CURVE('',#13115,#13175,#13182,.T.);
#13182 = ( BOUNDED_CURVE() B_SPLINE_CURVE(2,(#13183,#13184,#13185),
.UNSPECIFIED.,.F.,.F.) B_SPLINE_CURVE_WITH_KNOTS((3,3),(1.570796326795,
3.14159265359),.PIECEWISE_BEZIER_KNOTS.) CURVE() 
GEOMETRIC_REPRESENTATION_ITEM() RATIONAL_B_SPLINE_CURVE((1.,
0.707106781187,1.)) REPRESENTATION_ITEM('') );
#13183 = CARTESIAN_POINT('',(-5.1,4.752,0.));
#13184 = CARTESIAN_POINT('',(-5.1,5.28,0.));
#13185 = CARTESIAN_POINT('',(-4.605,5.28,0.));
#13186 = ORIENTED_EDGE('',*,*,#13121,.T.);
#13187 = ( BOUNDED_SURFACE() B_SPLINE_SURFACE(2,1,(
    (#13188,#13189)
    ,(#13190,#13191)
    ,(#13192,#13193
)),.UNSPECIFIED.,.F.,.F.,.F.) B_SPLINE_SURFACE_WITH_KNOTS((3,3),(2,2),(
    4.712388980385,6.28318530718),(0.,0.97),.PIECEWISE_BEZIER_KNOTS.) 
GEOMETRIC_REPRESENTATION_ITEM() RATIONAL_B_SPLINE_SURFACE((
    (1.,1.)
    ,(0.707106781187,0.707106781187)
,(1.,1.))) REPRESENTATION_ITEM('') SURFACE() );
#13188 = CARTESIAN_POINT('',(-4.605,5.28,0.));
#13189 = CARTESIAN_POINT('',(-4.605,5.28,2.037));
#13190 = CARTESIAN_POINT('',(-5.1,5.28,0.));
#13191 = CARTESIAN_POINT('',(-5.1,5.28,2.037));
#13192 = CARTESIAN_POINT('',(-5.1,4.752,0.));
#13193 = CARTESIAN_POINT('',(-5.1,4.752,2.037));
#13194 = ADVANCED_FACE('',(#13195),#13290,.F.);
#13195 = FACE_BOUND('',#13196,.F.);
#13196 = EDGE_LOOP('',(#13197,#13198,#13206,#13213,#13221,#13228,#13235,
    #13242,#13249,#13256,#13264,#13269,#13270,#13271,#13278,#13285));
#13197 = ORIENTED_EDGE('',*,*,#13086,.F.);
#13198 = ORIENTED_EDGE('',*,*,#13199,.T.);
#13199 = EDGE_CURVE('',#13080,#13200,#13202,.T.);
#13200 = VERTEX_POINT('',#13201);
#13201 = CARTESIAN_POINT('',(-4.605,-5.28,0.));
#13202 = ( BOUNDED_CURVE() B_SPLINE_CURVE(2,(#13203,#13204,#13205),
.UNSPECIFIED.,.F.,.F.) B_SPLINE_CURVE_WITH_KNOTS((3,3),(4.712388980385,
6.28318530718),.PIECEWISE_BEZIER_KNOTS.) CURVE() 
GEOMETRIC_REPRESENTATION_ITEM() RATIONAL_B_SPLINE_CURVE((1.,
0.707106781187,1.)) REPRESENTATION_ITEM('') );
#13203 = CARTESIAN_POINT('',(-5.1,-4.752,0.));
#13204 = CARTESIAN_POINT('',(-5.1,-5.28,0.));
#13205 = CARTESIAN_POINT('',(-4.605,-5.28,0.));
#13206 = ORIENTED_EDGE('',*,*,#13207,.T.);
#13207 = EDGE_CURVE('',#13200,#13208,#13210,.T.);
#13208 = VERTEX_POINT('',#13209);
#13209 = CARTESIAN_POINT('',(4.605,-5.28,0.));
#13210 = B_SPLINE_CURVE_WITH_KNOTS('',1,(#13211,#13212),.UNSPECIFIED.,
  .F.,.F.,(2,2),(0.33,6.47),.PIECEWISE_BEZIER_KNOTS.);
#13211 = CARTESIAN_POINT('',(-4.605,-5.28,0.));
#13212 = CARTESIAN_POINT('',(4.605,-5.28,0.));
#13213 = ORIENTED_EDGE('',*,*,#13214,.F.);
#13214 = EDGE_CURVE('',#13215,#13208,#13217,.T.);
#13215 = VERTEX_POINT('',#13216);
#13216 = CARTESIAN_POINT('',(5.1,-4.752,0.));
#13217 = ( BOUNDED_CURVE() B_SPLINE_CURVE(2,(#13218,#13219,#13220),
.UNSPECIFIED.,.F.,.F.) B_SPLINE_CURVE_WITH_KNOTS((3,3),(4.712388980385,
6.28318530718),.PIECEWISE_BEZIER_KNOTS.) CURVE() 
GEOMETRIC_REPRESENTATION_ITEM() RATIONAL_B_SPLINE_CURVE((1.,
0.707106781187,1.)) REPRESENTATION_ITEM('') );
#13218 = CARTESIAN_POINT('',(5.1,-4.752,0.));
#13219 = CARTESIAN_POINT('',(5.1,-5.28,0.));
#13220 = CARTESIAN_POINT('',(4.605,-5.28,0.));
#13221 = ORIENTED_EDGE('',*,*,#13222,.T.);
#13222 = EDGE_CURVE('',#13215,#13223,#13225,.T.);
#13223 = VERTEX_POINT('',#13224);
#13224 = CARTESIAN_POINT('',(5.1,-2.4,0.));
#13225 = B_SPLINE_CURVE_WITH_KNOTS('',1,(#13226,#13227),.UNSPECIFIED.,
  .F.,.F.,(2,2),(0.33,1.8),.PIECEWISE_BEZIER_KNOTS.);
#13226 = CARTESIAN_POINT('',(5.1,-4.752,0.));
#13227 = CARTESIAN_POINT('',(5.1,-2.4,0.));
#13228 = ORIENTED_EDGE('',*,*,#13229,.F.);
#13229 = EDGE_CURVE('',#13230,#13223,#13232,.T.);
#13230 = VERTEX_POINT('',#13231);
#13231 = CARTESIAN_POINT('',(2.715,-2.4,0.));
#13232 = B_SPLINE_CURVE_WITH_KNOTS('',1,(#13233,#13234),.UNSPECIFIED.,
  .F.,.F.,(2,2),(0.,1.59),.PIECEWISE_BEZIER_KNOTS.);
#13233 = CARTESIAN_POINT('',(2.715,-2.4,0.));
#13234 = CARTESIAN_POINT('',(5.1,-2.4,0.));
#13235 = ORIENTED_EDGE('',*,*,#13236,.T.);
#13236 = EDGE_CURVE('',#13230,#13237,#13239,.T.);
#13237 = VERTEX_POINT('',#13238);
#13238 = CARTESIAN_POINT('',(2.715,2.4,0.));
#13239 = B_SPLINE_CURVE_WITH_KNOTS('',1,(#13240,#13241),.UNSPECIFIED.,
  .F.,.F.,(2,2),(0.,3.),.PIECEWISE_BEZIER_KNOTS.);
#13240 = CARTESIAN_POINT('',(2.715,-2.4,0.));
#13241 = CARTESIAN_POINT('',(2.715,2.4,0.));
#13242 = ORIENTED_EDGE('',*,*,#13243,.T.);
#13243 = EDGE_CURVE('',#13237,#13244,#13246,.T.);
#13244 = VERTEX_POINT('',#13245);
#13245 = CARTESIAN_POINT('',(5.1,2.4,0.));
#13246 = B_SPLINE_CURVE_WITH_KNOTS('',1,(#13247,#13248),.UNSPECIFIED.,
  .F.,.F.,(2,2),(0.,1.59),.PIECEWISE_BEZIER_KNOTS.);
#13247 = CARTESIAN_POINT('',(2.715,2.4,0.));
#13248 = CARTESIAN_POINT('',(5.1,2.4,0.));
#13249 = ORIENTED_EDGE('',*,*,#13250,.T.);
#13250 = EDGE_CURVE('',#13244,#13251,#13253,.T.);
#13251 = VERTEX_POINT('',#13252);
#13252 = CARTESIAN_POINT('',(5.1,4.752,0.));
#13253 = B_SPLINE_CURVE_WITH_KNOTS('',1,(#13254,#13255),.UNSPECIFIED.,
  .F.,.F.,(2,2),(4.8,6.27),.PIECEWISE_BEZIER_KNOTS.);
#13254 = CARTESIAN_POINT('',(5.1,2.4,0.));
#13255 = CARTESIAN_POINT('',(5.1,4.752,0.));
#13256 = ORIENTED_EDGE('',*,*,#13257,.T.);
#13257 = EDGE_CURVE('',#13251,#13258,#13260,.T.);
#13258 = VERTEX_POINT('',#13259);
#13259 = CARTESIAN_POINT('',(4.605,5.28,0.));
#13260 = ( BOUNDED_CURVE() B_SPLINE_CURVE(2,(#13261,#13262,#13263),
.UNSPECIFIED.,.F.,.F.) B_SPLINE_CURVE_WITH_KNOTS((3,3),(1.570796326795,
3.14159265359),.PIECEWISE_BEZIER_KNOTS.) CURVE() 
GEOMETRIC_REPRESENTATION_ITEM() RATIONAL_B_SPLINE_CURVE((1.,
0.707106781187,1.)) REPRESENTATION_ITEM('') );
#13261 = CARTESIAN_POINT('',(5.1,4.752,0.));
#13262 = CARTESIAN_POINT('',(5.1,5.28,0.));
#13263 = CARTESIAN_POINT('',(4.605,5.28,0.));
#13264 = ORIENTED_EDGE('',*,*,#13265,.F.);
#13265 = EDGE_CURVE('',#13175,#13258,#13266,.T.);
#13266 = B_SPLINE_CURVE_WITH_KNOTS('',1,(#13267,#13268),.UNSPECIFIED.,
  .F.,.F.,(2,2),(0.33,6.47),.PIECEWISE_BEZIER_KNOTS.);
#13267 = CARTESIAN_POINT('',(-4.605,5.28,0.));
#13268 = CARTESIAN_POINT('',(4.605,5.28,0.));
#13269 = ORIENTED_EDGE('',*,*,#13181,.F.);
#13270 = ORIENTED_EDGE('',*,*,#13114,.F.);
#13271 = ORIENTED_EDGE('',*,*,#13272,.T.);
#13272 = EDGE_CURVE('',#13108,#13273,#13275,.T.);
#13273 = VERTEX_POINT('',#13274);
#13274 = CARTESIAN_POINT('',(-2.715,2.4,0.));
#13275 = B_SPLINE_CURVE_WITH_KNOTS('',1,(#13276,#13277),.UNSPECIFIED.,
  .F.,.F.,(2,2),(0.11,1.7),.PIECEWISE_BEZIER_KNOTS.);
#13276 = CARTESIAN_POINT('',(-5.1,2.4,0.));
#13277 = CARTESIAN_POINT('',(-2.715,2.4,0.));
#13278 = ORIENTED_EDGE('',*,*,#13279,.F.);
#13279 = EDGE_CURVE('',#13280,#13273,#13282,.T.);
#13280 = VERTEX_POINT('',#13281);
#13281 = CARTESIAN_POINT('',(-2.715,-2.4,0.));
#13282 = B_SPLINE_CURVE_WITH_KNOTS('',1,(#13283,#13284),.UNSPECIFIED.,
  .F.,.F.,(2,2),(0.,3.),.PIECEWISE_BEZIER_KNOTS.);
#13283 = CARTESIAN_POINT('',(-2.715,-2.4,0.));
#13284 = CARTESIAN_POINT('',(-2.715,2.4,0.));
#13285 = ORIENTED_EDGE('',*,*,#13286,.F.);
#13286 = EDGE_CURVE('',#13087,#13280,#13287,.T.);
#13287 = B_SPLINE_CURVE_WITH_KNOTS('',1,(#13288,#13289),.UNSPECIFIED.,
  .F.,.F.,(2,2),(0.11,1.7),.PIECEWISE_BEZIER_KNOTS.);
#13288 = CARTESIAN_POINT('',(-5.1,-2.4,0.));
#13289 = CARTESIAN_POINT('',(-2.715,-2.4,0.));
#13290 = B_SPLINE_SURFACE_WITH_KNOTS('',1,1,(
    (#13291,#13292)
    ,(#13293,#13294
    )),.UNSPECIFIED.,.F.,.F.,.F.,(2,2),(2,2),(0.,6.8),(
    -4.440892098501E-16,6.6),.PIECEWISE_BEZIER_KNOTS.);
#13291 = CARTESIAN_POINT('',(-5.1,-5.28,0.));
#13292 = CARTESIAN_POINT('',(-5.1,5.28,0.));
#13293 = CARTESIAN_POINT('',(5.1,-5.28,0.));
#13294 = CARTESIAN_POINT('',(5.1,5.28,0.));
#13295 = ADVANCED_FACE('',(#13296),#13318,.T.);
#13296 = FACE_BOUND('',#13297,.T.);
#13297 = EDGE_LOOP('',(#13298,#13305,#13312,#13317));
#13298 = ORIENTED_EDGE('',*,*,#13299,.F.);
#13299 = EDGE_CURVE('',#13300,#13108,#13302,.T.);
#13300 = VERTEX_POINT('',#13301);
#13301 = CARTESIAN_POINT('',(-5.265,2.4,0.));
#13302 = B_SPLINE_CURVE_WITH_KNOTS('',1,(#13303,#13304),.UNSPECIFIED.,
  .F.,.F.,(2,2),(0.,0.11),.PIECEWISE_BEZIER_KNOTS.);
#13303 = CARTESIAN_POINT('',(-5.265,2.4,0.));
#13304 = CARTESIAN_POINT('',(-5.1,2.4,0.));
#13305 = ORIENTED_EDGE('',*,*,#13306,.T.);
#13306 = EDGE_CURVE('',#13300,#13307,#13309,.T.);
#13307 = VERTEX_POINT('',#13308);
#13308 = CARTESIAN_POINT('',(-5.265,2.4,0.819));
#13309 = B_SPLINE_CURVE_WITH_KNOTS('',1,(#13310,#13311),.UNSPECIFIED.,
  .F.,.F.,(2,2),(0.,0.39),.PIECEWISE_BEZIER_KNOTS.);
#13310 = CARTESIAN_POINT('',(-5.265,2.4,0.));
#13311 = CARTESIAN_POINT('',(-5.265,2.4,0.819));
#13312 = ORIENTED_EDGE('',*,*,#13313,.T.);
#13313 = EDGE_CURVE('',#13307,#13101,#13314,.T.);
#13314 = B_SPLINE_CURVE_WITH_KNOTS('',1,(#13315,#13316),.UNSPECIFIED.,
  .F.,.F.,(2,2),(0.,0.11),.PIECEWISE_BEZIER_KNOTS.);
#13315 = CARTESIAN_POINT('',(-5.265,2.4,0.819));
#13316 = CARTESIAN_POINT('',(-5.1,2.4,0.819));
#13317 = ORIENTED_EDGE('',*,*,#13107,.F.);
#13318 = B_SPLINE_SURFACE_WITH_KNOTS('',1,1,(
    (#13319,#13320)
    ,(#13321,#13322
    )),.UNSPECIFIED.,.F.,.F.,.F.,(2,2),(2,2),(0.,0.39),(0.,0.11),
  .PIECEWISE_BEZIER_KNOTS.);
#13319 = CARTESIAN_POINT('',(-5.265,2.4,0.));
#13320 = CARTESIAN_POINT('',(-5.1,2.4,0.));
#13321 = CARTESIAN_POINT('',(-5.265,2.4,0.819));
#13322 = CARTESIAN_POINT('',(-5.1,2.4,0.819));
#13323 = ADVANCED_FACE('',(#13324),#13340,.T.);
#13324 = FACE_BOUND('',#13325,.T.);
#13325 = EDGE_LOOP('',(#13326,#13327,#13334,#13339));
#13326 = ORIENTED_EDGE('',*,*,#13313,.F.);
#13327 = ORIENTED_EDGE('',*,*,#13328,.F.);
#13328 = EDGE_CURVE('',#13329,#13307,#13331,.T.);
#13329 = VERTEX_POINT('',#13330);
#13330 = CARTESIAN_POINT('',(-5.265,-2.4,0.819));
#13331 = B_SPLINE_CURVE_WITH_KNOTS('',1,(#13332,#13333),.UNSPECIFIED.,
  .F.,.F.,(2,2),(0.,3.),.PIECEWISE_BEZIER_KNOTS.);
#13332 = CARTESIAN_POINT('',(-5.265,-2.4,0.819));
#13333 = CARTESIAN_POINT('',(-5.265,2.4,0.819));
#13334 = ORIENTED_EDGE('',*,*,#13335,.T.);
#13335 = EDGE_CURVE('',#13329,#13094,#13336,.T.);
#13336 = B_SPLINE_CURVE_WITH_KNOTS('',1,(#13337,#13338),.UNSPECIFIED.,
  .F.,.F.,(2,2),(0.,0.11),.PIECEWISE_BEZIER_KNOTS.);
#13337 = CARTESIAN_POINT('',(-5.265,-2.4,0.819));
#13338 = CARTESIAN_POINT('',(-5.1,-2.4,0.819));
#13339 = ORIENTED_EDGE('',*,*,#13100,.F.);
#13340 = B_SPLINE_SURFACE_WITH_KNOTS('',1,1,(
    (#13341,#13342)
    ,(#13343,#13344
    )),.UNSPECIFIED.,.F.,.F.,.F.,(2,2),(2,2),(0.,0.11),(0.,3.),
  .PIECEWISE_BEZIER_KNOTS.);
#13341 = CARTESIAN_POINT('',(-5.265,-2.4,0.819));
#13342 = CARTESIAN_POINT('',(-5.265,2.4,0.819));
#13343 = CARTESIAN_POINT('',(-5.1,-2.4,0.819));
#13344 = CARTESIAN_POINT('',(-5.1,2.4,0.819));
#13345 = ADVANCED_FACE('',(#13346),#13362,.F.);
#13346 = FACE_BOUND('',#13347,.F.);
#13347 = EDGE_LOOP('',(#13348,#13355,#13360,#13361));
#13348 = ORIENTED_EDGE('',*,*,#13349,.F.);
#13349 = EDGE_CURVE('',#13350,#13087,#13352,.T.);
#13350 = VERTEX_POINT('',#13351);
#13351 = CARTESIAN_POINT('',(-5.265,-2.4,0.));
#13352 = B_SPLINE_CURVE_WITH_KNOTS('',1,(#13353,#13354),.UNSPECIFIED.,
  .F.,.F.,(2,2),(0.,0.11),.PIECEWISE_BEZIER_KNOTS.);
#13353 = CARTESIAN_POINT('',(-5.265,-2.4,0.));
#13354 = CARTESIAN_POINT('',(-5.1,-2.4,0.));
#13355 = ORIENTED_EDGE('',*,*,#13356,.T.);
#13356 = EDGE_CURVE('',#13350,#13329,#13357,.T.);
#13357 = B_SPLINE_CURVE_WITH_KNOTS('',1,(#13358,#13359),.UNSPECIFIED.,
  .F.,.F.,(2,2),(0.,0.39),.PIECEWISE_BEZIER_KNOTS.);
#13358 = CARTESIAN_POINT('',(-5.265,-2.4,0.));
#13359 = CARTESIAN_POINT('',(-5.265,-2.4,0.819));
#13360 = ORIENTED_EDGE('',*,*,#13335,.T.);
#13361 = ORIENTED_EDGE('',*,*,#13093,.F.);
#13362 = B_SPLINE_SURFACE_WITH_KNOTS('',1,1,(
    (#13363,#13364)
    ,(#13365,#13366
    )),.UNSPECIFIED.,.F.,.F.,.F.,(2,2),(2,2),(0.,0.39),(0.,0.11),
  .PIECEWISE_BEZIER_KNOTS.);
#13363 = CARTESIAN_POINT('',(-5.265,-2.4,0.));
#13364 = CARTESIAN_POINT('',(-5.1,-2.4,0.));
#13365 = CARTESIAN_POINT('',(-5.265,-2.4,0.819));
#13366 = CARTESIAN_POINT('',(-5.1,-2.4,0.819));
#13367 = ADVANCED_FACE('',(#13368),#13385,.T.);
#13368 = FACE_BOUND('',#13369,.T.);
#13369 = EDGE_LOOP('',(#13370,#13371,#13372,#13379));
#13370 = ORIENTED_EDGE('',*,*,#13079,.F.);
#13371 = ORIENTED_EDGE('',*,*,#13199,.T.);
#13372 = ORIENTED_EDGE('',*,*,#13373,.T.);
#13373 = EDGE_CURVE('',#13200,#13374,#13376,.T.);
#13374 = VERTEX_POINT('',#13375);
#13375 = CARTESIAN_POINT('',(-4.605,-5.28,2.037));
#13376 = B_SPLINE_CURVE_WITH_KNOTS('',1,(#13377,#13378),.UNSPECIFIED.,
  .F.,.F.,(2,2),(0.,0.97),.PIECEWISE_BEZIER_KNOTS.);
#13377 = CARTESIAN_POINT('',(-4.605,-5.28,0.));
#13378 = CARTESIAN_POINT('',(-4.605,-5.28,2.037));
#13379 = ORIENTED_EDGE('',*,*,#13380,.T.);
#13380 = EDGE_CURVE('',#13374,#13071,#13381,.T.);
#13381 = ( BOUNDED_CURVE() B_SPLINE_CURVE(2,(#13382,#13383,#13384),
.UNSPECIFIED.,.F.,.F.) B_SPLINE_CURVE_WITH_KNOTS((3,3),(0.,
1.570796326795),.PIECEWISE_BEZIER_KNOTS.) CURVE() 
GEOMETRIC_REPRESENTATION_ITEM() RATIONAL_B_SPLINE_CURVE((1.,
0.707106781187,1.)) REPRESENTATION_ITEM('') );
#13382 = CARTESIAN_POINT('',(-4.605,-5.28,2.037));
#13383 = CARTESIAN_POINT('',(-5.1,-5.28,2.037));
#13384 = CARTESIAN_POINT('',(-5.1,-4.752,2.037));
#13385 = ( BOUNDED_SURFACE() B_SPLINE_SURFACE(2,1,(
    (#13386,#13387)
    ,(#13388,#13389)
    ,(#13390,#13391
)),.UNSPECIFIED.,.F.,.F.,.F.) B_SPLINE_SURFACE_WITH_KNOTS((3,3),(2,2),(
    0.,1.570796326795),(0.,0.97),.PIECEWISE_BEZIER_KNOTS.) 
GEOMETRIC_REPRESENTATION_ITEM() RATIONAL_B_SPLINE_SURFACE((
    (1.,1.)
    ,(0.707106781187,0.707106781187)
,(1.,1.))) REPRESENTATION_ITEM('') SURFACE() );
#13386 = CARTESIAN_POINT('',(-5.1,-4.752,0.));
#13387 = CARTESIAN_POINT('',(-5.1,-4.752,2.037));
#13388 = CARTESIAN_POINT('',(-5.1,-5.28,0.));
#13389 = CARTESIAN_POINT('',(-5.1,-5.28,2.037));
#13390 = CARTESIAN_POINT('',(-4.605,-5.28,0.));
#13391 = CARTESIAN_POINT('',(-4.605,-5.28,2.037));
#13392 = ADVANCED_FACE('',(#13393),#13403,.T.);
#13393 = FACE_BOUND('',#13394,.T.);
#13394 = EDGE_LOOP('',(#13395,#13396,#13397));
#13395 = ORIENTED_EDGE('',*,*,#13134,.F.);
#13396 = ORIENTED_EDGE('',*,*,#13380,.F.);
#13397 = ORIENTED_EDGE('',*,*,#13398,.T.);
#13398 = EDGE_CURVE('',#13374,#13135,#13399,.T.);
#13399 = ( BOUNDED_CURVE() B_SPLINE_CURVE(2,(#13400,#13401,#13402),
.UNSPECIFIED.,.F.,.F.) B_SPLINE_CURVE_WITH_KNOTS((3,3),(0.,
1.570796326795),.PIECEWISE_BEZIER_KNOTS.) CURVE() 
GEOMETRIC_REPRESENTATION_ITEM() RATIONAL_B_SPLINE_CURVE((1.,
0.707106781187,1.)) REPRESENTATION_ITEM('') );
#13400 = CARTESIAN_POINT('',(-4.605,-5.28,2.037));
#13401 = CARTESIAN_POINT('',(-4.605,-5.28,2.73));
#13402 = CARTESIAN_POINT('',(-4.605,-4.752,2.73));
#13403 = ( BOUNDED_SURFACE() B_SPLINE_SURFACE(2,2,(
    (#13404,#13405,#13406)
    ,(#13407,#13408,#13409)
    ,(#13410,#13411,#13412
)),.UNSPECIFIED.,.F.,.F.,.F.) B_SPLINE_SURFACE_WITH_KNOTS((3,3),(3,3),(
    4.712388980385,6.28318530718),(0.,1.570796326795),
.PIECEWISE_BEZIER_KNOTS.) GEOMETRIC_REPRESENTATION_ITEM() 
RATIONAL_B_SPLINE_SURFACE((
    (1.,0.707106781187,1.)
    ,(0.707106781187,0.5,0.707106781187)
,(1.,0.707106781187,1.))) REPRESENTATION_ITEM('') SURFACE() );
#13404 = CARTESIAN_POINT('',(-5.1,-4.752,2.037));
#13405 = CARTESIAN_POINT('',(-5.1,-4.752,2.73));
#13406 = CARTESIAN_POINT('',(-4.605,-4.752,2.73));
#13407 = CARTESIAN_POINT('',(-5.1,-5.28,2.037));
#13408 = CARTESIAN_POINT('',(-5.1,-5.28,2.73));
#13409 = CARTESIAN_POINT('',(-4.605,-4.752,2.73));
#13410 = CARTESIAN_POINT('',(-4.605,-5.28,2.037));
#13411 = CARTESIAN_POINT('',(-4.605,-5.28,2.73));
#13412 = CARTESIAN_POINT('',(-4.605,-4.752,2.73));
#13413 = ADVANCED_FACE('',(#13414),#13436,.T.);
#13414 = FACE_BOUND('',#13415,.T.);
#13415 = EDGE_LOOP('',(#13416,#13417,#13424,#13431));
#13416 = ORIENTED_EDGE('',*,*,#13142,.F.);
#13417 = ORIENTED_EDGE('',*,*,#13418,.F.);
#13418 = EDGE_CURVE('',#13419,#13135,#13421,.T.);
#13419 = VERTEX_POINT('',#13420);
#13420 = CARTESIAN_POINT('',(4.605,-4.752,2.73));
#13421 = B_SPLINE_CURVE_WITH_KNOTS('',1,(#13422,#13423),.UNSPECIFIED.,
  .F.,.F.,(2,2),(-0.,6.14),.PIECEWISE_BEZIER_KNOTS.);
#13422 = CARTESIAN_POINT('',(4.605,-4.752,2.73));
#13423 = CARTESIAN_POINT('',(-4.605,-4.752,2.73));
#13424 = ORIENTED_EDGE('',*,*,#13425,.F.);
#13425 = EDGE_CURVE('',#13426,#13419,#13428,.T.);
#13426 = VERTEX_POINT('',#13427);
#13427 = CARTESIAN_POINT('',(4.605,4.752,2.73));
#13428 = B_SPLINE_CURVE_WITH_KNOTS('',1,(#13429,#13430),.UNSPECIFIED.,
  .F.,.F.,(2,2),(-0.,5.94),.PIECEWISE_BEZIER_KNOTS.);
#13429 = CARTESIAN_POINT('',(4.605,4.752,2.73));
#13430 = CARTESIAN_POINT('',(4.605,-4.752,2.73));
#13431 = ORIENTED_EDGE('',*,*,#13432,.F.);
#13432 = EDGE_CURVE('',#13143,#13426,#13433,.T.);
#13433 = B_SPLINE_CURVE_WITH_KNOTS('',1,(#13434,#13435),.UNSPECIFIED.,
  .F.,.F.,(2,2),(0.,6.14),.PIECEWISE_BEZIER_KNOTS.);
#13434 = CARTESIAN_POINT('',(-4.605,4.752,2.73));
#13435 = CARTESIAN_POINT('',(4.605,4.752,2.73));
#13436 = B_SPLINE_SURFACE_WITH_KNOTS('',1,1,(
    (#13437,#13438)
    ,(#13439,#13440
  )),.UNSPECIFIED.,.F.,.F.,.F.,(2,2),(2,2),(0.33,6.47),(0.33,6.27),
  .PIECEWISE_BEZIER_KNOTS.);
#13437 = CARTESIAN_POINT('',(-4.605,-4.752,2.73));
#13438 = CARTESIAN_POINT('',(-4.605,4.752,2.73));
#13439 = CARTESIAN_POINT('',(4.605,-4.752,2.73));
#13440 = CARTESIAN_POINT('',(4.605,4.752,2.73));
#13441 = ADVANCED_FACE('',(#13442),#13452,.T.);
#13442 = FACE_BOUND('',#13443,.T.);
#13443 = EDGE_LOOP('',(#13444,#13450,#13451));
#13444 = ORIENTED_EDGE('',*,*,#13445,.F.);
#13445 = EDGE_CURVE('',#13167,#13143,#13446,.T.);
#13446 = ( BOUNDED_CURVE() B_SPLINE_CURVE(2,(#13447,#13448,#13449),
.UNSPECIFIED.,.F.,.F.) B_SPLINE_CURVE_WITH_KNOTS((3,3),(0.,
1.570796326795),.PIECEWISE_BEZIER_KNOTS.) CURVE() 
GEOMETRIC_REPRESENTATION_ITEM() RATIONAL_B_SPLINE_CURVE((1.,
0.707106781187,1.)) REPRESENTATION_ITEM('') );
#13447 = CARTESIAN_POINT('',(-4.605,5.28,2.037));
#13448 = CARTESIAN_POINT('',(-4.605,5.28,2.73));
#13449 = CARTESIAN_POINT('',(-4.605,4.752,2.73));
#13450 = ORIENTED_EDGE('',*,*,#13166,.F.);
#13451 = ORIENTED_EDGE('',*,*,#13149,.T.);
#13452 = ( BOUNDED_SURFACE() B_SPLINE_SURFACE(2,2,(
    (#13453,#13454,#13455)
    ,(#13456,#13457,#13458)
    ,(#13459,#13460,#13461
)),.UNSPECIFIED.,.F.,.F.,.F.) B_SPLINE_SURFACE_WITH_KNOTS((3,3),(3,3),(
    4.712388980385,6.28318530718),(0.,1.570796326795),
.PIECEWISE_BEZIER_KNOTS.) GEOMETRIC_REPRESENTATION_ITEM() 
RATIONAL_B_SPLINE_SURFACE((
    (1.,0.707106781187,1.)
    ,(0.707106781187,0.5,0.707106781187)
,(1.,0.707106781187,1.))) REPRESENTATION_ITEM('') SURFACE() );
#13453 = CARTESIAN_POINT('',(-4.605,5.28,2.037));
#13454 = CARTESIAN_POINT('',(-4.605,5.28,2.73));
#13455 = CARTESIAN_POINT('',(-4.605,4.752,2.73));
#13456 = CARTESIAN_POINT('',(-5.1,5.28,2.037));
#13457 = CARTESIAN_POINT('',(-5.1,5.28,2.73));
#13458 = CARTESIAN_POINT('',(-4.605,4.752,2.73));
#13459 = CARTESIAN_POINT('',(-5.1,4.752,2.037));
#13460 = CARTESIAN_POINT('',(-5.1,4.752,2.73));
#13461 = CARTESIAN_POINT('',(-4.605,4.752,2.73));
#13462 = ADVANCED_FACE('',(#13463),#13479,.T.);
#13463 = FACE_BOUND('',#13464,.T.);
#13464 = EDGE_LOOP('',(#13465,#13466,#13473,#13478));
#13465 = ORIENTED_EDGE('',*,*,#13174,.T.);
#13466 = ORIENTED_EDGE('',*,*,#13467,.T.);
#13467 = EDGE_CURVE('',#13167,#13468,#13470,.T.);
#13468 = VERTEX_POINT('',#13469);
#13469 = CARTESIAN_POINT('',(4.605,5.28,2.037));
#13470 = B_SPLINE_CURVE_WITH_KNOTS('',1,(#13471,#13472),.UNSPECIFIED.,
  .F.,.F.,(2,2),(0.,6.14),.PIECEWISE_BEZIER_KNOTS.);
#13471 = CARTESIAN_POINT('',(-4.605,5.28,2.037));
#13472 = CARTESIAN_POINT('',(4.605,5.28,2.037));
#13473 = ORIENTED_EDGE('',*,*,#13474,.F.);
#13474 = EDGE_CURVE('',#13258,#13468,#13475,.T.);
#13475 = B_SPLINE_CURVE_WITH_KNOTS('',1,(#13476,#13477),.UNSPECIFIED.,
  .F.,.F.,(2,2),(0.,0.97),.PIECEWISE_BEZIER_KNOTS.);
#13476 = CARTESIAN_POINT('',(4.605,5.28,0.));
#13477 = CARTESIAN_POINT('',(4.605,5.28,2.037));
#13478 = ORIENTED_EDGE('',*,*,#13265,.F.);
#13479 = B_SPLINE_SURFACE_WITH_KNOTS('',1,1,(
    (#13480,#13481)
    ,(#13482,#13483
    )),.UNSPECIFIED.,.F.,.F.,.F.,(2,2),(2,2),(0.,0.97),(0.33,6.47),
  .PIECEWISE_BEZIER_KNOTS.);
#13480 = CARTESIAN_POINT('',(-4.605,5.28,0.));
#13481 = CARTESIAN_POINT('',(4.605,5.28,0.));
#13482 = CARTESIAN_POINT('',(-4.605,5.28,2.037));
#13483 = CARTESIAN_POINT('',(4.605,5.28,2.037));
#13484 = ADVANCED_FACE('',(#13485),#13497,.F.);
#13485 = FACE_BOUND('',#13486,.F.);
#13486 = EDGE_LOOP('',(#13487,#13492,#13493,#13494,#13495,#13496));
#13487 = ORIENTED_EDGE('',*,*,#13488,.F.);
#13488 = EDGE_CURVE('',#13350,#13300,#13489,.T.);
#13489 = B_SPLINE_CURVE_WITH_KNOTS('',1,(#13490,#13491),.UNSPECIFIED.,
  .F.,.F.,(2,2),(0.,3.),.PIECEWISE_BEZIER_KNOTS.);
#13490 = CARTESIAN_POINT('',(-5.265,-2.4,0.));
#13491 = CARTESIAN_POINT('',(-5.265,2.4,0.));
#13492 = ORIENTED_EDGE('',*,*,#13349,.T.);
#13493 = ORIENTED_EDGE('',*,*,#13286,.T.);
#13494 = ORIENTED_EDGE('',*,*,#13279,.T.);
#13495 = ORIENTED_EDGE('',*,*,#13272,.F.);
#13496 = ORIENTED_EDGE('',*,*,#13299,.F.);
#13497 = B_SPLINE_SURFACE_WITH_KNOTS('',1,1,(
    (#13498,#13499)
    ,(#13500,#13501
    )),.UNSPECIFIED.,.F.,.F.,.F.,(2,2),(2,2),(0.,1.7),(0.,3.),
  .PIECEWISE_BEZIER_KNOTS.);
#13498 = CARTESIAN_POINT('',(-5.265,-2.4,0.));
#13499 = CARTESIAN_POINT('',(-5.265,2.4,0.));
#13500 = CARTESIAN_POINT('',(-2.715,-2.4,0.));
#13501 = CARTESIAN_POINT('',(-2.715,2.4,0.));
#13502 = ADVANCED_FACE('',(#13503),#13520,.T.);
#13503 = FACE_BOUND('',#13504,.T.);
#13504 = EDGE_LOOP('',(#13505,#13512,#13513,#13514));
#13505 = ORIENTED_EDGE('',*,*,#13506,.F.);
#13506 = EDGE_CURVE('',#13251,#13507,#13509,.T.);
#13507 = VERTEX_POINT('',#13508);
#13508 = CARTESIAN_POINT('',(5.1,4.752,2.037));
#13509 = B_SPLINE_CURVE_WITH_KNOTS('',1,(#13510,#13511),.UNSPECIFIED.,
  .F.,.F.,(2,2),(0.,0.97),.PIECEWISE_BEZIER_KNOTS.);
#13510 = CARTESIAN_POINT('',(5.1,4.752,0.));
#13511 = CARTESIAN_POINT('',(5.1,4.752,2.037));
#13512 = ORIENTED_EDGE('',*,*,#13257,.T.);
#13513 = ORIENTED_EDGE('',*,*,#13474,.T.);
#13514 = ORIENTED_EDGE('',*,*,#13515,.T.);
#13515 = EDGE_CURVE('',#13468,#13507,#13516,.T.);
#13516 = ( BOUNDED_CURVE() B_SPLINE_CURVE(2,(#13517,#13518,#13519),
.UNSPECIFIED.,.F.,.F.) B_SPLINE_CURVE_WITH_KNOTS((3,3),(0.,
1.570796326795),.PIECEWISE_BEZIER_KNOTS.) CURVE() 
GEOMETRIC_REPRESENTATION_ITEM() RATIONAL_B_SPLINE_CURVE((1.,
0.707106781187,1.)) REPRESENTATION_ITEM('') );
#13517 = CARTESIAN_POINT('',(4.605,5.28,2.037));
#13518 = CARTESIAN_POINT('',(5.1,5.28,2.037));
#13519 = CARTESIAN_POINT('',(5.1,4.752,2.037));
#13520 = ( BOUNDED_SURFACE() B_SPLINE_SURFACE(2,1,(
    (#13521,#13522)
    ,(#13523,#13524)
    ,(#13525,#13526
)),.UNSPECIFIED.,.F.,.F.,.F.) B_SPLINE_SURFACE_WITH_KNOTS((3,3),(2,2),(
    0.,1.570796326795),(0.,0.97),.PIECEWISE_BEZIER_KNOTS.) 
GEOMETRIC_REPRESENTATION_ITEM() RATIONAL_B_SPLINE_SURFACE((
    (1.,1.)
    ,(0.707106781187,0.707106781187)
,(1.,1.))) REPRESENTATION_ITEM('') SURFACE() );
#13521 = CARTESIAN_POINT('',(5.1,4.752,0.));
#13522 = CARTESIAN_POINT('',(5.1,4.752,2.037));
#13523 = CARTESIAN_POINT('',(5.1,5.28,0.));
#13524 = CARTESIAN_POINT('',(5.1,5.28,2.037));
#13525 = CARTESIAN_POINT('',(4.605,5.28,0.));
#13526 = CARTESIAN_POINT('',(4.605,5.28,2.037));
#13527 = ADVANCED_FACE('',(#13528),#13564,.T.);
#13528 = FACE_BOUND('',#13529,.T.);
#13529 = EDGE_LOOP('',(#13530,#13537,#13542,#13543,#13550,#13557,#13562,
    #13563));
#13530 = ORIENTED_EDGE('',*,*,#13531,.T.);
#13531 = EDGE_CURVE('',#13507,#13532,#13534,.T.);
#13532 = VERTEX_POINT('',#13533);
#13533 = CARTESIAN_POINT('',(5.1,-4.752,2.037));
#13534 = B_SPLINE_CURVE_WITH_KNOTS('',1,(#13535,#13536),.UNSPECIFIED.,
  .F.,.F.,(2,2),(-0.,5.94),.PIECEWISE_BEZIER_KNOTS.);
#13535 = CARTESIAN_POINT('',(5.1,4.752,2.037));
#13536 = CARTESIAN_POINT('',(5.1,-4.752,2.037));
#13537 = ORIENTED_EDGE('',*,*,#13538,.F.);
#13538 = EDGE_CURVE('',#13215,#13532,#13539,.T.);
#13539 = B_SPLINE_CURVE_WITH_KNOTS('',1,(#13540,#13541),.UNSPECIFIED.,
  .F.,.F.,(2,2),(0.,0.97),.PIECEWISE_BEZIER_KNOTS.);
#13540 = CARTESIAN_POINT('',(5.1,-4.752,0.));
#13541 = CARTESIAN_POINT('',(5.1,-4.752,2.037));
#13542 = ORIENTED_EDGE('',*,*,#13222,.T.);
#13543 = ORIENTED_EDGE('',*,*,#13544,.T.);
#13544 = EDGE_CURVE('',#13223,#13545,#13547,.T.);
#13545 = VERTEX_POINT('',#13546);
#13546 = CARTESIAN_POINT('',(5.1,-2.4,0.819));
#13547 = B_SPLINE_CURVE_WITH_KNOTS('',1,(#13548,#13549),.UNSPECIFIED.,
  .F.,.F.,(2,2),(0.,0.39),.PIECEWISE_BEZIER_KNOTS.);
#13548 = CARTESIAN_POINT('',(5.1,-2.4,0.));
#13549 = CARTESIAN_POINT('',(5.1,-2.4,0.819));
#13550 = ORIENTED_EDGE('',*,*,#13551,.F.);
#13551 = EDGE_CURVE('',#13552,#13545,#13554,.T.);
#13552 = VERTEX_POINT('',#13553);
#13553 = CARTESIAN_POINT('',(5.1,2.4,0.819));
#13554 = B_SPLINE_CURVE_WITH_KNOTS('',1,(#13555,#13556),.UNSPECIFIED.,
  .F.,.F.,(2,2),(-3.9,-0.9),.PIECEWISE_BEZIER_KNOTS.);
#13555 = CARTESIAN_POINT('',(5.1,2.4,0.819));
#13556 = CARTESIAN_POINT('',(5.1,-2.4,0.819));
#13557 = ORIENTED_EDGE('',*,*,#13558,.F.);
#13558 = EDGE_CURVE('',#13244,#13552,#13559,.T.);
#13559 = B_SPLINE_CURVE_WITH_KNOTS('',1,(#13560,#13561),.UNSPECIFIED.,
  .F.,.F.,(2,2),(0.,0.39),.PIECEWISE_BEZIER_KNOTS.);
#13560 = CARTESIAN_POINT('',(5.1,2.4,0.));
#13561 = CARTESIAN_POINT('',(5.1,2.4,0.819));
#13562 = ORIENTED_EDGE('',*,*,#13250,.T.);
#13563 = ORIENTED_EDGE('',*,*,#13506,.T.);
#13564 = B_SPLINE_SURFACE_WITH_KNOTS('',1,1,(
    (#13565,#13566)
    ,(#13567,#13568
    )),.UNSPECIFIED.,.F.,.F.,.F.,(2,2),(2,2),(0.,0.97),(-6.27,-0.33),
  .PIECEWISE_BEZIER_KNOTS.);
#13565 = CARTESIAN_POINT('',(5.1,4.752,0.));
#13566 = CARTESIAN_POINT('',(5.1,-4.752,0.));
#13567 = CARTESIAN_POINT('',(5.1,4.752,2.037));
#13568 = CARTESIAN_POINT('',(5.1,-4.752,2.037));
#13569 = ADVANCED_FACE('',(#13570),#13594,.F.);
#13570 = FACE_BOUND('',#13571,.F.);
#13571 = EDGE_LOOP('',(#13572,#13573,#13574,#13581,#13588,#13593));
#13572 = ORIENTED_EDGE('',*,*,#13236,.F.);
#13573 = ORIENTED_EDGE('',*,*,#13229,.T.);
#13574 = ORIENTED_EDGE('',*,*,#13575,.T.);
#13575 = EDGE_CURVE('',#13223,#13576,#13578,.T.);
#13576 = VERTEX_POINT('',#13577);
#13577 = CARTESIAN_POINT('',(5.265,-2.4,0.));
#13578 = B_SPLINE_CURVE_WITH_KNOTS('',1,(#13579,#13580),.UNSPECIFIED.,
  .F.,.F.,(2,2),(1.59,1.7),.PIECEWISE_BEZIER_KNOTS.);
#13579 = CARTESIAN_POINT('',(5.1,-2.4,0.));
#13580 = CARTESIAN_POINT('',(5.265,-2.4,0.));
#13581 = ORIENTED_EDGE('',*,*,#13582,.T.);
#13582 = EDGE_CURVE('',#13576,#13583,#13585,.T.);
#13583 = VERTEX_POINT('',#13584);
#13584 = CARTESIAN_POINT('',(5.265,2.4,0.));
#13585 = B_SPLINE_CURVE_WITH_KNOTS('',1,(#13586,#13587),.UNSPECIFIED.,
  .F.,.F.,(2,2),(0.,3.),.PIECEWISE_BEZIER_KNOTS.);
#13586 = CARTESIAN_POINT('',(5.265,-2.4,0.));
#13587 = CARTESIAN_POINT('',(5.265,2.4,0.));
#13588 = ORIENTED_EDGE('',*,*,#13589,.F.);
#13589 = EDGE_CURVE('',#13244,#13583,#13590,.T.);
#13590 = B_SPLINE_CURVE_WITH_KNOTS('',1,(#13591,#13592),.UNSPECIFIED.,
  .F.,.F.,(2,2),(1.59,1.7),.PIECEWISE_BEZIER_KNOTS.);
#13591 = CARTESIAN_POINT('',(5.1,2.4,0.));
#13592 = CARTESIAN_POINT('',(5.265,2.4,0.));
#13593 = ORIENTED_EDGE('',*,*,#13243,.F.);
#13594 = B_SPLINE_SURFACE_WITH_KNOTS('',1,1,(
    (#13595,#13596)
    ,(#13597,#13598
    )),.UNSPECIFIED.,.F.,.F.,.F.,(2,2),(2,2),(0.,1.7),(0.,3.),
  .PIECEWISE_BEZIER_KNOTS.);
#13595 = CARTESIAN_POINT('',(2.715,-2.4,0.));
#13596 = CARTESIAN_POINT('',(2.715,2.4,0.));
#13597 = CARTESIAN_POINT('',(5.265,-2.4,0.));
#13598 = CARTESIAN_POINT('',(5.265,2.4,0.));
#13599 = ADVANCED_FACE('',(#13600),#13617,.T.);
#13600 = FACE_BOUND('',#13601,.T.);
#13601 = EDGE_LOOP('',(#13602,#13610,#13615,#13616));
#13602 = ORIENTED_EDGE('',*,*,#13603,.T.);
#13603 = EDGE_CURVE('',#13532,#13604,#13606,.T.);
#13604 = VERTEX_POINT('',#13605);
#13605 = CARTESIAN_POINT('',(4.605,-5.28,2.037));
#13606 = ( BOUNDED_CURVE() B_SPLINE_CURVE(2,(#13607,#13608,#13609),
.UNSPECIFIED.,.F.,.F.) B_SPLINE_CURVE_WITH_KNOTS((3,3),(0.,
1.570796326795),.PIECEWISE_BEZIER_KNOTS.) CURVE() 
GEOMETRIC_REPRESENTATION_ITEM() RATIONAL_B_SPLINE_CURVE((1.,
0.707106781187,1.)) REPRESENTATION_ITEM('') );
#13607 = CARTESIAN_POINT('',(5.1,-4.752,2.037));
#13608 = CARTESIAN_POINT('',(5.1,-5.28,2.037));
#13609 = CARTESIAN_POINT('',(4.605,-5.28,2.037));
#13610 = ORIENTED_EDGE('',*,*,#13611,.F.);
#13611 = EDGE_CURVE('',#13208,#13604,#13612,.T.);
#13612 = B_SPLINE_CURVE_WITH_KNOTS('',1,(#13613,#13614),.UNSPECIFIED.,
  .F.,.F.,(2,2),(0.,0.97),.PIECEWISE_BEZIER_KNOTS.);
#13613 = CARTESIAN_POINT('',(4.605,-5.28,0.));
#13614 = CARTESIAN_POINT('',(4.605,-5.28,2.037));
#13615 = ORIENTED_EDGE('',*,*,#13214,.F.);
#13616 = ORIENTED_EDGE('',*,*,#13538,.T.);
#13617 = ( BOUNDED_SURFACE() B_SPLINE_SURFACE(2,1,(
    (#13618,#13619)
    ,(#13620,#13621)
    ,(#13622,#13623
)),.UNSPECIFIED.,.F.,.F.,.F.) B_SPLINE_SURFACE_WITH_KNOTS((3,3),(2,2),(
    4.712388980385,6.28318530718),(0.,0.97),.PIECEWISE_BEZIER_KNOTS.) 
GEOMETRIC_REPRESENTATION_ITEM() RATIONAL_B_SPLINE_SURFACE((
    (1.,1.)
    ,(0.707106781187,0.707106781187)
,(1.,1.))) REPRESENTATION_ITEM('') SURFACE() );
#13618 = CARTESIAN_POINT('',(4.605,-5.28,0.));
#13619 = CARTESIAN_POINT('',(4.605,-5.28,2.037));
#13620 = CARTESIAN_POINT('',(5.1,-5.28,0.));
#13621 = CARTESIAN_POINT('',(5.1,-5.28,2.037));
#13622 = CARTESIAN_POINT('',(5.1,-4.752,0.));
#13623 = CARTESIAN_POINT('',(5.1,-4.752,2.037));
#13624 = ADVANCED_FACE('',(#13625),#13635,.F.);
#13625 = FACE_BOUND('',#13626,.F.);
#13626 = EDGE_LOOP('',(#13627,#13628,#13633,#13634));
#13627 = ORIENTED_EDGE('',*,*,#13373,.T.);
#13628 = ORIENTED_EDGE('',*,*,#13629,.F.);
#13629 = EDGE_CURVE('',#13604,#13374,#13630,.T.);
#13630 = B_SPLINE_CURVE_WITH_KNOTS('',1,(#13631,#13632),.UNSPECIFIED.,
  .F.,.F.,(2,2),(-0.,6.14),.PIECEWISE_BEZIER_KNOTS.);
#13631 = CARTESIAN_POINT('',(4.605,-5.28,2.037));
#13632 = CARTESIAN_POINT('',(-4.605,-5.28,2.037));
#13633 = ORIENTED_EDGE('',*,*,#13611,.F.);
#13634 = ORIENTED_EDGE('',*,*,#13207,.F.);
#13635 = B_SPLINE_SURFACE_WITH_KNOTS('',1,1,(
    (#13636,#13637)
    ,(#13638,#13639
    )),.UNSPECIFIED.,.F.,.F.,.F.,(2,2),(2,2),(0.,0.97),(0.33,6.47),
  .PIECEWISE_BEZIER_KNOTS.);
#13636 = CARTESIAN_POINT('',(-4.605,-5.28,0.));
#13637 = CARTESIAN_POINT('',(4.605,-5.28,0.));
#13638 = CARTESIAN_POINT('',(-4.605,-5.28,2.037));
#13639 = CARTESIAN_POINT('',(4.605,-5.28,2.037));
#13640 = ADVANCED_FACE('',(#13641),#13647,.F.);
#13641 = FACE_BOUND('',#13642,.F.);
#13642 = EDGE_LOOP('',(#13643,#13644,#13645,#13646));
#13643 = ORIENTED_EDGE('',*,*,#13356,.F.);
#13644 = ORIENTED_EDGE('',*,*,#13488,.T.);
#13645 = ORIENTED_EDGE('',*,*,#13306,.T.);
#13646 = ORIENTED_EDGE('',*,*,#13328,.F.);
#13647 = B_SPLINE_SURFACE_WITH_KNOTS('',1,1,(
    (#13648,#13649)
    ,(#13650,#13651
    )),.UNSPECIFIED.,.F.,.F.,.F.,(2,2),(2,2),(0.,0.39),(-3.,0.),
  .PIECEWISE_BEZIER_KNOTS.);
#13648 = CARTESIAN_POINT('',(-5.265,2.4,0.));
#13649 = CARTESIAN_POINT('',(-5.265,-2.4,0.));
#13650 = CARTESIAN_POINT('',(-5.265,2.4,0.819));
#13651 = CARTESIAN_POINT('',(-5.265,-2.4,0.819));
#13652 = ADVANCED_FACE('',(#13653),#13664,.T.);
#13653 = FACE_BOUND('',#13654,.T.);
#13654 = EDGE_LOOP('',(#13655,#13661,#13662,#13663));
#13655 = ORIENTED_EDGE('',*,*,#13656,.T.);
#13656 = EDGE_CURVE('',#13604,#13419,#13657,.T.);
#13657 = ( BOUNDED_CURVE() B_SPLINE_CURVE(2,(#13658,#13659,#13660),
.UNSPECIFIED.,.F.,.F.) B_SPLINE_CURVE_WITH_KNOTS((3,3),(0.,
1.570796326795),.PIECEWISE_BEZIER_KNOTS.) CURVE() 
GEOMETRIC_REPRESENTATION_ITEM() RATIONAL_B_SPLINE_CURVE((1.,
0.707106781187,1.)) REPRESENTATION_ITEM('') );
#13658 = CARTESIAN_POINT('',(4.605,-5.28,2.037));
#13659 = CARTESIAN_POINT('',(4.605,-5.28,2.73));
#13660 = CARTESIAN_POINT('',(4.605,-4.752,2.73));
#13661 = ORIENTED_EDGE('',*,*,#13418,.T.);
#13662 = ORIENTED_EDGE('',*,*,#13398,.F.);
#13663 = ORIENTED_EDGE('',*,*,#13629,.F.);
#13664 = ( BOUNDED_SURFACE() B_SPLINE_SURFACE(2,1,(
    (#13665,#13666)
    ,(#13667,#13668)
    ,(#13669,#13670
)),.UNSPECIFIED.,.F.,.F.,.F.) B_SPLINE_SURFACE_WITH_KNOTS((3,3),(2,2),(
    0.,1.570796326795),(0.,6.14),.PIECEWISE_BEZIER_KNOTS.) 
GEOMETRIC_REPRESENTATION_ITEM() RATIONAL_B_SPLINE_SURFACE((
    (1.,1.)
    ,(0.707106781187,0.707106781187)
,(1.,1.))) REPRESENTATION_ITEM('') SURFACE() );
#13665 = CARTESIAN_POINT('',(4.605,-5.28,2.037));
#13666 = CARTESIAN_POINT('',(-4.605,-5.28,2.037));
#13667 = CARTESIAN_POINT('',(4.605,-5.28,2.73));
#13668 = CARTESIAN_POINT('',(-4.605,-5.28,2.73));
#13669 = CARTESIAN_POINT('',(4.605,-4.752,2.73));
#13670 = CARTESIAN_POINT('',(-4.605,-4.752,2.73));
#13671 = ADVANCED_FACE('',(#13672),#13683,.T.);
#13672 = FACE_BOUND('',#13673,.T.);
#13673 = EDGE_LOOP('',(#13674,#13675,#13676,#13682));
#13674 = ORIENTED_EDGE('',*,*,#13445,.T.);
#13675 = ORIENTED_EDGE('',*,*,#13432,.T.);
#13676 = ORIENTED_EDGE('',*,*,#13677,.F.);
#13677 = EDGE_CURVE('',#13468,#13426,#13678,.T.);
#13678 = ( BOUNDED_CURVE() B_SPLINE_CURVE(2,(#13679,#13680,#13681),
.UNSPECIFIED.,.F.,.F.) B_SPLINE_CURVE_WITH_KNOTS((3,3),(0.,
1.570796326795),.PIECEWISE_BEZIER_KNOTS.) CURVE() 
GEOMETRIC_REPRESENTATION_ITEM() RATIONAL_B_SPLINE_CURVE((1.,
0.707106781187,1.)) REPRESENTATION_ITEM('') );
#13679 = CARTESIAN_POINT('',(4.605,5.28,2.037));
#13680 = CARTESIAN_POINT('',(4.605,5.28,2.73));
#13681 = CARTESIAN_POINT('',(4.605,4.752,2.73));
#13682 = ORIENTED_EDGE('',*,*,#13467,.F.);
#13683 = ( BOUNDED_SURFACE() B_SPLINE_SURFACE(2,1,(
    (#13684,#13685)
    ,(#13686,#13687)
    ,(#13688,#13689
)),.UNSPECIFIED.,.F.,.F.,.F.) B_SPLINE_SURFACE_WITH_KNOTS((3,3),(2,2),(
    0.,1.570796326795),(0.,6.14),.PIECEWISE_BEZIER_KNOTS.) 
GEOMETRIC_REPRESENTATION_ITEM() RATIONAL_B_SPLINE_SURFACE((
    (1.,1.)
    ,(0.707106781187,0.707106781187)
,(1.,1.))) REPRESENTATION_ITEM('') SURFACE() );
#13684 = CARTESIAN_POINT('',(-4.605,5.28,2.037));
#13685 = CARTESIAN_POINT('',(4.605,5.28,2.037));
#13686 = CARTESIAN_POINT('',(-4.605,5.28,2.73));
#13687 = CARTESIAN_POINT('',(4.605,5.28,2.73));
#13688 = CARTESIAN_POINT('',(-4.605,4.752,2.73));
#13689 = CARTESIAN_POINT('',(4.605,4.752,2.73));
#13690 = ADVANCED_FACE('',(#13691),#13707,.T.);
#13691 = FACE_BOUND('',#13692,.T.);
#13692 = EDGE_LOOP('',(#13693,#13699,#13700,#13706));
#13693 = ORIENTED_EDGE('',*,*,#13694,.T.);
#13694 = EDGE_CURVE('',#13507,#13426,#13695,.T.);
#13695 = ( BOUNDED_CURVE() B_SPLINE_CURVE(2,(#13696,#13697,#13698),
.UNSPECIFIED.,.F.,.F.) B_SPLINE_CURVE_WITH_KNOTS((3,3),(0.,
1.570796326795),.PIECEWISE_BEZIER_KNOTS.) CURVE() 
GEOMETRIC_REPRESENTATION_ITEM() RATIONAL_B_SPLINE_CURVE((1.,
0.707106781187,1.)) REPRESENTATION_ITEM('') );
#13696 = CARTESIAN_POINT('',(5.1,4.752,2.037));
#13697 = CARTESIAN_POINT('',(5.1,4.752,2.73));
#13698 = CARTESIAN_POINT('',(4.605,4.752,2.73));
#13699 = ORIENTED_EDGE('',*,*,#13425,.T.);
#13700 = ORIENTED_EDGE('',*,*,#13701,.F.);
#13701 = EDGE_CURVE('',#13532,#13419,#13702,.T.);
#13702 = ( BOUNDED_CURVE() B_SPLINE_CURVE(2,(#13703,#13704,#13705),
.UNSPECIFIED.,.F.,.F.) B_SPLINE_CURVE_WITH_KNOTS((3,3),(0.,
1.570796326795),.PIECEWISE_BEZIER_KNOTS.) CURVE() 
GEOMETRIC_REPRESENTATION_ITEM() RATIONAL_B_SPLINE_CURVE((1.,
0.707106781187,1.)) REPRESENTATION_ITEM('') );
#13703 = CARTESIAN_POINT('',(5.1,-4.752,2.037));
#13704 = CARTESIAN_POINT('',(5.1,-4.752,2.73));
#13705 = CARTESIAN_POINT('',(4.605,-4.752,2.73));
#13706 = ORIENTED_EDGE('',*,*,#13531,.F.);
#13707 = ( BOUNDED_SURFACE() B_SPLINE_SURFACE(2,1,(
    (#13708,#13709)
    ,(#13710,#13711)
    ,(#13712,#13713
)),.UNSPECIFIED.,.F.,.F.,.F.) B_SPLINE_SURFACE_WITH_KNOTS((3,3),(2,2),(
    0.,1.570796326795),(0.,5.94),.PIECEWISE_BEZIER_KNOTS.) 
GEOMETRIC_REPRESENTATION_ITEM() RATIONAL_B_SPLINE_SURFACE((
    (1.,1.)
    ,(0.707106781187,0.707106781187)
,(1.,1.))) REPRESENTATION_ITEM('') SURFACE() );
#13708 = CARTESIAN_POINT('',(5.1,4.752,2.037));
#13709 = CARTESIAN_POINT('',(5.1,-4.752,2.037));
#13710 = CARTESIAN_POINT('',(5.1,4.752,2.73));
#13711 = CARTESIAN_POINT('',(5.1,-4.752,2.73));
#13712 = CARTESIAN_POINT('',(4.605,4.752,2.73));
#13713 = CARTESIAN_POINT('',(4.605,-4.752,2.73));
#13714 = ADVANCED_FACE('',(#13715),#13720,.T.);
#13715 = FACE_BOUND('',#13716,.T.);
#13716 = EDGE_LOOP('',(#13717,#13718,#13719));
#13717 = ORIENTED_EDGE('',*,*,#13694,.F.);
#13718 = ORIENTED_EDGE('',*,*,#13515,.F.);
#13719 = ORIENTED_EDGE('',*,*,#13677,.T.);
#13720 = ( BOUNDED_SURFACE() B_SPLINE_SURFACE(2,2,(
    (#13721,#13722,#13723)
    ,(#13724,#13725,#13726)
    ,(#13727,#13728,#13729
)),.UNSPECIFIED.,.F.,.F.,.F.) B_SPLINE_SURFACE_WITH_KNOTS((3,3),(3,3),(
    4.712388980385,6.28318530718),(0.,1.570796326795),
.PIECEWISE_BEZIER_KNOTS.) GEOMETRIC_REPRESENTATION_ITEM() 
RATIONAL_B_SPLINE_SURFACE((
    (1.,0.707106781187,1.)
    ,(0.707106781187,0.5,0.707106781187)
,(1.,0.707106781187,1.))) REPRESENTATION_ITEM('') SURFACE() );
#13721 = CARTESIAN_POINT('',(5.1,4.752,2.037));
#13722 = CARTESIAN_POINT('',(5.1,4.752,2.73));
#13723 = CARTESIAN_POINT('',(4.605,4.752,2.73));
#13724 = CARTESIAN_POINT('',(5.1,5.28,2.037));
#13725 = CARTESIAN_POINT('',(5.1,5.28,2.73));
#13726 = CARTESIAN_POINT('',(4.605,4.752,2.73));
#13727 = CARTESIAN_POINT('',(4.605,5.28,2.037));
#13728 = CARTESIAN_POINT('',(4.605,5.28,2.73));
#13729 = CARTESIAN_POINT('',(4.605,4.752,2.73));
#13730 = ADVANCED_FACE('',(#13731),#13747,.T.);
#13731 = FACE_BOUND('',#13732,.T.);
#13732 = EDGE_LOOP('',(#13733,#13734,#13735,#13742));
#13733 = ORIENTED_EDGE('',*,*,#13589,.F.);
#13734 = ORIENTED_EDGE('',*,*,#13558,.T.);
#13735 = ORIENTED_EDGE('',*,*,#13736,.T.);
#13736 = EDGE_CURVE('',#13552,#13737,#13739,.T.);
#13737 = VERTEX_POINT('',#13738);
#13738 = CARTESIAN_POINT('',(5.265,2.4,0.819));
#13739 = B_SPLINE_CURVE_WITH_KNOTS('',1,(#13740,#13741),.UNSPECIFIED.,
  .F.,.F.,(2,2),(1.59,1.7),.PIECEWISE_BEZIER_KNOTS.);
#13740 = CARTESIAN_POINT('',(5.1,2.4,0.819));
#13741 = CARTESIAN_POINT('',(5.265,2.4,0.819));
#13742 = ORIENTED_EDGE('',*,*,#13743,.F.);
#13743 = EDGE_CURVE('',#13583,#13737,#13744,.T.);
#13744 = B_SPLINE_CURVE_WITH_KNOTS('',1,(#13745,#13746),.UNSPECIFIED.,
  .F.,.F.,(2,2),(0.,0.39),.PIECEWISE_BEZIER_KNOTS.);
#13745 = CARTESIAN_POINT('',(5.265,2.4,0.));
#13746 = CARTESIAN_POINT('',(5.265,2.4,0.819));
#13747 = B_SPLINE_SURFACE_WITH_KNOTS('',1,1,(
    (#13748,#13749)
    ,(#13750,#13751
    )),.UNSPECIFIED.,.F.,.F.,.F.,(2,2),(2,2),(0.,0.39),(1.59,1.7),
  .PIECEWISE_BEZIER_KNOTS.);
#13748 = CARTESIAN_POINT('',(5.1,2.4,0.));
#13749 = CARTESIAN_POINT('',(5.265,2.4,0.));
#13750 = CARTESIAN_POINT('',(5.1,2.4,0.819));
#13751 = CARTESIAN_POINT('',(5.265,2.4,0.819));
#13752 = ADVANCED_FACE('',(#13753),#13769,.T.);
#13753 = FACE_BOUND('',#13754,.T.);
#13754 = EDGE_LOOP('',(#13755,#13756,#13763,#13768));
#13755 = ORIENTED_EDGE('',*,*,#13551,.T.);
#13756 = ORIENTED_EDGE('',*,*,#13757,.T.);
#13757 = EDGE_CURVE('',#13545,#13758,#13760,.T.);
#13758 = VERTEX_POINT('',#13759);
#13759 = CARTESIAN_POINT('',(5.265,-2.4,0.819));
#13760 = B_SPLINE_CURVE_WITH_KNOTS('',1,(#13761,#13762),.UNSPECIFIED.,
  .F.,.F.,(2,2),(1.59,1.7),.PIECEWISE_BEZIER_KNOTS.);
#13761 = CARTESIAN_POINT('',(5.1,-2.4,0.819));
#13762 = CARTESIAN_POINT('',(5.265,-2.4,0.819));
#13763 = ORIENTED_EDGE('',*,*,#13764,.T.);
#13764 = EDGE_CURVE('',#13758,#13737,#13765,.T.);
#13765 = B_SPLINE_CURVE_WITH_KNOTS('',1,(#13766,#13767),.UNSPECIFIED.,
  .F.,.F.,(2,2),(0.,3.),.PIECEWISE_BEZIER_KNOTS.);
#13766 = CARTESIAN_POINT('',(5.265,-2.4,0.819));
#13767 = CARTESIAN_POINT('',(5.265,2.4,0.819));
#13768 = ORIENTED_EDGE('',*,*,#13736,.F.);
#13769 = B_SPLINE_SURFACE_WITH_KNOTS('',1,1,(
    (#13770,#13771)
    ,(#13772,#13773
    )),.UNSPECIFIED.,.F.,.F.,.F.,(2,2),(2,2),(1.59,1.7),(0.,3.),
  .PIECEWISE_BEZIER_KNOTS.);
#13770 = CARTESIAN_POINT('',(5.1,-2.4,0.819));
#13771 = CARTESIAN_POINT('',(5.1,2.4,0.819));
#13772 = CARTESIAN_POINT('',(5.265,-2.4,0.819));
#13773 = CARTESIAN_POINT('',(5.265,2.4,0.819));
#13774 = ADVANCED_FACE('',(#13775),#13785,.F.);
#13775 = FACE_BOUND('',#13776,.F.);
#13776 = EDGE_LOOP('',(#13777,#13778,#13779,#13780));
#13777 = ORIENTED_EDGE('',*,*,#13575,.F.);
#13778 = ORIENTED_EDGE('',*,*,#13544,.T.);
#13779 = ORIENTED_EDGE('',*,*,#13757,.T.);
#13780 = ORIENTED_EDGE('',*,*,#13781,.F.);
#13781 = EDGE_CURVE('',#13576,#13758,#13782,.T.);
#13782 = B_SPLINE_CURVE_WITH_KNOTS('',1,(#13783,#13784),.UNSPECIFIED.,
  .F.,.F.,(2,2),(0.,0.39),.PIECEWISE_BEZIER_KNOTS.);
#13783 = CARTESIAN_POINT('',(5.265,-2.4,0.));
#13784 = CARTESIAN_POINT('',(5.265,-2.4,0.819));
#13785 = B_SPLINE_SURFACE_WITH_KNOTS('',1,1,(
    (#13786,#13787)
    ,(#13788,#13789
    )),.UNSPECIFIED.,.F.,.F.,.F.,(2,2),(2,2),(0.,0.39),(1.59,1.7),
  .PIECEWISE_BEZIER_KNOTS.);
#13786 = CARTESIAN_POINT('',(5.1,-2.4,0.));
#13787 = CARTESIAN_POINT('',(5.265,-2.4,0.));
#13788 = CARTESIAN_POINT('',(5.1,-2.4,0.819));
#13789 = CARTESIAN_POINT('',(5.265,-2.4,0.819));
#13790 = ADVANCED_FACE('',(#13791),#13797,.T.);
#13791 = FACE_BOUND('',#13792,.T.);
#13792 = EDGE_LOOP('',(#13793,#13794,#13795,#13796));
#13793 = ORIENTED_EDGE('',*,*,#13781,.F.);
#13794 = ORIENTED_EDGE('',*,*,#13582,.T.);
#13795 = ORIENTED_EDGE('',*,*,#13743,.T.);
#13796 = ORIENTED_EDGE('',*,*,#13764,.F.);
#13797 = B_SPLINE_SURFACE_WITH_KNOTS('',1,1,(
    (#13798,#13799)
    ,(#13800,#13801
    )),.UNSPECIFIED.,.F.,.F.,.F.,(2,2),(2,2),(0.,0.39),(-3.,0.),
  .PIECEWISE_BEZIER_KNOTS.);
#13798 = CARTESIAN_POINT('',(5.265,2.4,0.));
#13799 = CARTESIAN_POINT('',(5.265,-2.4,0.));
#13800 = CARTESIAN_POINT('',(5.265,2.4,0.819));
#13801 = CARTESIAN_POINT('',(5.265,-2.4,0.819));
#13802 = ADVANCED_FACE('',(#13803),#13808,.T.);
#13803 = FACE_BOUND('',#13804,.T.);
#13804 = EDGE_LOOP('',(#13805,#13806,#13807));
#13805 = ORIENTED_EDGE('',*,*,#13656,.F.);
#13806 = ORIENTED_EDGE('',*,*,#13603,.F.);
#13807 = ORIENTED_EDGE('',*,*,#13701,.T.);
#13808 = ( BOUNDED_SURFACE() B_SPLINE_SURFACE(2,2,(
    (#13809,#13810,#13811)
    ,(#13812,#13813,#13814)
    ,(#13815,#13816,#13817
)),.UNSPECIFIED.,.F.,.F.,.F.) B_SPLINE_SURFACE_WITH_KNOTS((3,3),(3,3),(
    4.712388980385,6.28318530718),(0.,1.570796326795),
.PIECEWISE_BEZIER_KNOTS.) GEOMETRIC_REPRESENTATION_ITEM() 
RATIONAL_B_SPLINE_SURFACE((
    (1.,0.707106781187,1.)
    ,(0.707106781187,0.5,0.707106781187)
,(1.,0.707106781187,1.))) REPRESENTATION_ITEM('') SURFACE() );
#13809 = CARTESIAN_POINT('',(4.605,-5.28,2.037));
#13810 = CARTESIAN_POINT('',(4.605,-5.28,2.73));
#13811 = CARTESIAN_POINT('',(4.605,-4.752,2.73));
#13812 = CARTESIAN_POINT('',(5.1,-5.28,2.037));
#13813 = CARTESIAN_POINT('',(5.1,-5.28,2.73));
#13814 = CARTESIAN_POINT('',(4.605,-4.752,2.73));
#13815 = CARTESIAN_POINT('',(5.1,-4.752,2.037));
#13816 = CARTESIAN_POINT('',(5.1,-4.752,2.73));
#13817 = CARTESIAN_POINT('',(4.605,-4.752,2.73));
#13818 = ( GEOMETRIC_REPRESENTATION_CONTEXT(3) 
GLOBAL_UNCERTAINTY_ASSIGNED_CONTEXT((#13822)) 
GLOBAL_UNIT_ASSIGNED_CONTEXT((#13819,#13820,#13821)) 
REPRESENTATION_CONTEXT('Context #1',
  '3D Context with UNIT and UNCERTAINTY') );
#13819 = ( LENGTH_UNIT() NAMED_UNIT(*) SI_UNIT(.MILLI.,.METRE.) );
#13820 = ( NAMED_UNIT(*) PLANE_ANGLE_UNIT() SI_UNIT($,.RADIAN.) );
#13821 = ( NAMED_UNIT(*) SI_UNIT($,.STERADIAN.) SOLID_ANGLE_UNIT() );
#13822 = UNCERTAINTY_MEASURE_WITH_UNIT(LENGTH_MEASURE(2.E-07),#13819,
  'distance_accuracy_value','confusion accuracy');
#13823 = CONTEXT_DEPENDENT_SHAPE_REPRESENTATION(#13824,#13826);
#13824 = ( REPRESENTATION_RELATIONSHIP('','',#13063,#10) 
REPRESENTATION_RELATIONSHIP_WITH_TRANSFORMATION(#13825) 
SHAPE_REPRESENTATION_RELATIONSHIP() );
#13825 = ITEM_DEFINED_TRANSFORMATION('','',#11,#59);
#13826 = PRODUCT_DEFINITION_SHAPE('Placement','Placement of an item',
  #13827);
#13827 = NEXT_ASSEMBLY_USAGE_OCCURRENCE('12','L1','',#5,#13058,$);
#13828 = PRODUCT_RELATED_PRODUCT_CATEGORY('part',$,(#13060));
#13829 = SHAPE_DEFINITION_REPRESENTATION(#13830,#13836);
#13830 = PRODUCT_DEFINITION_SHAPE('','',#13831);
#13831 = PRODUCT_DEFINITION('design','',#13832,#13835);
#13832 = PRODUCT_DEFINITION_FORMATION('','',#13833);
#13833 = PRODUCT('C_0603_1608Metric','C_0603_1608Metric','',(#13834));
#13834 = PRODUCT_CONTEXT('',#2,'mechanical');
#13835 = PRODUCT_DEFINITION_CONTEXT('part definition',#2,'design');
#13836 = ADVANCED_BREP_SHAPE_REPRESENTATION('',(#11,#13837),#14691);
#13837 = MANIFOLD_SOLID_BREP('',#13838);
#13838 = CLOSED_SHELL('',(#13839,#13915,#13946,#13971,#13996,#14020,
    #14044,#14069,#14094,#14111,#14197,#14229,#14253,#14278,#14302,
    #14327,#14351,#14376,#14393,#14479,#14510,#14535,#14560,#14584,
    #14608,#14633,#14658,#14675));
#13839 = ADVANCED_FACE('',(#13840),#13910,.F.);
#13840 = FACE_BOUND('',#13841,.F.);
#13841 = EDGE_LOOP('',(#13842,#13852,#13861,#13869,#13878,#13886,#13895,
    #13903));
#13842 = ORIENTED_EDGE('',*,*,#13843,.F.);
#13843 = EDGE_CURVE('',#13844,#13846,#13848,.T.);
#13844 = VERTEX_POINT('',#13845);
#13845 = CARTESIAN_POINT('',(-0.8,-0.4,3.E-02));
#13846 = VERTEX_POINT('',#13847);
#13847 = CARTESIAN_POINT('',(-0.8,-0.4,0.77));
#13848 = LINE('',#13849,#13850);
#13849 = CARTESIAN_POINT('',(-0.8,-0.4,0.));
#13850 = VECTOR('',#13851,1.);
#13851 = DIRECTION('',(0.,0.,1.));
#13852 = ORIENTED_EDGE('',*,*,#13853,.T.);
#13853 = EDGE_CURVE('',#13844,#13854,#13856,.T.);
#13854 = VERTEX_POINT('',#13855);
#13855 = CARTESIAN_POINT('',(-0.8,-0.37,0.));
#13856 = CIRCLE('',#13857,3.E-02);
#13857 = AXIS2_PLACEMENT_3D('',#13858,#13859,#13860);
#13858 = CARTESIAN_POINT('',(-0.8,-0.37,3.E-02));
#13859 = DIRECTION('',(1.,0.,-0.));
#13860 = DIRECTION('',(0.,0.,1.));
#13861 = ORIENTED_EDGE('',*,*,#13862,.T.);
#13862 = EDGE_CURVE('',#13854,#13863,#13865,.T.);
#13863 = VERTEX_POINT('',#13864);
#13864 = CARTESIAN_POINT('',(-0.8,0.37,0.));
#13865 = LINE('',#13866,#13867);
#13866 = CARTESIAN_POINT('',(-0.8,-0.4,0.));
#13867 = VECTOR('',#13868,1.);
#13868 = DIRECTION('',(0.,1.,0.));
#13869 = ORIENTED_EDGE('',*,*,#13870,.F.);
#13870 = EDGE_CURVE('',#13871,#13863,#13873,.T.);
#13871 = VERTEX_POINT('',#13872);
#13872 = CARTESIAN_POINT('',(-0.8,0.4,3.E-02));
#13873 = CIRCLE('',#13874,3.E-02);
#13874 = AXIS2_PLACEMENT_3D('',#13875,#13876,#13877);
#13875 = CARTESIAN_POINT('',(-0.8,0.37,3.E-02));
#13876 = DIRECTION('',(-1.,0.,0.));
#13877 = DIRECTION('',(0.,0.,1.));
#13878 = ORIENTED_EDGE('',*,*,#13879,.T.);
#13879 = EDGE_CURVE('',#13871,#13880,#13882,.T.);
#13880 = VERTEX_POINT('',#13881);
#13881 = CARTESIAN_POINT('',(-0.8,0.4,0.77));
#13882 = LINE('',#13883,#13884);
#13883 = CARTESIAN_POINT('',(-0.8,0.4,0.));
#13884 = VECTOR('',#13885,1.);
#13885 = DIRECTION('',(0.,0.,1.));
#13886 = ORIENTED_EDGE('',*,*,#13887,.T.);
#13887 = EDGE_CURVE('',#13880,#13888,#13890,.T.);
#13888 = VERTEX_POINT('',#13889);
#13889 = CARTESIAN_POINT('',(-0.8,0.37,0.8));
#13890 = CIRCLE('',#13891,3.E-02);
#13891 = AXIS2_PLACEMENT_3D('',#13892,#13893,#13894);
#13892 = CARTESIAN_POINT('',(-0.8,0.37,0.77));
#13893 = DIRECTION('',(1.,0.,-0.));
#13894 = DIRECTION('',(0.,0.,1.));
#13895 = ORIENTED_EDGE('',*,*,#13896,.F.);
#13896 = EDGE_CURVE('',#13897,#13888,#13899,.T.);
#13897 = VERTEX_POINT('',#13898);
#13898 = CARTESIAN_POINT('',(-0.8,-0.37,0.8));
#13899 = LINE('',#13900,#13901);
#13900 = CARTESIAN_POINT('',(-0.8,-0.4,0.8));
#13901 = VECTOR('',#13902,1.);
#13902 = DIRECTION('',(0.,1.,0.));
#13903 = ORIENTED_EDGE('',*,*,#13904,.F.);
#13904 = EDGE_CURVE('',#13846,#13897,#13905,.T.);
#13905 = CIRCLE('',#13906,3.E-02);
#13906 = AXIS2_PLACEMENT_3D('',#13907,#13908,#13909);
#13907 = CARTESIAN_POINT('',(-0.8,-0.37,0.77));
#13908 = DIRECTION('',(-1.,0.,0.));
#13909 = DIRECTION('',(0.,0.,1.));
#13910 = PLANE('',#13911);
#13911 = AXIS2_PLACEMENT_3D('',#13912,#13913,#13914);
#13912 = CARTESIAN_POINT('',(-0.8,-0.4,0.));
#13913 = DIRECTION('',(1.,0.,0.));
#13914 = DIRECTION('',(0.,0.,1.));
#13915 = ADVANCED_FACE('',(#13916),#13941,.F.);
#13916 = FACE_BOUND('',#13917,.F.);
#13917 = EDGE_LOOP('',(#13918,#13928,#13934,#13935));
#13918 = ORIENTED_EDGE('',*,*,#13919,.F.);
#13919 = EDGE_CURVE('',#13920,#13922,#13924,.T.);
#13920 = VERTEX_POINT('',#13921);
#13921 = CARTESIAN_POINT('',(-0.5,-0.4,3.E-02));
#13922 = VERTEX_POINT('',#13923);
#13923 = CARTESIAN_POINT('',(-0.5,-0.4,0.77));
#13924 = LINE('',#13925,#13926);
#13925 = CARTESIAN_POINT('',(-0.5,-0.4,0.));
#13926 = VECTOR('',#13927,1.);
#13927 = DIRECTION('',(0.,0.,1.));
#13928 = ORIENTED_EDGE('',*,*,#13929,.F.);
#13929 = EDGE_CURVE('',#13844,#13920,#13930,.T.);
#13930 = LINE('',#13931,#13932);
#13931 = CARTESIAN_POINT('',(-0.8,-0.4,3.E-02));
#13932 = VECTOR('',#13933,1.);
#13933 = DIRECTION('',(1.,0.,0.));
#13934 = ORIENTED_EDGE('',*,*,#13843,.T.);
#13935 = ORIENTED_EDGE('',*,*,#13936,.T.);
#13936 = EDGE_CURVE('',#13846,#13922,#13937,.T.);
#13937 = LINE('',#13938,#13939);
#13938 = CARTESIAN_POINT('',(-0.8,-0.4,0.77));
#13939 = VECTOR('',#13940,1.);
#13940 = DIRECTION('',(1.,0.,0.));
#13941 = PLANE('',#13942);
#13942 = AXIS2_PLACEMENT_3D('',#13943,#13944,#13945);
#13943 = CARTESIAN_POINT('',(-0.8,-0.4,0.));
#13944 = DIRECTION('',(0.,1.,0.));
#13945 = DIRECTION('',(0.,-0.,1.));
#13946 = ADVANCED_FACE('',(#13947),#13966,.T.);
#13947 = FACE_BOUND('',#13948,.T.);
#13948 = EDGE_LOOP('',(#13949,#13950,#13958,#13965));
#13949 = ORIENTED_EDGE('',*,*,#13853,.T.);
#13950 = ORIENTED_EDGE('',*,*,#13951,.T.);
#13951 = EDGE_CURVE('',#13854,#13952,#13954,.T.);
#13952 = VERTEX_POINT('',#13953);
#13953 = CARTESIAN_POINT('',(-0.5,-0.37,0.));
#13954 = LINE('',#13955,#13956);
#13955 = CARTESIAN_POINT('',(-0.8,-0.37,0.));
#13956 = VECTOR('',#13957,1.);
#13957 = DIRECTION('',(1.,0.,0.));
#13958 = ORIENTED_EDGE('',*,*,#13959,.F.);
#13959 = EDGE_CURVE('',#13920,#13952,#13960,.T.);
#13960 = CIRCLE('',#13961,3.E-02);
#13961 = AXIS2_PLACEMENT_3D('',#13962,#13963,#13964);
#13962 = CARTESIAN_POINT('',(-0.5,-0.37,3.E-02));
#13963 = DIRECTION('',(1.,0.,-0.));
#13964 = DIRECTION('',(0.,0.,1.));
#13965 = ORIENTED_EDGE('',*,*,#13929,.F.);
#13966 = CYLINDRICAL_SURFACE('',#13967,3.E-02);
#13967 = AXIS2_PLACEMENT_3D('',#13968,#13969,#13970);
#13968 = CARTESIAN_POINT('',(-0.8,-0.37,3.E-02));
#13969 = DIRECTION('',(1.,0.,0.));
#13970 = DIRECTION('',(0.,-1.,0.));
#13971 = ADVANCED_FACE('',(#13972),#13991,.T.);
#13972 = FACE_BOUND('',#13973,.T.);
#13973 = EDGE_LOOP('',(#13974,#13975,#13984,#13990));
#13974 = ORIENTED_EDGE('',*,*,#13936,.T.);
#13975 = ORIENTED_EDGE('',*,*,#13976,.T.);
#13976 = EDGE_CURVE('',#13922,#13977,#13979,.T.);
#13977 = VERTEX_POINT('',#13978);
#13978 = CARTESIAN_POINT('',(-0.5,-0.37,0.8));
#13979 = CIRCLE('',#13980,3.E-02);
#13980 = AXIS2_PLACEMENT_3D('',#13981,#13982,#13983);
#13981 = CARTESIAN_POINT('',(-0.5,-0.37,0.77));
#13982 = DIRECTION('',(-1.,0.,0.));
#13983 = DIRECTION('',(0.,0.,1.));
#13984 = ORIENTED_EDGE('',*,*,#13985,.F.);
#13985 = EDGE_CURVE('',#13897,#13977,#13986,.T.);
#13986 = LINE('',#13987,#13988);
#13987 = CARTESIAN_POINT('',(-0.8,-0.37,0.8));
#13988 = VECTOR('',#13989,1.);
#13989 = DIRECTION('',(1.,0.,0.));
#13990 = ORIENTED_EDGE('',*,*,#13904,.F.);
#13991 = CYLINDRICAL_SURFACE('',#13992,3.E-02);
#13992 = AXIS2_PLACEMENT_3D('',#13993,#13994,#13995);
#13993 = CARTESIAN_POINT('',(-0.8,-0.37,0.77));
#13994 = DIRECTION('',(1.,0.,0.));
#13995 = DIRECTION('',(0.,-1.,0.));
#13996 = ADVANCED_FACE('',(#13997),#14015,.F.);
#13997 = FACE_BOUND('',#13998,.F.);
#13998 = EDGE_LOOP('',(#13999,#14000,#14001,#14009));
#13999 = ORIENTED_EDGE('',*,*,#13862,.F.);
#14000 = ORIENTED_EDGE('',*,*,#13951,.T.);
#14001 = ORIENTED_EDGE('',*,*,#14002,.T.);
#14002 = EDGE_CURVE('',#13952,#14003,#14005,.T.);
#14003 = VERTEX_POINT('',#14004);
#14004 = CARTESIAN_POINT('',(-0.5,0.37,0.));
#14005 = LINE('',#14006,#14007);
#14006 = CARTESIAN_POINT('',(-0.5,-0.4,0.));
#14007 = VECTOR('',#14008,1.);
#14008 = DIRECTION('',(0.,1.,0.));
#14009 = ORIENTED_EDGE('',*,*,#14010,.F.);
#14010 = EDGE_CURVE('',#13863,#14003,#14011,.T.);
#14011 = LINE('',#14012,#14013);
#14012 = CARTESIAN_POINT('',(-0.8,0.37,0.));
#14013 = VECTOR('',#14014,1.);
#14014 = DIRECTION('',(1.,0.,0.));
#14015 = PLANE('',#14016);
#14016 = AXIS2_PLACEMENT_3D('',#14017,#14018,#14019);
#14017 = CARTESIAN_POINT('',(-0.8,-0.4,0.));
#14018 = DIRECTION('',(0.,0.,1.));
#14019 = DIRECTION('',(1.,0.,-0.));
#14020 = ADVANCED_FACE('',(#14021),#14039,.T.);
#14021 = FACE_BOUND('',#14022,.T.);
#14022 = EDGE_LOOP('',(#14023,#14024,#14025,#14033));
#14023 = ORIENTED_EDGE('',*,*,#13896,.F.);
#14024 = ORIENTED_EDGE('',*,*,#13985,.T.);
#14025 = ORIENTED_EDGE('',*,*,#14026,.T.);
#14026 = EDGE_CURVE('',#13977,#14027,#14029,.T.);
#14027 = VERTEX_POINT('',#14028);
#14028 = CARTESIAN_POINT('',(-0.5,0.37,0.8));
#14029 = LINE('',#14030,#14031);
#14030 = CARTESIAN_POINT('',(-0.5,-0.4,0.8));
#14031 = VECTOR('',#14032,1.);
#14032 = DIRECTION('',(0.,1.,0.));
#14033 = ORIENTED_EDGE('',*,*,#14034,.F.);
#14034 = EDGE_CURVE('',#13888,#14027,#14035,.T.);
#14035 = LINE('',#14036,#14037);
#14036 = CARTESIAN_POINT('',(-0.8,0.37,0.8));
#14037 = VECTOR('',#14038,1.);
#14038 = DIRECTION('',(1.,0.,0.));
#14039 = PLANE('',#14040);
#14040 = AXIS2_PLACEMENT_3D('',#14041,#14042,#14043);
#14041 = CARTESIAN_POINT('',(-0.8,-0.4,0.8));
#14042 = DIRECTION('',(0.,0.,1.));
#14043 = DIRECTION('',(1.,0.,-0.));
#14044 = ADVANCED_FACE('',(#14045),#14064,.T.);
#14045 = FACE_BOUND('',#14046,.T.);
#14046 = EDGE_LOOP('',(#14047,#14055,#14062,#14063));
#14047 = ORIENTED_EDGE('',*,*,#14048,.T.);
#14048 = EDGE_CURVE('',#13871,#14049,#14051,.T.);
#14049 = VERTEX_POINT('',#14050);
#14050 = CARTESIAN_POINT('',(-0.5,0.4,3.E-02));
#14051 = LINE('',#14052,#14053);
#14052 = CARTESIAN_POINT('',(-0.8,0.4,3.E-02));
#14053 = VECTOR('',#14054,1.);
#14054 = DIRECTION('',(1.,0.,0.));
#14055 = ORIENTED_EDGE('',*,*,#14056,.T.);
#14056 = EDGE_CURVE('',#14049,#14003,#14057,.T.);
#14057 = CIRCLE('',#14058,3.E-02);
#14058 = AXIS2_PLACEMENT_3D('',#14059,#14060,#14061);
#14059 = CARTESIAN_POINT('',(-0.5,0.37,3.E-02));
#14060 = DIRECTION('',(-1.,0.,0.));
#14061 = DIRECTION('',(0.,0.,1.));
#14062 = ORIENTED_EDGE('',*,*,#14010,.F.);
#14063 = ORIENTED_EDGE('',*,*,#13870,.F.);
#14064 = CYLINDRICAL_SURFACE('',#14065,3.E-02);
#14065 = AXIS2_PLACEMENT_3D('',#14066,#14067,#14068);
#14066 = CARTESIAN_POINT('',(-0.8,0.37,3.E-02));
#14067 = DIRECTION('',(1.,0.,0.));
#14068 = DIRECTION('',(-0.,1.,0.));
#14069 = ADVANCED_FACE('',(#14070),#14089,.T.);
#14070 = FACE_BOUND('',#14071,.T.);
#14071 = EDGE_LOOP('',(#14072,#14073,#14074,#14083));
#14072 = ORIENTED_EDGE('',*,*,#13887,.T.);
#14073 = ORIENTED_EDGE('',*,*,#14034,.T.);
#14074 = ORIENTED_EDGE('',*,*,#14075,.F.);
#14075 = EDGE_CURVE('',#14076,#14027,#14078,.T.);
#14076 = VERTEX_POINT('',#14077);
#14077 = CARTESIAN_POINT('',(-0.5,0.4,0.77));
#14078 = CIRCLE('',#14079,3.E-02);
#14079 = AXIS2_PLACEMENT_3D('',#14080,#14081,#14082);
#14080 = CARTESIAN_POINT('',(-0.5,0.37,0.77));
#14081 = DIRECTION('',(1.,0.,-0.));
#14082 = DIRECTION('',(0.,0.,1.));
#14083 = ORIENTED_EDGE('',*,*,#14084,.F.);
#14084 = EDGE_CURVE('',#13880,#14076,#14085,.T.);
#14085 = LINE('',#14086,#14087);
#14086 = CARTESIAN_POINT('',(-0.8,0.4,0.77));
#14087 = VECTOR('',#14088,1.);
#14088 = DIRECTION('',(1.,0.,0.));
#14089 = CYLINDRICAL_SURFACE('',#14090,3.E-02);
#14090 = AXIS2_PLACEMENT_3D('',#14091,#14092,#14093);
#14091 = CARTESIAN_POINT('',(-0.8,0.37,0.77));
#14092 = DIRECTION('',(1.,0.,0.));
#14093 = DIRECTION('',(-0.,1.,0.));
#14094 = ADVANCED_FACE('',(#14095),#14106,.T.);
#14095 = FACE_BOUND('',#14096,.T.);
#14096 = EDGE_LOOP('',(#14097,#14103,#14104,#14105));
#14097 = ORIENTED_EDGE('',*,*,#14098,.F.);
#14098 = EDGE_CURVE('',#14049,#14076,#14099,.T.);
#14099 = LINE('',#14100,#14101);
#14100 = CARTESIAN_POINT('',(-0.5,0.4,0.));
#14101 = VECTOR('',#14102,1.);
#14102 = DIRECTION('',(0.,0.,1.));
#14103 = ORIENTED_EDGE('',*,*,#14048,.F.);
#14104 = ORIENTED_EDGE('',*,*,#13879,.T.);
#14105 = ORIENTED_EDGE('',*,*,#14084,.T.);
#14106 = PLANE('',#14107);
#14107 = AXIS2_PLACEMENT_3D('',#14108,#14109,#14110);
#14108 = CARTESIAN_POINT('',(-0.8,0.4,0.));
#14109 = DIRECTION('',(0.,1.,0.));
#14110 = DIRECTION('',(0.,-0.,1.));
#14111 = ADVANCED_FACE('',(#14112,#14122),#14192,.T.);
#14112 = FACE_BOUND('',#14113,.T.);
#14113 = EDGE_LOOP('',(#14114,#14115,#14116,#14117,#14118,#14119,#14120,
    #14121));
#14114 = ORIENTED_EDGE('',*,*,#13919,.F.);
#14115 = ORIENTED_EDGE('',*,*,#13959,.T.);
#14116 = ORIENTED_EDGE('',*,*,#14002,.T.);
#14117 = ORIENTED_EDGE('',*,*,#14056,.F.);
#14118 = ORIENTED_EDGE('',*,*,#14098,.T.);
#14119 = ORIENTED_EDGE('',*,*,#14075,.T.);
#14120 = ORIENTED_EDGE('',*,*,#14026,.F.);
#14121 = ORIENTED_EDGE('',*,*,#13976,.F.);
#14122 = FACE_BOUND('',#14123,.T.);
#14123 = EDGE_LOOP('',(#14124,#14135,#14143,#14152,#14160,#14169,#14177,
    #14186));
#14124 = ORIENTED_EDGE('',*,*,#14125,.F.);
#14125 = EDGE_CURVE('',#14126,#14128,#14130,.T.);
#14126 = VERTEX_POINT('',#14127);
#14127 = CARTESIAN_POINT('',(-0.5,-0.37,6.E-02));
#14128 = VERTEX_POINT('',#14129);
#14129 = CARTESIAN_POINT('',(-0.5,-0.34,3.E-02));
#14130 = CIRCLE('',#14131,3.E-02);
#14131 = AXIS2_PLACEMENT_3D('',#14132,#14133,#14134);
#14132 = CARTESIAN_POINT('',(-0.5,-0.34,6.E-02));
#14133 = DIRECTION('',(1.,0.,-0.));
#14134 = DIRECTION('',(0.,0.,1.));
#14135 = ORIENTED_EDGE('',*,*,#14136,.T.);
#14136 = EDGE_CURVE('',#14126,#14137,#14139,.T.);
#14137 = VERTEX_POINT('',#14138);
#14138 = CARTESIAN_POINT('',(-0.5,-0.37,0.74));
#14139 = LINE('',#14140,#14141);
#14140 = CARTESIAN_POINT('',(-0.5,-0.37,3.E-02));
#14141 = VECTOR('',#14142,1.);
#14142 = DIRECTION('',(0.,0.,1.));
#14143 = ORIENTED_EDGE('',*,*,#14144,.T.);
#14144 = EDGE_CURVE('',#14137,#14145,#14147,.T.);
#14145 = VERTEX_POINT('',#14146);
#14146 = CARTESIAN_POINT('',(-0.5,-0.34,0.77));
#14147 = CIRCLE('',#14148,3.E-02);
#14148 = AXIS2_PLACEMENT_3D('',#14149,#14150,#14151);
#14149 = CARTESIAN_POINT('',(-0.5,-0.34,0.74));
#14150 = DIRECTION('',(-1.,0.,0.));
#14151 = DIRECTION('',(0.,0.,1.));
#14152 = ORIENTED_EDGE('',*,*,#14153,.T.);
#14153 = EDGE_CURVE('',#14145,#14154,#14156,.T.);
#14154 = VERTEX_POINT('',#14155);
#14155 = CARTESIAN_POINT('',(-0.5,0.34,0.77));
#14156 = LINE('',#14157,#14158);
#14157 = CARTESIAN_POINT('',(-0.5,-0.37,0.77));
#14158 = VECTOR('',#14159,1.);
#14159 = DIRECTION('',(0.,1.,0.));
#14160 = ORIENTED_EDGE('',*,*,#14161,.F.);
#14161 = EDGE_CURVE('',#14162,#14154,#14164,.T.);
#14162 = VERTEX_POINT('',#14163);
#14163 = CARTESIAN_POINT('',(-0.5,0.37,0.74));
#14164 = CIRCLE('',#14165,3.E-02);
#14165 = AXIS2_PLACEMENT_3D('',#14166,#14167,#14168);
#14166 = CARTESIAN_POINT('',(-0.5,0.34,0.74));
#14167 = DIRECTION('',(1.,0.,-0.));
#14168 = DIRECTION('',(0.,0.,1.));
#14169 = ORIENTED_EDGE('',*,*,#14170,.F.);
#14170 = EDGE_CURVE('',#14171,#14162,#14173,.T.);
#14171 = VERTEX_POINT('',#14172);
#14172 = CARTESIAN_POINT('',(-0.5,0.37,6.E-02));
#14173 = LINE('',#14174,#14175);
#14174 = CARTESIAN_POINT('',(-0.5,0.37,3.E-02));
#14175 = VECTOR('',#14176,1.);
#14176 = DIRECTION('',(0.,0.,1.));
#14177 = ORIENTED_EDGE('',*,*,#14178,.T.);
#14178 = EDGE_CURVE('',#14171,#14179,#14181,.T.);
#14179 = VERTEX_POINT('',#14180);
#14180 = CARTESIAN_POINT('',(-0.5,0.34,3.E-02));
#14181 = CIRCLE('',#14182,3.E-02);
#14182 = AXIS2_PLACEMENT_3D('',#14183,#14184,#14185);
#14183 = CARTESIAN_POINT('',(-0.5,0.34,6.E-02));
#14184 = DIRECTION('',(-1.,0.,0.));
#14185 = DIRECTION('',(0.,0.,1.));
#14186 = ORIENTED_EDGE('',*,*,#14187,.F.);
#14187 = EDGE_CURVE('',#14128,#14179,#14188,.T.);
#14188 = LINE('',#14189,#14190);
#14189 = CARTESIAN_POINT('',(-0.5,-0.37,3.E-02));
#14190 = VECTOR('',#14191,1.);
#14191 = DIRECTION('',(0.,1.,0.));
#14192 = PLANE('',#14193);
#14193 = AXIS2_PLACEMENT_3D('',#14194,#14195,#14196);
#14194 = CARTESIAN_POINT('',(-0.5,-0.4,0.));
#14195 = DIRECTION('',(1.,0.,0.));
#14196 = DIRECTION('',(0.,0.,1.));
#14197 = ADVANCED_FACE('',(#14198),#14224,.T.);
#14198 = FACE_BOUND('',#14199,.T.);
#14199 = EDGE_LOOP('',(#14200,#14201,#14209,#14218));
#14200 = ORIENTED_EDGE('',*,*,#14125,.T.);
#14201 = ORIENTED_EDGE('',*,*,#14202,.T.);
#14202 = EDGE_CURVE('',#14128,#14203,#14205,.T.);
#14203 = VERTEX_POINT('',#14204);
#14204 = CARTESIAN_POINT('',(0.5,-0.34,3.E-02));
#14205 = LINE('',#14206,#14207);
#14206 = CARTESIAN_POINT('',(-0.5,-0.34,3.E-02));
#14207 = VECTOR('',#14208,1.);
#14208 = DIRECTION('',(1.,0.,0.));
#14209 = ORIENTED_EDGE('',*,*,#14210,.F.);
#14210 = EDGE_CURVE('',#14211,#14203,#14213,.T.);
#14211 = VERTEX_POINT('',#14212);
#14212 = CARTESIAN_POINT('',(0.5,-0.37,6.E-02));
#14213 = CIRCLE('',#14214,3.E-02);
#14214 = AXIS2_PLACEMENT_3D('',#14215,#14216,#14217);
#14215 = CARTESIAN_POINT('',(0.5,-0.34,6.E-02));
#14216 = DIRECTION('',(1.,0.,-0.));
#14217 = DIRECTION('',(0.,0.,1.));
#14218 = ORIENTED_EDGE('',*,*,#14219,.F.);
#14219 = EDGE_CURVE('',#14126,#14211,#14220,.T.);
#14220 = LINE('',#14221,#14222);
#14221 = CARTESIAN_POINT('',(-0.5,-0.37,6.E-02));
#14222 = VECTOR('',#14223,1.);
#14223 = DIRECTION('',(1.,0.,0.));
#14224 = CYLINDRICAL_SURFACE('',#14225,3.E-02);
#14225 = AXIS2_PLACEMENT_3D('',#14226,#14227,#14228);
#14226 = CARTESIAN_POINT('',(-0.5,-0.34,6.E-02));
#14227 = DIRECTION('',(1.,0.,0.));
#14228 = DIRECTION('',(0.,-1.,0.));
#14229 = ADVANCED_FACE('',(#14230),#14248,.F.);
#14230 = FACE_BOUND('',#14231,.F.);
#14231 = EDGE_LOOP('',(#14232,#14233,#14234,#14242));
#14232 = ORIENTED_EDGE('',*,*,#14187,.F.);
#14233 = ORIENTED_EDGE('',*,*,#14202,.T.);
#14234 = ORIENTED_EDGE('',*,*,#14235,.T.);
#14235 = EDGE_CURVE('',#14203,#14236,#14238,.T.);
#14236 = VERTEX_POINT('',#14237);
#14237 = CARTESIAN_POINT('',(0.5,0.34,3.E-02));
#14238 = LINE('',#14239,#14240);
#14239 = CARTESIAN_POINT('',(0.5,-0.37,3.E-02));
#14240 = VECTOR('',#14241,1.);
#14241 = DIRECTION('',(0.,1.,0.));
#14242 = ORIENTED_EDGE('',*,*,#14243,.F.);
#14243 = EDGE_CURVE('',#14179,#14236,#14244,.T.);
#14244 = LINE('',#14245,#14246);
#14245 = CARTESIAN_POINT('',(-0.5,0.34,3.E-02));
#14246 = VECTOR('',#14247,1.);
#14247 = DIRECTION('',(1.,0.,0.));
#14248 = PLANE('',#14249);
#14249 = AXIS2_PLACEMENT_3D('',#14250,#14251,#14252);
#14250 = CARTESIAN_POINT('',(-0.5,-0.37,3.E-02));
#14251 = DIRECTION('',(0.,0.,1.));
#14252 = DIRECTION('',(1.,0.,-0.));
#14253 = ADVANCED_FACE('',(#14254),#14273,.T.);
#14254 = FACE_BOUND('',#14255,.T.);
#14255 = EDGE_LOOP('',(#14256,#14264,#14271,#14272));
#14256 = ORIENTED_EDGE('',*,*,#14257,.T.);
#14257 = EDGE_CURVE('',#14171,#14258,#14260,.T.);
#14258 = VERTEX_POINT('',#14259);
#14259 = CARTESIAN_POINT('',(0.5,0.37,6.E-02));
#14260 = LINE('',#14261,#14262);
#14261 = CARTESIAN_POINT('',(-0.5,0.37,6.E-02));
#14262 = VECTOR('',#14263,1.);
#14263 = DIRECTION('',(1.,0.,0.));
#14264 = ORIENTED_EDGE('',*,*,#14265,.T.);
#14265 = EDGE_CURVE('',#14258,#14236,#14266,.T.);
#14266 = CIRCLE('',#14267,3.E-02);
#14267 = AXIS2_PLACEMENT_3D('',#14268,#14269,#14270);
#14268 = CARTESIAN_POINT('',(0.5,0.34,6.E-02));
#14269 = DIRECTION('',(-1.,0.,0.));
#14270 = DIRECTION('',(0.,0.,1.));
#14271 = ORIENTED_EDGE('',*,*,#14243,.F.);
#14272 = ORIENTED_EDGE('',*,*,#14178,.F.);
#14273 = CYLINDRICAL_SURFACE('',#14274,3.E-02);
#14274 = AXIS2_PLACEMENT_3D('',#14275,#14276,#14277);
#14275 = CARTESIAN_POINT('',(-0.5,0.34,6.E-02));
#14276 = DIRECTION('',(1.,0.,0.));
#14277 = DIRECTION('',(-0.,1.,0.));
#14278 = ADVANCED_FACE('',(#14279),#14297,.T.);
#14279 = FACE_BOUND('',#14280,.T.);
#14280 = EDGE_LOOP('',(#14281,#14289,#14290,#14291));
#14281 = ORIENTED_EDGE('',*,*,#14282,.F.);
#14282 = EDGE_CURVE('',#14258,#14283,#14285,.T.);
#14283 = VERTEX_POINT('',#14284);
#14284 = CARTESIAN_POINT('',(0.5,0.37,0.74));
#14285 = LINE('',#14286,#14287);
#14286 = CARTESIAN_POINT('',(0.5,0.37,3.E-02));
#14287 = VECTOR('',#14288,1.);
#14288 = DIRECTION('',(0.,0.,1.));
#14289 = ORIENTED_EDGE('',*,*,#14257,.F.);
#14290 = ORIENTED_EDGE('',*,*,#14170,.T.);
#14291 = ORIENTED_EDGE('',*,*,#14292,.T.);
#14292 = EDGE_CURVE('',#14162,#14283,#14293,.T.);
#14293 = LINE('',#14294,#14295);
#14294 = CARTESIAN_POINT('',(-0.5,0.37,0.74));
#14295 = VECTOR('',#14296,1.);
#14296 = DIRECTION('',(1.,0.,0.));
#14297 = PLANE('',#14298);
#14298 = AXIS2_PLACEMENT_3D('',#14299,#14300,#14301);
#14299 = CARTESIAN_POINT('',(-0.5,0.37,3.E-02));
#14300 = DIRECTION('',(0.,1.,0.));
#14301 = DIRECTION('',(0.,-0.,1.));
#14302 = ADVANCED_FACE('',(#14303),#14322,.T.);
#14303 = FACE_BOUND('',#14304,.T.);
#14304 = EDGE_LOOP('',(#14305,#14306,#14314,#14321));
#14305 = ORIENTED_EDGE('',*,*,#14161,.T.);
#14306 = ORIENTED_EDGE('',*,*,#14307,.T.);
#14307 = EDGE_CURVE('',#14154,#14308,#14310,.T.);
#14308 = VERTEX_POINT('',#14309);
#14309 = CARTESIAN_POINT('',(0.5,0.34,0.77));
#14310 = LINE('',#14311,#14312);
#14311 = CARTESIAN_POINT('',(-0.5,0.34,0.77));
#14312 = VECTOR('',#14313,1.);
#14313 = DIRECTION('',(1.,0.,0.));
#14314 = ORIENTED_EDGE('',*,*,#14315,.F.);
#14315 = EDGE_CURVE('',#14283,#14308,#14316,.T.);
#14316 = CIRCLE('',#14317,3.E-02);
#14317 = AXIS2_PLACEMENT_3D('',#14318,#14319,#14320);
#14318 = CARTESIAN_POINT('',(0.5,0.34,0.74));
#14319 = DIRECTION('',(1.,0.,-0.));
#14320 = DIRECTION('',(0.,0.,1.));
#14321 = ORIENTED_EDGE('',*,*,#14292,.F.);
#14322 = CYLINDRICAL_SURFACE('',#14323,3.E-02);
#14323 = AXIS2_PLACEMENT_3D('',#14324,#14325,#14326);
#14324 = CARTESIAN_POINT('',(-0.5,0.34,0.74));
#14325 = DIRECTION('',(1.,0.,0.));
#14326 = DIRECTION('',(-0.,1.,0.));
#14327 = ADVANCED_FACE('',(#14328),#14346,.T.);
#14328 = FACE_BOUND('',#14329,.T.);
#14329 = EDGE_LOOP('',(#14330,#14331,#14339,#14345));
#14330 = ORIENTED_EDGE('',*,*,#14153,.F.);
#14331 = ORIENTED_EDGE('',*,*,#14332,.T.);
#14332 = EDGE_CURVE('',#14145,#14333,#14335,.T.);
#14333 = VERTEX_POINT('',#14334);
#14334 = CARTESIAN_POINT('',(0.5,-0.34,0.77));
#14335 = LINE('',#14336,#14337);
#14336 = CARTESIAN_POINT('',(-0.5,-0.34,0.77));
#14337 = VECTOR('',#14338,1.);
#14338 = DIRECTION('',(1.,0.,0.));
#14339 = ORIENTED_EDGE('',*,*,#14340,.T.);
#14340 = EDGE_CURVE('',#14333,#14308,#14341,.T.);
#14341 = LINE('',#14342,#14343);
#14342 = CARTESIAN_POINT('',(0.5,-0.37,0.77));
#14343 = VECTOR('',#14344,1.);
#14344 = DIRECTION('',(0.,1.,0.));
#14345 = ORIENTED_EDGE('',*,*,#14307,.F.);
#14346 = PLANE('',#14347);
#14347 = AXIS2_PLACEMENT_3D('',#14348,#14349,#14350);
#14348 = CARTESIAN_POINT('',(-0.5,-0.37,0.77));
#14349 = DIRECTION('',(0.,0.,1.));
#14350 = DIRECTION('',(1.,0.,-0.));
#14351 = ADVANCED_FACE('',(#14352),#14371,.T.);
#14352 = FACE_BOUND('',#14353,.T.);
#14353 = EDGE_LOOP('',(#14354,#14362,#14369,#14370));
#14354 = ORIENTED_EDGE('',*,*,#14355,.T.);
#14355 = EDGE_CURVE('',#14137,#14356,#14358,.T.);
#14356 = VERTEX_POINT('',#14357);
#14357 = CARTESIAN_POINT('',(0.5,-0.37,0.74));
#14358 = LINE('',#14359,#14360);
#14359 = CARTESIAN_POINT('',(-0.5,-0.37,0.74));
#14360 = VECTOR('',#14361,1.);
#14361 = DIRECTION('',(1.,0.,0.));
#14362 = ORIENTED_EDGE('',*,*,#14363,.T.);
#14363 = EDGE_CURVE('',#14356,#14333,#14364,.T.);
#14364 = CIRCLE('',#14365,3.E-02);
#14365 = AXIS2_PLACEMENT_3D('',#14366,#14367,#14368);
#14366 = CARTESIAN_POINT('',(0.5,-0.34,0.74));
#14367 = DIRECTION('',(-1.,0.,0.));
#14368 = DIRECTION('',(0.,0.,1.));
#14369 = ORIENTED_EDGE('',*,*,#14332,.F.);
#14370 = ORIENTED_EDGE('',*,*,#14144,.F.);
#14371 = CYLINDRICAL_SURFACE('',#14372,3.E-02);
#14372 = AXIS2_PLACEMENT_3D('',#14373,#14374,#14375);
#14373 = CARTESIAN_POINT('',(-0.5,-0.34,0.74));
#14374 = DIRECTION('',(1.,0.,0.));
#14375 = DIRECTION('',(0.,-1.,0.));
#14376 = ADVANCED_FACE('',(#14377),#14388,.F.);
#14377 = FACE_BOUND('',#14378,.F.);
#14378 = EDGE_LOOP('',(#14379,#14385,#14386,#14387));
#14379 = ORIENTED_EDGE('',*,*,#14380,.F.);
#14380 = EDGE_CURVE('',#14211,#14356,#14381,.T.);
#14381 = LINE('',#14382,#14383);
#14382 = CARTESIAN_POINT('',(0.5,-0.37,3.E-02));
#14383 = VECTOR('',#14384,1.);
#14384 = DIRECTION('',(0.,0.,1.));
#14385 = ORIENTED_EDGE('',*,*,#14219,.F.);
#14386 = ORIENTED_EDGE('',*,*,#14136,.T.);
#14387 = ORIENTED_EDGE('',*,*,#14355,.T.);
#14388 = PLANE('',#14389);
#14389 = AXIS2_PLACEMENT_3D('',#14390,#14391,#14392);
#14390 = CARTESIAN_POINT('',(-0.5,-0.37,3.E-02));
#14391 = DIRECTION('',(0.,1.,0.));
#14392 = DIRECTION('',(0.,-0.,1.));
#14393 = ADVANCED_FACE('',(#14394,#14464),#14474,.F.);
#14394 = FACE_BOUND('',#14395,.F.);
#14395 = EDGE_LOOP('',(#14396,#14406,#14415,#14423,#14432,#14440,#14449,
    #14457));
#14396 = ORIENTED_EDGE('',*,*,#14397,.F.);
#14397 = EDGE_CURVE('',#14398,#14400,#14402,.T.);
#14398 = VERTEX_POINT('',#14399);
#14399 = CARTESIAN_POINT('',(0.5,-0.4,3.E-02));
#14400 = VERTEX_POINT('',#14401);
#14401 = CARTESIAN_POINT('',(0.5,-0.4,0.77));
#14402 = LINE('',#14403,#14404);
#14403 = CARTESIAN_POINT('',(0.5,-0.4,0.));
#14404 = VECTOR('',#14405,1.);
#14405 = DIRECTION('',(0.,0.,1.));
#14406 = ORIENTED_EDGE('',*,*,#14407,.T.);
#14407 = EDGE_CURVE('',#14398,#14408,#14410,.T.);
#14408 = VERTEX_POINT('',#14409);
#14409 = CARTESIAN_POINT('',(0.5,-0.37,0.));
#14410 = CIRCLE('',#14411,3.E-02);
#14411 = AXIS2_PLACEMENT_3D('',#14412,#14413,#14414);
#14412 = CARTESIAN_POINT('',(0.5,-0.37,3.E-02));
#14413 = DIRECTION('',(1.,0.,-0.));
#14414 = DIRECTION('',(0.,0.,1.));
#14415 = ORIENTED_EDGE('',*,*,#14416,.T.);
#14416 = EDGE_CURVE('',#14408,#14417,#14419,.T.);
#14417 = VERTEX_POINT('',#14418);
#14418 = CARTESIAN_POINT('',(0.5,0.37,0.));
#14419 = LINE('',#14420,#14421);
#14420 = CARTESIAN_POINT('',(0.5,-0.4,0.));
#14421 = VECTOR('',#14422,1.);
#14422 = DIRECTION('',(0.,1.,0.));
#14423 = ORIENTED_EDGE('',*,*,#14424,.F.);
#14424 = EDGE_CURVE('',#14425,#14417,#14427,.T.);
#14425 = VERTEX_POINT('',#14426);
#14426 = CARTESIAN_POINT('',(0.5,0.4,3.E-02));
#14427 = CIRCLE('',#14428,3.E-02);
#14428 = AXIS2_PLACEMENT_3D('',#14429,#14430,#14431);
#14429 = CARTESIAN_POINT('',(0.5,0.37,3.E-02));
#14430 = DIRECTION('',(-1.,0.,0.));
#14431 = DIRECTION('',(0.,0.,1.));
#14432 = ORIENTED_EDGE('',*,*,#14433,.T.);
#14433 = EDGE_CURVE('',#14425,#14434,#14436,.T.);
#14434 = VERTEX_POINT('',#14435);
#14435 = CARTESIAN_POINT('',(0.5,0.4,0.77));
#14436 = LINE('',#14437,#14438);
#14437 = CARTESIAN_POINT('',(0.5,0.4,0.));
#14438 = VECTOR('',#14439,1.);
#14439 = DIRECTION('',(0.,0.,1.));
#14440 = ORIENTED_EDGE('',*,*,#14441,.T.);
#14441 = EDGE_CURVE('',#14434,#14442,#14444,.T.);
#14442 = VERTEX_POINT('',#14443);
#14443 = CARTESIAN_POINT('',(0.5,0.37,0.8));
#14444 = CIRCLE('',#14445,3.E-02);
#14445 = AXIS2_PLACEMENT_3D('',#14446,#14447,#14448);
#14446 = CARTESIAN_POINT('',(0.5,0.37,0.77));
#14447 = DIRECTION('',(1.,0.,-0.));
#14448 = DIRECTION('',(0.,0.,1.));
#14449 = ORIENTED_EDGE('',*,*,#14450,.F.);
#14450 = EDGE_CURVE('',#14451,#14442,#14453,.T.);
#14451 = VERTEX_POINT('',#14452);
#14452 = CARTESIAN_POINT('',(0.5,-0.37,0.8));
#14453 = LINE('',#14454,#14455);
#14454 = CARTESIAN_POINT('',(0.5,-0.4,0.8));
#14455 = VECTOR('',#14456,1.);
#14456 = DIRECTION('',(0.,1.,0.));
#14457 = ORIENTED_EDGE('',*,*,#14458,.F.);
#14458 = EDGE_CURVE('',#14400,#14451,#14459,.T.);
#14459 = CIRCLE('',#14460,3.E-02);
#14460 = AXIS2_PLACEMENT_3D('',#14461,#14462,#14463);
#14461 = CARTESIAN_POINT('',(0.5,-0.37,0.77));
#14462 = DIRECTION('',(-1.,0.,0.));
#14463 = DIRECTION('',(0.,0.,1.));
#14464 = FACE_BOUND('',#14465,.F.);
#14465 = EDGE_LOOP('',(#14466,#14467,#14468,#14469,#14470,#14471,#14472,
    #14473));
#14466 = ORIENTED_EDGE('',*,*,#14210,.F.);
#14467 = ORIENTED_EDGE('',*,*,#14380,.T.);
#14468 = ORIENTED_EDGE('',*,*,#14363,.T.);
#14469 = ORIENTED_EDGE('',*,*,#14340,.T.);
#14470 = ORIENTED_EDGE('',*,*,#14315,.F.);
#14471 = ORIENTED_EDGE('',*,*,#14282,.F.);
#14472 = ORIENTED_EDGE('',*,*,#14265,.T.);
#14473 = ORIENTED_EDGE('',*,*,#14235,.F.);
#14474 = PLANE('',#14475);
#14475 = AXIS2_PLACEMENT_3D('',#14476,#14477,#14478);
#14476 = CARTESIAN_POINT('',(0.5,-0.4,0.));
#14477 = DIRECTION('',(1.,0.,0.));
#14478 = DIRECTION('',(0.,0.,1.));
#14479 = ADVANCED_FACE('',(#14480),#14505,.F.);
#14480 = FACE_BOUND('',#14481,.F.);
#14481 = EDGE_LOOP('',(#14482,#14492,#14498,#14499));
#14482 = ORIENTED_EDGE('',*,*,#14483,.F.);
#14483 = EDGE_CURVE('',#14484,#14486,#14488,.T.);
#14484 = VERTEX_POINT('',#14485);
#14485 = CARTESIAN_POINT('',(0.8,-0.4,3.E-02));
#14486 = VERTEX_POINT('',#14487);
#14487 = CARTESIAN_POINT('',(0.8,-0.4,0.77));
#14488 = LINE('',#14489,#14490);
#14489 = CARTESIAN_POINT('',(0.8,-0.4,0.));
#14490 = VECTOR('',#14491,1.);
#14491 = DIRECTION('',(0.,0.,1.));
#14492 = ORIENTED_EDGE('',*,*,#14493,.F.);
#14493 = EDGE_CURVE('',#14398,#14484,#14494,.T.);
#14494 = LINE('',#14495,#14496);
#14495 = CARTESIAN_POINT('',(0.5,-0.4,3.E-02));
#14496 = VECTOR('',#14497,1.);
#14497 = DIRECTION('',(1.,0.,0.));
#14498 = ORIENTED_EDGE('',*,*,#14397,.T.);
#14499 = ORIENTED_EDGE('',*,*,#14500,.T.);
#14500 = EDGE_CURVE('',#14400,#14486,#14501,.T.);
#14501 = LINE('',#14502,#14503);
#14502 = CARTESIAN_POINT('',(0.5,-0.4,0.77));
#14503 = VECTOR('',#14504,1.);
#14504 = DIRECTION('',(1.,0.,0.));
#14505 = PLANE('',#14506);
#14506 = AXIS2_PLACEMENT_3D('',#14507,#14508,#14509);
#14507 = CARTESIAN_POINT('',(0.5,-0.4,0.));
#14508 = DIRECTION('',(0.,1.,0.));
#14509 = DIRECTION('',(0.,-0.,1.));
#14510 = ADVANCED_FACE('',(#14511),#14530,.T.);
#14511 = FACE_BOUND('',#14512,.T.);
#14512 = EDGE_LOOP('',(#14513,#14514,#14522,#14529));
#14513 = ORIENTED_EDGE('',*,*,#14407,.T.);
#14514 = ORIENTED_EDGE('',*,*,#14515,.T.);
#14515 = EDGE_CURVE('',#14408,#14516,#14518,.T.);
#14516 = VERTEX_POINT('',#14517);
#14517 = CARTESIAN_POINT('',(0.8,-0.37,0.));
#14518 = LINE('',#14519,#14520);
#14519 = CARTESIAN_POINT('',(0.5,-0.37,0.));
#14520 = VECTOR('',#14521,1.);
#14521 = DIRECTION('',(1.,0.,0.));
#14522 = ORIENTED_EDGE('',*,*,#14523,.F.);
#14523 = EDGE_CURVE('',#14484,#14516,#14524,.T.);
#14524 = CIRCLE('',#14525,3.E-02);
#14525 = AXIS2_PLACEMENT_3D('',#14526,#14527,#14528);
#14526 = CARTESIAN_POINT('',(0.8,-0.37,3.E-02));
#14527 = DIRECTION('',(1.,0.,-0.));
#14528 = DIRECTION('',(0.,0.,1.));
#14529 = ORIENTED_EDGE('',*,*,#14493,.F.);
#14530 = CYLINDRICAL_SURFACE('',#14531,3.E-02);
#14531 = AXIS2_PLACEMENT_3D('',#14532,#14533,#14534);
#14532 = CARTESIAN_POINT('',(0.5,-0.37,3.E-02));
#14533 = DIRECTION('',(1.,0.,0.));
#14534 = DIRECTION('',(0.,-1.,0.));
#14535 = ADVANCED_FACE('',(#14536),#14555,.T.);
#14536 = FACE_BOUND('',#14537,.T.);
#14537 = EDGE_LOOP('',(#14538,#14539,#14548,#14554));
#14538 = ORIENTED_EDGE('',*,*,#14500,.T.);
#14539 = ORIENTED_EDGE('',*,*,#14540,.T.);
#14540 = EDGE_CURVE('',#14486,#14541,#14543,.T.);
#14541 = VERTEX_POINT('',#14542);
#14542 = CARTESIAN_POINT('',(0.8,-0.37,0.8));
#14543 = CIRCLE('',#14544,3.E-02);
#14544 = AXIS2_PLACEMENT_3D('',#14545,#14546,#14547);
#14545 = CARTESIAN_POINT('',(0.8,-0.37,0.77));
#14546 = DIRECTION('',(-1.,0.,0.));
#14547 = DIRECTION('',(0.,0.,1.));
#14548 = ORIENTED_EDGE('',*,*,#14549,.F.);
#14549 = EDGE_CURVE('',#14451,#14541,#14550,.T.);
#14550 = LINE('',#14551,#14552);
#14551 = CARTESIAN_POINT('',(0.5,-0.37,0.8));
#14552 = VECTOR('',#14553,1.);
#14553 = DIRECTION('',(1.,0.,0.));
#14554 = ORIENTED_EDGE('',*,*,#14458,.F.);
#14555 = CYLINDRICAL_SURFACE('',#14556,3.E-02);
#14556 = AXIS2_PLACEMENT_3D('',#14557,#14558,#14559);
#14557 = CARTESIAN_POINT('',(0.5,-0.37,0.77));
#14558 = DIRECTION('',(1.,0.,0.));
#14559 = DIRECTION('',(0.,-1.,0.));
#14560 = ADVANCED_FACE('',(#14561),#14579,.F.);
#14561 = FACE_BOUND('',#14562,.F.);
#14562 = EDGE_LOOP('',(#14563,#14564,#14565,#14573));
#14563 = ORIENTED_EDGE('',*,*,#14416,.F.);
#14564 = ORIENTED_EDGE('',*,*,#14515,.T.);
#14565 = ORIENTED_EDGE('',*,*,#14566,.T.);
#14566 = EDGE_CURVE('',#14516,#14567,#14569,.T.);
#14567 = VERTEX_POINT('',#14568);
#14568 = CARTESIAN_POINT('',(0.8,0.37,0.));
#14569 = LINE('',#14570,#14571);
#14570 = CARTESIAN_POINT('',(0.8,-0.4,0.));
#14571 = VECTOR('',#14572,1.);
#14572 = DIRECTION('',(0.,1.,0.));
#14573 = ORIENTED_EDGE('',*,*,#14574,.F.);
#14574 = EDGE_CURVE('',#14417,#14567,#14575,.T.);
#14575 = LINE('',#14576,#14577);
#14576 = CARTESIAN_POINT('',(0.5,0.37,0.));
#14577 = VECTOR('',#14578,1.);
#14578 = DIRECTION('',(1.,0.,0.));
#14579 = PLANE('',#14580);
#14580 = AXIS2_PLACEMENT_3D('',#14581,#14582,#14583);
#14581 = CARTESIAN_POINT('',(0.5,-0.4,0.));
#14582 = DIRECTION('',(0.,0.,1.));
#14583 = DIRECTION('',(1.,0.,-0.));
#14584 = ADVANCED_FACE('',(#14585),#14603,.T.);
#14585 = FACE_BOUND('',#14586,.T.);
#14586 = EDGE_LOOP('',(#14587,#14588,#14589,#14597));
#14587 = ORIENTED_EDGE('',*,*,#14450,.F.);
#14588 = ORIENTED_EDGE('',*,*,#14549,.T.);
#14589 = ORIENTED_EDGE('',*,*,#14590,.T.);
#14590 = EDGE_CURVE('',#14541,#14591,#14593,.T.);
#14591 = VERTEX_POINT('',#14592);
#14592 = CARTESIAN_POINT('',(0.8,0.37,0.8));
#14593 = LINE('',#14594,#14595);
#14594 = CARTESIAN_POINT('',(0.8,-0.4,0.8));
#14595 = VECTOR('',#14596,1.);
#14596 = DIRECTION('',(0.,1.,0.));
#14597 = ORIENTED_EDGE('',*,*,#14598,.F.);
#14598 = EDGE_CURVE('',#14442,#14591,#14599,.T.);
#14599 = LINE('',#14600,#14601);
#14600 = CARTESIAN_POINT('',(0.5,0.37,0.8));
#14601 = VECTOR('',#14602,1.);
#14602 = DIRECTION('',(1.,0.,0.));
#14603 = PLANE('',#14604);
#14604 = AXIS2_PLACEMENT_3D('',#14605,#14606,#14607);
#14605 = CARTESIAN_POINT('',(0.5,-0.4,0.8));
#14606 = DIRECTION('',(0.,0.,1.));
#14607 = DIRECTION('',(1.,0.,-0.));
#14608 = ADVANCED_FACE('',(#14609),#14628,.T.);
#14609 = FACE_BOUND('',#14610,.T.);
#14610 = EDGE_LOOP('',(#14611,#14619,#14626,#14627));
#14611 = ORIENTED_EDGE('',*,*,#14612,.T.);
#14612 = EDGE_CURVE('',#14425,#14613,#14615,.T.);
#14613 = VERTEX_POINT('',#14614);
#14614 = CARTESIAN_POINT('',(0.8,0.4,3.E-02));
#14615 = LINE('',#14616,#14617);
#14616 = CARTESIAN_POINT('',(0.5,0.4,3.E-02));
#14617 = VECTOR('',#14618,1.);
#14618 = DIRECTION('',(1.,0.,0.));
#14619 = ORIENTED_EDGE('',*,*,#14620,.T.);
#14620 = EDGE_CURVE('',#14613,#14567,#14621,.T.);
#14621 = CIRCLE('',#14622,3.E-02);
#14622 = AXIS2_PLACEMENT_3D('',#14623,#14624,#14625);
#14623 = CARTESIAN_POINT('',(0.8,0.37,3.E-02));
#14624 = DIRECTION('',(-1.,0.,0.));
#14625 = DIRECTION('',(0.,0.,1.));
#14626 = ORIENTED_EDGE('',*,*,#14574,.F.);
#14627 = ORIENTED_EDGE('',*,*,#14424,.F.);
#14628 = CYLINDRICAL_SURFACE('',#14629,3.E-02);
#14629 = AXIS2_PLACEMENT_3D('',#14630,#14631,#14632);
#14630 = CARTESIAN_POINT('',(0.5,0.37,3.E-02));
#14631 = DIRECTION('',(1.,0.,0.));
#14632 = DIRECTION('',(-0.,1.,0.));
#14633 = ADVANCED_FACE('',(#14634),#14653,.T.);
#14634 = FACE_BOUND('',#14635,.T.);
#14635 = EDGE_LOOP('',(#14636,#14637,#14638,#14647));
#14636 = ORIENTED_EDGE('',*,*,#14441,.T.);
#14637 = ORIENTED_EDGE('',*,*,#14598,.T.);
#14638 = ORIENTED_EDGE('',*,*,#14639,.F.);
#14639 = EDGE_CURVE('',#14640,#14591,#14642,.T.);
#14640 = VERTEX_POINT('',#14641);
#14641 = CARTESIAN_POINT('',(0.8,0.4,0.77));
#14642 = CIRCLE('',#14643,3.E-02);
#14643 = AXIS2_PLACEMENT_3D('',#14644,#14645,#14646);
#14644 = CARTESIAN_POINT('',(0.8,0.37,0.77));
#14645 = DIRECTION('',(1.,0.,-0.));
#14646 = DIRECTION('',(0.,0.,1.));
#14647 = ORIENTED_EDGE('',*,*,#14648,.F.);
#14648 = EDGE_CURVE('',#14434,#14640,#14649,.T.);
#14649 = LINE('',#14650,#14651);
#14650 = CARTESIAN_POINT('',(0.5,0.4,0.77));
#14651 = VECTOR('',#14652,1.);
#14652 = DIRECTION('',(1.,0.,0.));
#14653 = CYLINDRICAL_SURFACE('',#14654,3.E-02);
#14654 = AXIS2_PLACEMENT_3D('',#14655,#14656,#14657);
#14655 = CARTESIAN_POINT('',(0.5,0.37,0.77));
#14656 = DIRECTION('',(1.,0.,0.));
#14657 = DIRECTION('',(-0.,1.,0.));
#14658 = ADVANCED_FACE('',(#14659),#14670,.T.);
#14659 = FACE_BOUND('',#14660,.T.);
#14660 = EDGE_LOOP('',(#14661,#14667,#14668,#14669));
#14661 = ORIENTED_EDGE('',*,*,#14662,.F.);
#14662 = EDGE_CURVE('',#14613,#14640,#14663,.T.);
#14663 = LINE('',#14664,#14665);
#14664 = CARTESIAN_POINT('',(0.8,0.4,0.));
#14665 = VECTOR('',#14666,1.);
#14666 = DIRECTION('',(0.,0.,1.));
#14667 = ORIENTED_EDGE('',*,*,#14612,.F.);
#14668 = ORIENTED_EDGE('',*,*,#14433,.T.);
#14669 = ORIENTED_EDGE('',*,*,#14648,.T.);
#14670 = PLANE('',#14671);
#14671 = AXIS2_PLACEMENT_3D('',#14672,#14673,#14674);
#14672 = CARTESIAN_POINT('',(0.5,0.4,0.));
#14673 = DIRECTION('',(0.,1.,0.));
#14674 = DIRECTION('',(0.,-0.,1.));
#14675 = ADVANCED_FACE('',(#14676),#14686,.T.);
#14676 = FACE_BOUND('',#14677,.T.);
#14677 = EDGE_LOOP('',(#14678,#14679,#14680,#14681,#14682,#14683,#14684,
    #14685));
#14678 = ORIENTED_EDGE('',*,*,#14483,.F.);
#14679 = ORIENTED_EDGE('',*,*,#14523,.T.);
#14680 = ORIENTED_EDGE('',*,*,#14566,.T.);
#14681 = ORIENTED_EDGE('',*,*,#14620,.F.);
#14682 = ORIENTED_EDGE('',*,*,#14662,.T.);
#14683 = ORIENTED_EDGE('',*,*,#14639,.T.);
#14684 = ORIENTED_EDGE('',*,*,#14590,.F.);
#14685 = ORIENTED_EDGE('',*,*,#14540,.F.);
#14686 = PLANE('',#14687);
#14687 = AXIS2_PLACEMENT_3D('',#14688,#14689,#14690);
#14688 = CARTESIAN_POINT('',(0.8,-0.4,0.));
#14689 = DIRECTION('',(1.,0.,0.));
#14690 = DIRECTION('',(0.,0.,1.));
#14691 = ( GEOMETRIC_REPRESENTATION_CONTEXT(3) 
GLOBAL_UNCERTAINTY_ASSIGNED_CONTEXT((#14695)) 
GLOBAL_UNIT_ASSIGNED_CONTEXT((#14692,#14693,#14694)) 
REPRESENTATION_CONTEXT('Context #1',
  '3D Context with UNIT and UNCERTAINTY') );
#14692 = ( LENGTH_UNIT() NAMED_UNIT(*) SI_UNIT(.MILLI.,.METRE.) );
#14693 = ( NAMED_UNIT(*) PLANE_ANGLE_UNIT() SI_UNIT($,.RADIAN.) );
#14694 = ( NAMED_UNIT(*) SI_UNIT($,.STERADIAN.) SOLID_ANGLE_UNIT() );
#14695 = UNCERTAINTY_MEASURE_WITH_UNIT(LENGTH_MEASURE(1.E-07),#14692,
  'distance_accuracy_value','confusion accuracy');
#14696 = CONTEXT_DEPENDENT_SHAPE_REPRESENTATION(#14697,#14699);
#14697 = ( REPRESENTATION_RELATIONSHIP('','',#13836,#10) 
REPRESENTATION_RELATIONSHIP_WITH_TRANSFORMATION(#14698) 
SHAPE_REPRESENTATION_RELATIONSHIP() );
#14698 = ITEM_DEFINED_TRANSFORMATION('','',#11,#63);
#14699 = PRODUCT_DEFINITION_SHAPE('Placement','Placement of an item',
  #14700);
#14700 = NEXT_ASSEMBLY_USAGE_OCCURRENCE('13','C3','',#5,#13831,$);
#14701 = PRODUCT_RELATED_PRODUCT_CATEGORY('part',$,(#13833));
#14702 = SHAPE_DEFINITION_REPRESENTATION(#14703,#14709);
#14703 = PRODUCT_DEFINITION_SHAPE('','',#14704);
#14704 = PRODUCT_DEFINITION('design','',#14705,#14708);
#14705 = PRODUCT_DEFINITION_FORMATION('','',#14706);
#14706 = PRODUCT('CP_Radial_D12.5mm_P5.00mm','CP_Radial_D12.5mm_P5.00mm'
  ,'',(#14707));
#14707 = PRODUCT_CONTEXT('',#2,'mechanical');
#14708 = PRODUCT_DEFINITION_CONTEXT('part definition',#2,'design');
#14709 = ADVANCED_BREP_SHAPE_REPRESENTATION('',(#11,#14710),#17182);
#14710 = BREP_WITH_VOIDS('',#14711,(#17060));
#14711 = CLOSED_SHELL('',(#14712,#14729,#14754,#14803,#14836,#14854,
    #14879,#14911,#14929,#14938,#14976,#14998,#15061,#15089,#15263,
    #15405,#15474,#15543,#15612,#15678,#15852,#15932,#15966,#16046,
    #16078,#16144,#16433,#16467,#16482,#16500,#16518,#16536,#16568,
    #16586,#16729,#16781,#16805,#16829,#16853,#16915,#16932,#16956,
    #16972,#16996,#17008,#17024,#17036,#17048));
#14712 = ADVANCED_FACE('',(#14713),#14724,.F.);
#14713 = FACE_BOUND('',#14714,.F.);
#14714 = EDGE_LOOP('',(#14715));
#14715 = ORIENTED_EDGE('',*,*,#14716,.T.);
#14716 = EDGE_CURVE('',#14717,#14717,#14719,.T.);
#14717 = VERTEX_POINT('',#14718);
#14718 = CARTESIAN_POINT('',(4.55,-2.510525938252E-16,-1.9));
#14719 = CIRCLE('',#14720,0.45);
#14720 = AXIS2_PLACEMENT_3D('',#14721,#14722,#14723);
#14721 = CARTESIAN_POINT('',(5.,-3.061616997868E-16,-1.9));
#14722 = DIRECTION('',(0.,0.,1.));
#14723 = DIRECTION('',(-1.,1.224646799147E-16,0.));
#14724 = PLANE('',#14725);
#14725 = AXIS2_PLACEMENT_3D('',#14726,#14727,#14728);
#14726 = CARTESIAN_POINT('',(5.,-3.590128380361E-16,-1.9));
#14727 = DIRECTION('',(0.,0.,1.));
#14728 = DIRECTION('',(-1.,1.224646799147E-16,0.));
#14729 = ADVANCED_FACE('',(#14730),#14749,.T.);
#14730 = FACE_BOUND('',#14731,.T.);
#14731 = EDGE_LOOP('',(#14732,#14741,#14747,#14748));
#14732 = ORIENTED_EDGE('',*,*,#14733,.F.);
#14733 = EDGE_CURVE('',#14734,#14734,#14736,.T.);
#14734 = VERTEX_POINT('',#14735);
#14735 = CARTESIAN_POINT('',(4.55,-2.510525938252E-16,0.2));
#14736 = CIRCLE('',#14737,0.45);
#14737 = AXIS2_PLACEMENT_3D('',#14738,#14739,#14740);
#14738 = CARTESIAN_POINT('',(5.,-3.061616997868E-16,0.2));
#14739 = DIRECTION('',(0.,0.,1.));
#14740 = DIRECTION('',(-1.,1.224646799147E-16,0.));
#14741 = ORIENTED_EDGE('',*,*,#14742,.T.);
#14742 = EDGE_CURVE('',#14734,#14717,#14743,.T.);
#14743 = LINE('',#14744,#14745);
#14744 = CARTESIAN_POINT('',(4.55,-2.510525938252E-16,0.3));
#14745 = VECTOR('',#14746,1.);
#14746 = DIRECTION('',(0.,0.,-1.));
#14747 = ORIENTED_EDGE('',*,*,#14716,.T.);
#14748 = ORIENTED_EDGE('',*,*,#14742,.F.);
#14749 = CYLINDRICAL_SURFACE('',#14750,0.45);
#14750 = AXIS2_PLACEMENT_3D('',#14751,#14752,#14753);
#14751 = CARTESIAN_POINT('',(5.,-3.061616997868E-16,0.3));
#14752 = DIRECTION('',(0.,0.,1.));
#14753 = DIRECTION('',(-1.,1.224646799147E-16,0.));
#14754 = ADVANCED_FACE('',(#14755,#14784,#14787),#14798,.F.);
#14755 = FACE_BOUND('',#14756,.F.);
#14756 = EDGE_LOOP('',(#14757,#14768,#14777));
#14757 = ORIENTED_EDGE('',*,*,#14758,.T.);
#14758 = EDGE_CURVE('',#14759,#14761,#14763,.T.);
#14759 = VERTEX_POINT('',#14760);
#14760 = CARTESIAN_POINT('',(-1.875,5.35782974627E-16,0.2));
#14761 = VERTEX_POINT('',#14762);
#14762 = CARTESIAN_POINT('',(6.541972954737,-1.674240016597,0.2));
#14763 = CIRCLE('',#14764,4.375);
#14764 = AXIS2_PLACEMENT_3D('',#14765,#14766,#14767);
#14765 = CARTESIAN_POINT('',(2.5,0.,0.2));
#14766 = DIRECTION('',(0.,0.,1.));
#14767 = DIRECTION('',(-1.,1.224646799147E-16,0.));
#14768 = ORIENTED_EDGE('',*,*,#14769,.T.);
#14769 = EDGE_CURVE('',#14761,#14770,#14772,.T.);
#14770 = VERTEX_POINT('',#14771);
#14771 = CARTESIAN_POINT('',(6.541972954737,1.674240016597,0.2));
#14772 = CIRCLE('',#14773,4.375);
#14773 = AXIS2_PLACEMENT_3D('',#14774,#14775,#14776);
#14774 = CARTESIAN_POINT('',(2.5,0.,0.2));
#14775 = DIRECTION('',(0.,0.,1.));
#14776 = DIRECTION('',(-1.,1.224646799147E-16,0.));
#14777 = ORIENTED_EDGE('',*,*,#14778,.T.);
#14778 = EDGE_CURVE('',#14770,#14759,#14779,.T.);
#14779 = CIRCLE('',#14780,4.375);
#14780 = AXIS2_PLACEMENT_3D('',#14781,#14782,#14783);
#14781 = CARTESIAN_POINT('',(2.5,0.,0.2));
#14782 = DIRECTION('',(0.,0.,1.));
#14783 = DIRECTION('',(-1.,1.224646799147E-16,0.));
#14784 = FACE_BOUND('',#14785,.F.);
#14785 = EDGE_LOOP('',(#14786));
#14786 = ORIENTED_EDGE('',*,*,#14733,.F.);
#14787 = FACE_BOUND('',#14788,.F.);
#14788 = EDGE_LOOP('',(#14789));
#14789 = ORIENTED_EDGE('',*,*,#14790,.F.);
#14790 = EDGE_CURVE('',#14791,#14791,#14793,.T.);
#14791 = VERTEX_POINT('',#14792);
#14792 = CARTESIAN_POINT('',(-0.45,3.612708057485E-16,0.2));
#14793 = CIRCLE('',#14794,0.45);
#14794 = AXIS2_PLACEMENT_3D('',#14795,#14796,#14797);
#14795 = CARTESIAN_POINT('',(0.,3.061616997868E-16,0.2));
#14796 = DIRECTION('',(0.,0.,1.));
#14797 = DIRECTION('',(-1.,1.224646799147E-16,0.));
#14798 = PLANE('',#14799);
#14799 = AXIS2_PLACEMENT_3D('',#14800,#14801,#14802);
#14800 = CARTESIAN_POINT('',(2.5,-2.90242291995E-16,0.2));
#14801 = DIRECTION('',(8.586241145263E-34,2.289348497557E-34,1.));
#14802 = DIRECTION('',(-1.,1.224646799147E-16,8.586241145263E-34));
#14803 = ADVANCED_FACE('',(#14804),#14831,.F.);
#14804 = FACE_BOUND('',#14805,.F.);
#14805 = EDGE_LOOP('',(#14806,#14814,#14815,#14816,#14824));
#14806 = ORIENTED_EDGE('',*,*,#14807,.F.);
#14807 = EDGE_CURVE('',#14761,#14808,#14810,.T.);
#14808 = VERTEX_POINT('',#14809);
#14809 = CARTESIAN_POINT('',(6.541972954737,-1.674240016597,0.));
#14810 = LINE('',#14811,#14812);
#14811 = CARTESIAN_POINT('',(6.541972954737,-1.674240016597,0.3));
#14812 = VECTOR('',#14813,1.);
#14813 = DIRECTION('',(0.,0.,-1.));
#14814 = ORIENTED_EDGE('',*,*,#14758,.F.);
#14815 = ORIENTED_EDGE('',*,*,#14778,.F.);
#14816 = ORIENTED_EDGE('',*,*,#14817,.T.);
#14817 = EDGE_CURVE('',#14770,#14818,#14820,.T.);
#14818 = VERTEX_POINT('',#14819);
#14819 = CARTESIAN_POINT('',(6.541972954737,1.674240016597,0.));
#14820 = LINE('',#14821,#14822);
#14821 = CARTESIAN_POINT('',(6.541972954737,1.674240016597,0.3));
#14822 = VECTOR('',#14823,1.);
#14823 = DIRECTION('',(0.,0.,-1.));
#14824 = ORIENTED_EDGE('',*,*,#14825,.F.);
#14825 = EDGE_CURVE('',#14808,#14818,#14826,.T.);
#14826 = CIRCLE('',#14827,4.375);
#14827 = AXIS2_PLACEMENT_3D('',#14828,#14829,#14830);
#14828 = CARTESIAN_POINT('',(2.5,0.,0.));
#14829 = DIRECTION('',(0.,-0.,-1.));
#14830 = DIRECTION('',(0.923879532511,-0.382683432365,0.));
#14831 = CYLINDRICAL_SURFACE('',#14832,4.375);
#14832 = AXIS2_PLACEMENT_3D('',#14833,#14834,#14835);
#14833 = CARTESIAN_POINT('',(2.5,0.,0.3));
#14834 = DIRECTION('',(0.,0.,-1.));
#14835 = DIRECTION('',(0.923879532511,-0.382683432365,0.));
#14836 = ADVANCED_FACE('',(#14837),#14849,.F.);
#14837 = FACE_BOUND('',#14838,.F.);
#14838 = EDGE_LOOP('',(#14839,#14840,#14841,#14842));
#14839 = ORIENTED_EDGE('',*,*,#14817,.F.);
#14840 = ORIENTED_EDGE('',*,*,#14769,.F.);
#14841 = ORIENTED_EDGE('',*,*,#14807,.T.);
#14842 = ORIENTED_EDGE('',*,*,#14843,.F.);
#14843 = EDGE_CURVE('',#14818,#14808,#14844,.T.);
#14844 = CIRCLE('',#14845,4.375);
#14845 = AXIS2_PLACEMENT_3D('',#14846,#14847,#14848);
#14846 = CARTESIAN_POINT('',(2.5,0.,0.));
#14847 = DIRECTION('',(0.,0.,-1.));
#14848 = DIRECTION('',(0.923879532511,0.382683432365,0.));
#14849 = CYLINDRICAL_SURFACE('',#14850,4.375);
#14850 = AXIS2_PLACEMENT_3D('',#14851,#14852,#14853);
#14851 = CARTESIAN_POINT('',(2.5,0.,0.3));
#14852 = DIRECTION('',(0.,0.,-1.));
#14853 = DIRECTION('',(0.923879532511,0.382683432365,0.));
#14854 = ADVANCED_FACE('',(#14855),#14874,.T.);
#14855 = FACE_BOUND('',#14856,.T.);
#14856 = EDGE_LOOP('',(#14857,#14858,#14866,#14873));
#14857 = ORIENTED_EDGE('',*,*,#14790,.F.);
#14858 = ORIENTED_EDGE('',*,*,#14859,.T.);
#14859 = EDGE_CURVE('',#14791,#14860,#14862,.T.);
#14860 = VERTEX_POINT('',#14861);
#14861 = CARTESIAN_POINT('',(-0.45,3.612708057485E-16,-2.));
#14862 = LINE('',#14863,#14864);
#14863 = CARTESIAN_POINT('',(-0.45,3.612708057485E-16,0.3));
#14864 = VECTOR('',#14865,1.);
#14865 = DIRECTION('',(0.,0.,-1.));
#14866 = ORIENTED_EDGE('',*,*,#14867,.T.);
#14867 = EDGE_CURVE('',#14860,#14860,#14868,.T.);
#14868 = CIRCLE('',#14869,0.45);
#14869 = AXIS2_PLACEMENT_3D('',#14870,#14871,#14872);
#14870 = CARTESIAN_POINT('',(0.,3.061616997868E-16,-2.));
#14871 = DIRECTION('',(0.,0.,1.));
#14872 = DIRECTION('',(-1.,1.224646799147E-16,0.));
#14873 = ORIENTED_EDGE('',*,*,#14859,.F.);
#14874 = CYLINDRICAL_SURFACE('',#14875,0.45);
#14875 = AXIS2_PLACEMENT_3D('',#14876,#14877,#14878);
#14876 = CARTESIAN_POINT('',(0.,3.061616997868E-16,0.3));
#14877 = DIRECTION('',(0.,0.,1.));
#14878 = DIRECTION('',(-1.,1.224646799147E-16,0.));
#14879 = ADVANCED_FACE('',(#14880),#14906,.T.);
#14880 = FACE_BOUND('',#14881,.F.);
#14881 = EDGE_LOOP('',(#14882,#14883,#14891,#14900));
#14882 = ORIENTED_EDGE('',*,*,#14825,.T.);
#14883 = ORIENTED_EDGE('',*,*,#14884,.T.);
#14884 = EDGE_CURVE('',#14818,#14885,#14887,.T.);
#14885 = VERTEX_POINT('',#14886);
#14886 = CARTESIAN_POINT('',(8.089471171693,2.315234765809,
    -1.387778780781E-17));
#14887 = LINE('',#14888,#14889);
#14888 = CARTESIAN_POINT('',(6.541972954737,1.674240016597,0.));
#14889 = VECTOR('',#14890,1.);
#14890 = DIRECTION('',(0.923879532511,0.382683432365,0.));
#14891 = ORIENTED_EDGE('',*,*,#14892,.F.);
#14892 = EDGE_CURVE('',#14893,#14885,#14895,.T.);
#14893 = VERTEX_POINT('',#14894);
#14894 = CARTESIAN_POINT('',(8.089471171693,-2.315234765809,
    -1.387778780781E-17));
#14895 = CIRCLE('',#14896,6.05);
#14896 = AXIS2_PLACEMENT_3D('',#14897,#14898,#14899);
#14897 = CARTESIAN_POINT('',(2.5,0.,-1.387778780781E-17));
#14898 = DIRECTION('',(0.,-0.,-1.));
#14899 = DIRECTION('',(0.923879532511,-0.382683432365,0.));
#14900 = ORIENTED_EDGE('',*,*,#14901,.F.);
#14901 = EDGE_CURVE('',#14808,#14893,#14902,.T.);
#14902 = LINE('',#14903,#14904);
#14903 = CARTESIAN_POINT('',(6.541972954737,-1.674240016597,0.));
#14904 = VECTOR('',#14905,1.);
#14905 = DIRECTION('',(0.923879532511,-0.382683432365,0.));
#14906 = PLANE('',#14907);
#14907 = AXIS2_PLACEMENT_3D('',#14908,#14909,#14910);
#14908 = CARTESIAN_POINT('',(2.5,0.,0.));
#14909 = DIRECTION('',(0.,0.,-1.));
#14910 = DIRECTION('',(0.923879532511,-0.382683432365,0.));
#14911 = ADVANCED_FACE('',(#14912),#14924,.T.);
#14912 = FACE_BOUND('',#14913,.F.);
#14913 = EDGE_LOOP('',(#14914,#14915,#14916,#14923));
#14914 = ORIENTED_EDGE('',*,*,#14843,.T.);
#14915 = ORIENTED_EDGE('',*,*,#14901,.T.);
#14916 = ORIENTED_EDGE('',*,*,#14917,.F.);
#14917 = EDGE_CURVE('',#14885,#14893,#14918,.T.);
#14918 = CIRCLE('',#14919,6.05);
#14919 = AXIS2_PLACEMENT_3D('',#14920,#14921,#14922);
#14920 = CARTESIAN_POINT('',(2.5,0.,-1.387778780781E-17));
#14921 = DIRECTION('',(0.,0.,-1.));
#14922 = DIRECTION('',(0.923879532511,0.382683432365,0.));
#14923 = ORIENTED_EDGE('',*,*,#14884,.F.);
#14924 = PLANE('',#14925);
#14925 = AXIS2_PLACEMENT_3D('',#14926,#14927,#14928);
#14926 = CARTESIAN_POINT('',(2.5,0.,0.));
#14927 = DIRECTION('',(0.,0.,-1.));
#14928 = DIRECTION('',(0.923879532511,0.382683432365,0.));
#14929 = ADVANCED_FACE('',(#14930),#14933,.F.);
#14930 = FACE_BOUND('',#14931,.F.);
#14931 = EDGE_LOOP('',(#14932));
#14932 = ORIENTED_EDGE('',*,*,#14867,.T.);
#14933 = PLANE('',#14934);
#14934 = AXIS2_PLACEMENT_3D('',#14935,#14936,#14937);
#14935 = CARTESIAN_POINT('',(-4.440892098501E-16,2.533105615376E-16,-2.)
  );
#14936 = DIRECTION('',(0.,0.,1.));
#14937 = DIRECTION('',(-1.,1.224646799147E-16,0.));
#14938 = ADVANCED_FACE('',(#14939),#14967,.F.);
#14939 = FACE_BOUND('',#14940,.F.);
#14940 = EDGE_LOOP('',(#14941,#14942,#14951,#14960));
#14941 = ORIENTED_EDGE('',*,*,#14892,.T.);
#14942 = ORIENTED_EDGE('',*,*,#14943,.T.);
#14943 = EDGE_CURVE('',#14885,#14944,#14946,.T.);
#14944 = VERTEX_POINT('',#14945);
#14945 = CARTESIAN_POINT('',(8.274247078196,2.391771452282,0.2));
#14946 = CIRCLE('',#14947,0.2);
#14947 = AXIS2_PLACEMENT_3D('',#14948,#14949,#14950);
#14948 = CARTESIAN_POINT('',(8.089471171693,2.315234765809,0.2));
#14949 = DIRECTION('',(0.382683432365,-0.923879532511,
    -1.972152263053E-31));
#14950 = DIRECTION('',(-4.102849315896E-15,-1.699455831017E-15,-1.));
#14951 = ORIENTED_EDGE('',*,*,#14952,.F.);
#14952 = EDGE_CURVE('',#14953,#14944,#14955,.T.);
#14953 = VERTEX_POINT('',#14954);
#14954 = CARTESIAN_POINT('',(8.274247078196,-2.391771452282,0.2));
#14955 = CIRCLE('',#14956,6.25);
#14956 = AXIS2_PLACEMENT_3D('',#14957,#14958,#14959);
#14957 = CARTESIAN_POINT('',(2.5,0.,0.2));
#14958 = DIRECTION('',(0.,-0.,-1.));
#14959 = DIRECTION('',(0.923879532511,-0.382683432365,0.));
#14960 = ORIENTED_EDGE('',*,*,#14961,.F.);
#14961 = EDGE_CURVE('',#14893,#14953,#14962,.T.);
#14962 = CIRCLE('',#14963,0.2);
#14963 = AXIS2_PLACEMENT_3D('',#14964,#14965,#14966);
#14964 = CARTESIAN_POINT('',(8.089471171693,-2.315234765809,0.2));
#14965 = DIRECTION('',(-0.382683432365,-0.923879532511,
    1.972152263053E-31));
#14966 = DIRECTION('',(-4.102849315896E-15,1.699455831017E-15,-1.));
#14967 = SURFACE_OF_REVOLUTION('',#14968,#14973);
#14968 = CIRCLE('',#14969,0.2);
#14969 = AXIS2_PLACEMENT_3D('',#14970,#14971,#14972);
#14970 = CARTESIAN_POINT('',(8.089471171693,-2.315234765809,0.2));
#14971 = DIRECTION('',(-0.382683432365,-0.923879532511,0.));
#14972 = DIRECTION('',(-4.102849315896E-15,1.699455831017E-15,-1.));
#14973 = AXIS1_PLACEMENT('',#14974,#14975);
#14974 = CARTESIAN_POINT('',(2.5,0.,0.));
#14975 = DIRECTION('',(0.,0.,-1.));
#14976 = ADVANCED_FACE('',(#14977),#14989,.F.);
#14977 = FACE_BOUND('',#14978,.F.);
#14978 = EDGE_LOOP('',(#14979,#14980,#14981,#14988));
#14979 = ORIENTED_EDGE('',*,*,#14917,.T.);
#14980 = ORIENTED_EDGE('',*,*,#14961,.T.);
#14981 = ORIENTED_EDGE('',*,*,#14982,.F.);
#14982 = EDGE_CURVE('',#14944,#14953,#14983,.T.);
#14983 = CIRCLE('',#14984,6.25);
#14984 = AXIS2_PLACEMENT_3D('',#14985,#14986,#14987);
#14985 = CARTESIAN_POINT('',(2.5,0.,0.2));
#14986 = DIRECTION('',(0.,0.,-1.));
#14987 = DIRECTION('',(0.923879532511,0.382683432365,0.));
#14988 = ORIENTED_EDGE('',*,*,#14943,.F.);
#14989 = SURFACE_OF_REVOLUTION('',#14990,#14995);
#14990 = CIRCLE('',#14991,0.2);
#14991 = AXIS2_PLACEMENT_3D('',#14992,#14993,#14994);
#14992 = CARTESIAN_POINT('',(8.089471171693,2.315234765809,0.2));
#14993 = DIRECTION('',(0.382683432365,-0.923879532511,1.972152263054E-31
    ));
#14994 = DIRECTION('',(-4.102849315896E-15,-1.699455831017E-15,-1.));
#14995 = AXIS1_PLACEMENT('',#14996,#14997);
#14996 = CARTESIAN_POINT('',(2.5,0.,0.));
#14997 = DIRECTION('',(0.,0.,-1.));
#14998 = ADVANCED_FACE('',(#14999),#15056,.T.);
#14999 = FACE_BOUND('',#15000,.T.);
#15000 = EDGE_LOOP('',(#15001,#15043,#15049,#15050));
#15001 = ORIENTED_EDGE('',*,*,#15002,.T.);
#15002 = EDGE_CURVE('',#15003,#15005,#15007,.T.);
#15003 = VERTEX_POINT('',#15004);
#15004 = CARTESIAN_POINT('',(8.274247078196,-2.391771452282,
    1.064979142851));
#15005 = VERTEX_POINT('',#15006);
#15006 = CARTESIAN_POINT('',(8.274247078196,2.391771452282,
    1.064979142851));
#15007 = B_SPLINE_CURVE_WITH_KNOTS('',12,(#15008,#15009,#15010,#15011,
    #15012,#15013,#15014,#15015,#15016,#15017,#15018,#15019,#15020,
    #15021,#15022,#15023,#15024,#15025,#15026,#15027,#15028,#15029,
    #15030,#15031,#15032,#15033,#15034,#15035,#15036,#15037,#15038,
    #15039,#15040,#15041,#15042),.UNSPECIFIED.,.F.,.F.,(13,11,11,13),(
    -1.464039103958,-9.682136741315E-16,34.361169648639,35.825208752597)
  ,.UNSPECIFIED.);
#15008 = CARTESIAN_POINT('',(8.834510587615,-1.039175689339,
    1.064979142851));
#15009 = CARTESIAN_POINT('',(8.787498408479,-1.152673129806,
    1.064979142851));
#15010 = CARTESIAN_POINT('',(8.740545057225,-1.266028547203,
    1.064979142851));
#15011 = CARTESIAN_POINT('',(8.693650533852,-1.379241941529,
    1.064979142851));
#15012 = CARTESIAN_POINT('',(8.646814838362,-1.492313312785,
    1.064979142851));
#15013 = CARTESIAN_POINT('',(8.600037970754,-1.605242660969,
    1.064979142851));
#15014 = CARTESIAN_POINT('',(8.553319931028,-1.718029986083,
    1.064979142851));
#15015 = CARTESIAN_POINT('',(8.506660719184,-1.830675288126,
    1.064979142851));
#15016 = CARTESIAN_POINT('',(8.460060335222,-1.943178567099,
    1.064979142851));
#15017 = CARTESIAN_POINT('',(8.413518779143,-2.055539823001,
    1.064979142851));
#15018 = CARTESIAN_POINT('',(8.367036050945,-2.167759055832,
    1.064979142851));
#15019 = CARTESIAN_POINT('',(8.320612150629,-2.279836265592,
    1.064979142851));
#15020 = CARTESIAN_POINT('',(7.186053384902,-5.018903425121,
    1.064979142851));
#15021 = CARTESIAN_POINT('',(4.776733295078,-7.145973776757,
    1.064979179797));
#15022 = CARTESIAN_POINT('',(1.298912423607,-7.988650647444,
    1.064978655247));
#15023 = CARTESIAN_POINT('',(-2.430369316395,-6.892486753831,
    1.064980759306));
#15024 = CARTESIAN_POINT('',(-5.206969579472,-4.156838900279,
    1.06497611315));
#15025 = CARTESIAN_POINT('',(-6.598654226818,9.018119584425E-12,
    1.064982832675));
#15026 = CARTESIAN_POINT('',(-5.206969579471,4.156838900263,
    1.06497611315));
#15027 = CARTESIAN_POINT('',(-2.430369316396,6.892486753842,
    1.064980759307));
#15028 = CARTESIAN_POINT('',(1.298912423608,7.988650647438,
    1.064978655246));
#15029 = CARTESIAN_POINT('',(4.776733295077,7.145973776759,
    1.064979179798));
#15030 = CARTESIAN_POINT('',(7.186053384902,5.01890342512,1.064979142851
    ));
#15031 = CARTESIAN_POINT('',(8.320612150629,2.279836265592,
    1.064979142851));
#15032 = CARTESIAN_POINT('',(8.367036050945,2.167759055832,
    1.064979142851));
#15033 = CARTESIAN_POINT('',(8.413518779143,2.055539823001,
    1.064979142851));
#15034 = CARTESIAN_POINT('',(8.460060335222,1.943178567099,
    1.064979142851));
#15035 = CARTESIAN_POINT('',(8.506660719184,1.830675288126,
    1.064979142851));
#15036 = CARTESIAN_POINT('',(8.553319931028,1.718029986083,
    1.064979142851));
#15037 = CARTESIAN_POINT('',(8.600037970754,1.605242660969,
    1.064979142851));
#15038 = CARTESIAN_POINT('',(8.646814838362,1.492313312785,
    1.064979142851));
#15039 = CARTESIAN_POINT('',(8.693650533852,1.379241941529,
    1.064979142851));
#15040 = CARTESIAN_POINT('',(8.740545057224,1.266028547203,
    1.064979142851));
#15041 = CARTESIAN_POINT('',(8.787498408479,1.152673129806,
    1.064979142851));
#15042 = CARTESIAN_POINT('',(8.834510587615,1.039175689339,
    1.064979142851));
#15043 = ORIENTED_EDGE('',*,*,#15044,.F.);
#15044 = EDGE_CURVE('',#14944,#15005,#15045,.T.);
#15045 = LINE('',#15046,#15047);
#15046 = CARTESIAN_POINT('',(8.274247078196,2.391771452282,0.2));
#15047 = VECTOR('',#15048,1.);
#15048 = DIRECTION('',(0.,0.,1.));
#15049 = ORIENTED_EDGE('',*,*,#14952,.F.);
#15050 = ORIENTED_EDGE('',*,*,#15051,.T.);
#15051 = EDGE_CURVE('',#14953,#15003,#15052,.T.);
#15052 = LINE('',#15053,#15054);
#15053 = CARTESIAN_POINT('',(8.274247078196,-2.391771452282,0.2));
#15054 = VECTOR('',#15055,1.);
#15055 = DIRECTION('',(0.,0.,1.));
#15056 = CYLINDRICAL_SURFACE('',#15057,6.25);
#15057 = AXIS2_PLACEMENT_3D('',#15058,#15059,#15060);
#15058 = CARTESIAN_POINT('',(2.5,0.,0.2));
#15059 = DIRECTION('',(0.,0.,1.));
#15060 = DIRECTION('',(0.923879532511,-0.382683432365,0.));
#15061 = ADVANCED_FACE('',(#15062),#15084,.T.);
#15062 = FACE_BOUND('',#15063,.T.);
#15063 = EDGE_LOOP('',(#15064,#15081,#15082,#15083));
#15064 = ORIENTED_EDGE('',*,*,#15065,.T.);
#15065 = EDGE_CURVE('',#15005,#15003,#15066,.T.);
#15066 = B_SPLINE_CURVE_WITH_KNOTS('',5,(#15067,#15068,#15069,#15070,
    #15071,#15072,#15073,#15074,#15075,#15076,#15077,#15078,#15079,
    #15080),.UNSPECIFIED.,.F.,.F.,(6,4,4,6),(-0.298533671706,
    -3.349833251669E-07,4.908738856217,5.207271732266),.UNSPECIFIED.);
#15067 = CARTESIAN_POINT('',(8.160003315298,2.667580293815,
    1.064979142851));
#15068 = CARTESIAN_POINT('',(8.182852074634,2.612418509196,
    1.064979142851));
#15069 = CARTESIAN_POINT('',(8.205700830509,2.557256732934,
    1.064979142851));
#15070 = CARTESIAN_POINT('',(8.228549582923,2.502094965028,
    1.064979142851));
#15071 = CARTESIAN_POINT('',(8.251398331875,2.446933205478,
    1.064979142851));
#15072 = CARTESIAN_POINT('',(8.649945596309,1.484754995379,
    1.064979142851));
#15073 = CARTESIAN_POINT('',(8.847596865121,0.503978143055,
    1.064979142851));
#15074 = CARTESIAN_POINT('',(8.847598228196,-0.503974888517,
    1.064979142851));
#15075 = CARTESIAN_POINT('',(8.649946289884,-1.48475332094,
    1.064979142851));
#15076 = CARTESIAN_POINT('',(8.251398324952,-2.446933222191,
    1.064979142851));
#15077 = CARTESIAN_POINT('',(8.228549572539,-2.502094990097,
    1.064979142851));
#15078 = CARTESIAN_POINT('',(8.205700820125,-2.557256758003,
    1.064979142851));
#15079 = CARTESIAN_POINT('',(8.182852067712,-2.612418525909,
    1.064979142851));
#15080 = CARTESIAN_POINT('',(8.160003315298,-2.667580293815,
    1.064979142851));
#15081 = ORIENTED_EDGE('',*,*,#15051,.F.);
#15082 = ORIENTED_EDGE('',*,*,#14982,.F.);
#15083 = ORIENTED_EDGE('',*,*,#15044,.T.);
#15084 = CYLINDRICAL_SURFACE('',#15085,6.25);
#15085 = AXIS2_PLACEMENT_3D('',#15086,#15087,#15088);
#15086 = CARTESIAN_POINT('',(2.5,0.,0.2));
#15087 = DIRECTION('',(0.,0.,1.));
#15088 = DIRECTION('',(0.923879532511,0.382683432365,-0.));
#15089 = ADVANCED_FACE('',(#15090),#15157,.T.);
#15090 = FACE_BOUND('',#15091,.T.);
#15091 = EDGE_LOOP('',(#15092,#15105,#15145,#15156));
#15092 = ORIENTED_EDGE('',*,*,#15093,.T.);
#15093 = EDGE_CURVE('',#15003,#15094,#15096,.T.);
#15094 = VERTEX_POINT('',#15095);
#15095 = CARTESIAN_POINT('',(8.199994785356,-2.36101514555,
    1.269338405373));
#15096 = B_SPLINE_CURVE_WITH_KNOTS('',7,(#15097,#15098,#15099,#15100,
    #15101,#15102,#15103,#15104),.UNSPECIFIED.,.F.,.F.,(8,8),(0.,1.),
  .PIECEWISE_BEZIER_KNOTS.);
#15097 = CARTESIAN_POINT('',(8.274247078196,-2.391771452282,
    1.064979142851));
#15098 = CARTESIAN_POINT('',(8.274247078134,-2.391771452256,
    1.096354693756));
#15099 = CARTESIAN_POINT('',(8.270709789351,-2.390306259269,
    1.128451091714));
#15100 = CARTESIAN_POINT('',(8.263345460372,-2.387255854328,
    1.160459841089));
#15101 = CARTESIAN_POINT('',(8.252103963761,-2.38259947397,
    1.191399006321));
#15102 = CARTESIAN_POINT('',(8.237350857192,-2.376488537142,
    1.220262489232));
#15103 = CARTESIAN_POINT('',(8.219740814653,-2.369194218688,
    1.246368375243));
#15104 = CARTESIAN_POINT('',(8.199994785356,-2.36101514555,
    1.269338405373));
#15105 = ORIENTED_EDGE('',*,*,#15106,.T.);
#15106 = EDGE_CURVE('',#15094,#15107,#15109,.T.);
#15107 = VERTEX_POINT('',#15108);
#15108 = CARTESIAN_POINT('',(8.199994785356,2.36101514555,1.269338405373
    ));
#15109 = B_SPLINE_CURVE_WITH_KNOTS('',12,(#15110,#15111,#15112,#15113,
    #15114,#15115,#15116,#15117,#15118,#15119,#15120,#15121,#15122,
    #15123,#15124,#15125,#15126,#15127,#15128,#15129,#15130,#15131,
    #15132,#15133,#15134,#15135,#15136,#15137,#15138,#15139,#15140,
    #15141,#15142,#15143,#15144),.UNSPECIFIED.,.F.,.F.,(13,11,11,13),(
    -1.464039103958,-9.682136741315E-16,34.361169648639,35.825208752597)
  ,.UNSPECIFIED.);
#15110 = CARTESIAN_POINT('',(8.760258294776,-1.008419382607,
    1.269338405373));
#15111 = CARTESIAN_POINT('',(8.712649897139,-1.123356221866,
    1.269338405373));
#15112 = CARTESIAN_POINT('',(8.665208730747,-1.237889329182,
    1.269338405373));
#15113 = CARTESIAN_POINT('',(8.617934795602,-1.352018704557,
    1.269338405373));
#15114 = CARTESIAN_POINT('',(8.570828091702,-1.46574434799,
    1.269338405373));
#15115 = CARTESIAN_POINT('',(8.523888619049,-1.579066259481,
    1.269338405373));
#15116 = CARTESIAN_POINT('',(8.477116377641,-1.69198443903,
    1.269338405373));
#15117 = CARTESIAN_POINT('',(8.430511367479,-1.804498886638,
    1.269338405373));
#15118 = CARTESIAN_POINT('',(8.384073588562,-1.916609602304,
    1.269338405373));
#15119 = CARTESIAN_POINT('',(8.337803040892,-2.028316586028,
    1.269338405373));
#15120 = CARTESIAN_POINT('',(8.291699724468,-2.139619837811,
    1.269338405373));
#15121 = CARTESIAN_POINT('',(8.245763639289,-2.250519357651,
    1.269338405373));
#15122 = CARTESIAN_POINT('',(7.125794410271,-4.954364259787,
    1.269338405373));
#15123 = CARTESIAN_POINT('',(4.747402641958,-7.054273059449,
    1.269338398874));
#15124 = CARTESIAN_POINT('',(1.313962711062,-7.88563360873,
    1.269338491137));
#15125 = CARTESIAN_POINT('',(-2.366005502968,-6.803844947599,
    1.269338121059));
#15126 = CARTESIAN_POINT('',(-5.108771430237,-4.103735310607,
    1.269338938257));
#15127 = CARTESIAN_POINT('',(-6.480934054877,5.12390130325E-12,
    1.269337756383));
#15128 = CARTESIAN_POINT('',(-5.108771430237,4.103735310598,
    1.269338938256));
#15129 = CARTESIAN_POINT('',(-2.366005502968,6.803844947605,
    1.26933812106));
#15130 = CARTESIAN_POINT('',(1.313962711063,7.885633608727,
    1.269338491136));
#15131 = CARTESIAN_POINT('',(4.747402641958,7.05427305945,1.269338398874
    ));
#15132 = CARTESIAN_POINT('',(7.125794410271,4.954364259787,
    1.269338405373));
#15133 = CARTESIAN_POINT('',(8.245763639289,2.250519357651,
    1.269338405373));
#15134 = CARTESIAN_POINT('',(8.291699724468,2.139619837811,
    1.269338405373));
#15135 = CARTESIAN_POINT('',(8.337803040892,2.028316586028,
    1.269338405373));
#15136 = CARTESIAN_POINT('',(8.384073588562,1.916609602304,
    1.269338405373));
#15137 = CARTESIAN_POINT('',(8.430511367479,1.804498886638,
    1.269338405373));
#15138 = CARTESIAN_POINT('',(8.477116377641,1.69198443903,1.269338405373
    ));
#15139 = CARTESIAN_POINT('',(8.523888619049,1.579066259481,
    1.269338405373));
#15140 = CARTESIAN_POINT('',(8.570828091702,1.465744347989,
    1.269338405373));
#15141 = CARTESIAN_POINT('',(8.617934795602,1.352018704557,
    1.269338405373));
#15142 = CARTESIAN_POINT('',(8.665208730747,1.237889329182,
    1.269338405373));
#15143 = CARTESIAN_POINT('',(8.712649897138,1.123356221865,
    1.269338405373));
#15144 = CARTESIAN_POINT('',(8.760258294775,1.008419382607,
    1.269338405373));
#15145 = ORIENTED_EDGE('',*,*,#15146,.F.);
#15146 = EDGE_CURVE('',#15005,#15107,#15147,.T.);
#15147 = B_SPLINE_CURVE_WITH_KNOTS('',7,(#15148,#15149,#15150,#15151,
    #15152,#15153,#15154,#15155),.UNSPECIFIED.,.F.,.F.,(8,8),(0.,1.),
  .PIECEWISE_BEZIER_KNOTS.);
#15148 = CARTESIAN_POINT('',(8.274247078196,2.391771452282,
    1.064979142851));
#15149 = CARTESIAN_POINT('',(8.274247078134,2.391771452256,
    1.096354693756));
#15150 = CARTESIAN_POINT('',(8.270709789351,2.390306259269,
    1.128451091714));
#15151 = CARTESIAN_POINT('',(8.263345460372,2.387255854327,
    1.160459841089));
#15152 = CARTESIAN_POINT('',(8.252103963761,2.38259947397,1.191399006321
    ));
#15153 = CARTESIAN_POINT('',(8.237350857192,2.376488537142,
    1.220262489232));
#15154 = CARTESIAN_POINT('',(8.219740814653,2.369194218688,
    1.246368375243));
#15155 = CARTESIAN_POINT('',(8.199994785356,2.36101514555,1.269338405373
    ));
#15156 = ORIENTED_EDGE('',*,*,#15002,.F.);
#15157 = ( BOUNDED_SURFACE() B_SPLINE_SURFACE(2,12,(
    (#15158,#15159,#15160,#15161,#15162,#15163,#15164,#15165,#15166
      ,#15167,#15168,#15169,#15170,#15171,#15172,#15173,#15174,#15175
      ,#15176,#15177,#15178,#15179,#15180,#15181,#15182,#15183,#15184
      ,#15185,#15186,#15187,#15188,#15189,#15190,#15191,#15192)
    ,(#15193,#15194,#15195,#15196,#15197,#15198,#15199,#15200,#15201
      ,#15202,#15203,#15204,#15205,#15206,#15207,#15208,#15209,#15210
      ,#15211,#15212,#15213,#15214,#15215,#15216,#15217,#15218,#15219
      ,#15220,#15221,#15222,#15223,#15224,#15225,#15226,#15227)
    ,(#15228,#15229,#15230,#15231,#15232,#15233,#15234,#15235,#15236
      ,#15237,#15238,#15239,#15240,#15241,#15242,#15243,#15244,#15245
      ,#15246,#15247,#15248,#15249,#15250,#15251,#15252,#15253,#15254
      ,#15255,#15256,#15257,#15258,#15259,#15260,#15261,#15262
)),.UNSPECIFIED.,.F.,.F.,.F.) B_SPLINE_SURFACE_WITH_KNOTS((3,3),(13,11,
    11,13),(0.,34.361169648639),(-1.464039103958,-9.682136741315E-16,
    34.361169648639,35.825208752597),.UNSPECIFIED.) 
GEOMETRIC_REPRESENTATION_ITEM() RATIONAL_B_SPLINE_SURFACE((
    (1.,1.,1.,1.,1.,1.,1.,1.,1.,1.,1.,1.,1.,1.,1.,1.,1.,1.,1.,1.,1.,1.
      ,1.,1.,1.,1.,1.,1.,1.,1.,1.,1.,1.,1.,1.)
    ,(0.93061798229,0.93061798229,0.93061798229,0.93061798229
      ,0.93061798229,0.93061798229,0.93061798229,0.93061798229
      ,0.93061798229,0.93061798229,0.93061798229,0.93061798229
      ,0.93061798229,0.930618018488,0.930617504559,0.930619566012
      ,0.93061501394,0.930621597395,0.93061501394,0.930619566012
      ,0.930617504559,0.930618018488,0.93061798229,0.93061798229
      ,0.93061798229,0.93061798229,0.93061798229,0.93061798229
      ,0.93061798229,0.93061798229,0.93061798229,0.93061798229
      ,0.93061798229,0.93061798229,0.93061798229)
    ,(1.,1.,1.,1.,1.,1.,1.,1.,1.,1.,1.,1.,1.,1.,1.,1.,1.,1.,1.,1.,1.,1.
,1.,1.,1.,1.,1.,1.,1.,1.,1.,1.,1.,1.,1.
))) REPRESENTATION_ITEM('') SURFACE() );
#15158 = CARTESIAN_POINT('',(8.834510587615,-1.039175689339,
    1.064979142851));
#15159 = CARTESIAN_POINT('',(8.787498408479,-1.152673129806,
    1.064979142851));
#15160 = CARTESIAN_POINT('',(8.740545057225,-1.266028547203,
    1.064979142851));
#15161 = CARTESIAN_POINT('',(8.693650533852,-1.379241941529,
    1.064979142851));
#15162 = CARTESIAN_POINT('',(8.646814838362,-1.492313312785,
    1.064979142851));
#15163 = CARTESIAN_POINT('',(8.600037970754,-1.605242660969,
    1.064979142851));
#15164 = CARTESIAN_POINT('',(8.553319931028,-1.718029986083,
    1.064979142851));
#15165 = CARTESIAN_POINT('',(8.506660719184,-1.830675288126,
    1.064979142851));
#15166 = CARTESIAN_POINT('',(8.460060335222,-1.943178567099,
    1.064979142851));
#15167 = CARTESIAN_POINT('',(8.413518779143,-2.055539823001,
    1.064979142851));
#15168 = CARTESIAN_POINT('',(8.367036050945,-2.167759055832,
    1.064979142851));
#15169 = CARTESIAN_POINT('',(8.320612150629,-2.279836265592,
    1.064979142851));
#15170 = CARTESIAN_POINT('',(7.186053384902,-5.018903425121,
    1.064979142851));
#15171 = CARTESIAN_POINT('',(4.776733295078,-7.145973776757,
    1.064979179797));
#15172 = CARTESIAN_POINT('',(1.298912423607,-7.988650647444,
    1.064978655247));
#15173 = CARTESIAN_POINT('',(-2.430369316395,-6.892486753831,
    1.064980759306));
#15174 = CARTESIAN_POINT('',(-5.206969579472,-4.156838900279,
    1.06497611315));
#15175 = CARTESIAN_POINT('',(-6.598654226818,9.018119584425E-12,
    1.064982832675));
#15176 = CARTESIAN_POINT('',(-5.206969579471,4.156838900263,
    1.06497611315));
#15177 = CARTESIAN_POINT('',(-2.430369316396,6.892486753842,
    1.064980759307));
#15178 = CARTESIAN_POINT('',(1.298912423608,7.988650647438,
    1.064978655246));
#15179 = CARTESIAN_POINT('',(4.776733295077,7.145973776759,
    1.064979179798));
#15180 = CARTESIAN_POINT('',(7.186053384902,5.01890342512,1.064979142851
    ));
#15181 = CARTESIAN_POINT('',(8.320612150629,2.279836265592,
    1.064979142851));
#15182 = CARTESIAN_POINT('',(8.367036050945,2.167759055832,
    1.064979142851));
#15183 = CARTESIAN_POINT('',(8.413518779143,2.055539823001,
    1.064979142851));
#15184 = CARTESIAN_POINT('',(8.460060335222,1.943178567099,
    1.064979142851));
#15185 = CARTESIAN_POINT('',(8.506660719184,1.830675288126,
    1.064979142851));
#15186 = CARTESIAN_POINT('',(8.553319931028,1.718029986083,
    1.064979142851));
#15187 = CARTESIAN_POINT('',(8.600037970754,1.605242660969,
    1.064979142851));
#15188 = CARTESIAN_POINT('',(8.646814838362,1.492313312785,
    1.064979142851));
#15189 = CARTESIAN_POINT('',(8.693650533852,1.379241941529,
    1.064979142851));
#15190 = CARTESIAN_POINT('',(8.740545057224,1.266028547203,
    1.064979142851));
#15191 = CARTESIAN_POINT('',(8.787498408479,1.152673129806,
    1.064979142851));
#15192 = CARTESIAN_POINT('',(8.834510587615,1.039175689339,
    1.064979142851));
#15193 = CARTESIAN_POINT('',(8.834510587615,-1.039175689339,
    1.182962690499));
#15194 = CARTESIAN_POINT('',(8.787498408479,-1.152673129806,
    1.182962690499));
#15195 = CARTESIAN_POINT('',(8.740545057225,-1.266028547203,
    1.182962690499));
#15196 = CARTESIAN_POINT('',(8.693650533853,-1.379241941529,
    1.182962690499));
#15197 = CARTESIAN_POINT('',(8.646814838362,-1.492313312785,
    1.182962690499));
#15198 = CARTESIAN_POINT('',(8.600037970754,-1.605242660969,
    1.182962690499));
#15199 = CARTESIAN_POINT('',(8.553319931028,-1.718029986083,
    1.182962690499));
#15200 = CARTESIAN_POINT('',(8.506660719184,-1.830675288126,
    1.182962690499));
#15201 = CARTESIAN_POINT('',(8.460060335223,-1.943178567099,
    1.182962690499));
#15202 = CARTESIAN_POINT('',(8.413518779143,-2.055539823001,
    1.182962690499));
#15203 = CARTESIAN_POINT('',(8.367036050945,-2.167759055832,
    1.182962690499));
#15204 = CARTESIAN_POINT('',(8.320612150629,-2.279836265592,
    1.182962690499));
#15205 = CARTESIAN_POINT('',(7.186053384901,-5.01890342512,
    1.182962690499));
#15206 = CARTESIAN_POINT('',(4.77673296285,-7.145973409654,
    1.182962693185));
#15207 = CARTESIAN_POINT('',(1.298912301697,-7.988654131912,
    1.182962655052));
#15208 = CARTESIAN_POINT('',(-2.430361676772,-6.892476824925,
    1.18296280801));
#15209 = CARTESIAN_POINT('',(-5.206992989525,-4.156850292901,
    1.18296247025));
#15210 = CARTESIAN_POINT('',(-6.598620264921,8.048228750113E-12,
    1.182962958735));
#15211 = CARTESIAN_POINT('',(-5.206992989525,4.156850292887,
    1.18296247025));
#15212 = CARTESIAN_POINT('',(-2.430361676772,6.892476824934,
    1.18296280801));
#15213 = CARTESIAN_POINT('',(1.298912301697,7.988654131908,
    1.182962655052));
#15214 = CARTESIAN_POINT('',(4.77673296285,7.145973409656,1.182962693185
    ));
#15215 = CARTESIAN_POINT('',(7.186053384901,5.01890342512,1.182962690499
    ));
#15216 = CARTESIAN_POINT('',(8.320612150629,2.279836265592,
    1.182962690499));
#15217 = CARTESIAN_POINT('',(8.367036050945,2.167759055832,
    1.182962690499));
#15218 = CARTESIAN_POINT('',(8.413518779143,2.055539823001,
    1.182962690499));
#15219 = CARTESIAN_POINT('',(8.460060335222,1.943178567099,
    1.182962690499));
#15220 = CARTESIAN_POINT('',(8.506660719184,1.830675288127,
    1.182962690499));
#15221 = CARTESIAN_POINT('',(8.553319931028,1.718029986083,
    1.182962690499));
#15222 = CARTESIAN_POINT('',(8.600037970754,1.605242660969,
    1.182962690499));
#15223 = CARTESIAN_POINT('',(8.646814838362,1.492313312785,
    1.182962690499));
#15224 = CARTESIAN_POINT('',(8.693650533853,1.379241941529,
    1.182962690499));
#15225 = CARTESIAN_POINT('',(8.740545057225,1.266028547203,
    1.182962690499));
#15226 = CARTESIAN_POINT('',(8.787498408479,1.152673129806,
    1.182962690499));
#15227 = CARTESIAN_POINT('',(8.834510587615,1.039175689339,
    1.182962690499));
#15228 = CARTESIAN_POINT('',(8.760258294776,-1.008419382607,
    1.269338405373));
#15229 = CARTESIAN_POINT('',(8.712649897139,-1.123356221866,
    1.269338405373));
#15230 = CARTESIAN_POINT('',(8.665208730747,-1.237889329182,
    1.269338405373));
#15231 = CARTESIAN_POINT('',(8.617934795602,-1.352018704557,
    1.269338405373));
#15232 = CARTESIAN_POINT('',(8.570828091702,-1.46574434799,
    1.269338405373));
#15233 = CARTESIAN_POINT('',(8.523888619049,-1.579066259481,
    1.269338405373));
#15234 = CARTESIAN_POINT('',(8.477116377641,-1.69198443903,
    1.269338405373));
#15235 = CARTESIAN_POINT('',(8.430511367479,-1.804498886638,
    1.269338405373));
#15236 = CARTESIAN_POINT('',(8.384073588562,-1.916609602304,
    1.269338405373));
#15237 = CARTESIAN_POINT('',(8.337803040892,-2.028316586028,
    1.269338405373));
#15238 = CARTESIAN_POINT('',(8.291699724468,-2.139619837811,
    1.269338405373));
#15239 = CARTESIAN_POINT('',(8.245763639289,-2.250519357651,
    1.269338405373));
#15240 = CARTESIAN_POINT('',(7.125794410271,-4.954364259787,
    1.269338405373));
#15241 = CARTESIAN_POINT('',(4.747402641958,-7.054273059449,
    1.269338398874));
#15242 = CARTESIAN_POINT('',(1.313962711062,-7.88563360873,
    1.269338491137));
#15243 = CARTESIAN_POINT('',(-2.366005502968,-6.803844947599,
    1.269338121059));
#15244 = CARTESIAN_POINT('',(-5.108771430237,-4.103735310607,
    1.269338938257));
#15245 = CARTESIAN_POINT('',(-6.480934054877,5.12390130325E-12,
    1.269337756383));
#15246 = CARTESIAN_POINT('',(-5.108771430237,4.103735310598,
    1.269338938256));
#15247 = CARTESIAN_POINT('',(-2.366005502968,6.803844947605,
    1.26933812106));
#15248 = CARTESIAN_POINT('',(1.313962711063,7.885633608727,
    1.269338491136));
#15249 = CARTESIAN_POINT('',(4.747402641958,7.05427305945,1.269338398874
    ));
#15250 = CARTESIAN_POINT('',(7.125794410271,4.954364259787,
    1.269338405373));
#15251 = CARTESIAN_POINT('',(8.245763639289,2.250519357651,
    1.269338405373));
#15252 = CARTESIAN_POINT('',(8.291699724468,2.139619837811,
    1.269338405373));
#15253 = CARTESIAN_POINT('',(8.337803040892,2.028316586028,
    1.269338405373));
#15254 = CARTESIAN_POINT('',(8.384073588562,1.916609602304,
    1.269338405373));
#15255 = CARTESIAN_POINT('',(8.430511367479,1.804498886638,
    1.269338405373));
#15256 = CARTESIAN_POINT('',(8.477116377641,1.69198443903,1.269338405373
    ));
#15257 = CARTESIAN_POINT('',(8.523888619049,1.579066259481,
    1.269338405373));
#15258 = CARTESIAN_POINT('',(8.570828091702,1.465744347989,
    1.269338405373));
#15259 = CARTESIAN_POINT('',(8.617934795602,1.352018704557,
    1.269338405373));
#15260 = CARTESIAN_POINT('',(8.665208730747,1.237889329182,
    1.269338405373));
#15261 = CARTESIAN_POINT('',(8.712649897138,1.123356221865,
    1.269338405373));
#15262 = CARTESIAN_POINT('',(8.760258294775,1.008419382607,
    1.269338405373));
#15263 = ADVANCED_FACE('',(#15264),#15362,.T.);
#15264 = FACE_BOUND('',#15265,.T.);
#15265 = EDGE_LOOP('',(#15266,#15267,#15268,#15287,#15312,#15319,#15344,
    #15361));
#15266 = ORIENTED_EDGE('',*,*,#15065,.F.);
#15267 = ORIENTED_EDGE('',*,*,#15146,.T.);
#15268 = ORIENTED_EDGE('',*,*,#15269,.T.);
#15269 = EDGE_CURVE('',#15107,#15270,#15272,.T.);
#15270 = VERTEX_POINT('',#15271);
#15271 = CARTESIAN_POINT('',(8.668861107028,9.721097626201E-02,
    1.269338405373));
#15272 = B_SPLINE_CURVE_WITH_KNOTS('',5,(#15273,#15274,#15275,#15276,
    #15277,#15278,#15279,#15280,#15281,#15282,#15283,#15284,#15285,
    #15286),.UNSPECIFIED.,.F.,.F.,(6,4,4,6),(-0.298533671706,
    -3.349833251669E-07,4.908738856217,5.207271732266),.UNSPECIFIED.);
#15273 = CARTESIAN_POINT('',(8.085751024298,2.636823983183,
    1.269338405373));
#15274 = CARTESIAN_POINT('',(8.108893600806,2.580952861055,
    1.269338405373));
#15275 = CARTESIAN_POINT('',(8.131889265247,2.525436416031,
    1.269338405373));
#15276 = CARTESIAN_POINT('',(8.154738017623,2.470274648109,
    1.269338405373));
#15277 = CARTESIAN_POINT('',(8.177439857932,2.41546755729,1.269338405373
    ));
#15278 = CARTESIAN_POINT('',(8.570862111871,1.465662215158,
    1.269338405373));
#15279 = CARTESIAN_POINT('',(8.765971747091,0.49749744589,1.269338405373
    ));
#15280 = CARTESIAN_POINT('',(8.765973070929,-0.497494299629,
    1.269338405373));
#15281 = CARTESIAN_POINT('',(8.570862814366,-1.465660519186,
    1.269338405373));
#15282 = CARTESIAN_POINT('',(8.177439850013,-2.415467576406,
    1.269338405373));
#15283 = CARTESIAN_POINT('',(8.154738005745,-2.470274676784,
    1.269338405373));
#15284 = CARTESIAN_POINT('',(8.13188925337,-2.525436444705,
    1.269338405373));
#15285 = CARTESIAN_POINT('',(8.108893592887,-2.580952880172,
    1.269338405373));
#15286 = CARTESIAN_POINT('',(8.085751024298,-2.636823983183,
    1.269338405373));
#15287 = ORIENTED_EDGE('',*,*,#15288,.T.);
#15288 = EDGE_CURVE('',#15270,#15289,#15291,.T.);
#15289 = VERTEX_POINT('',#15290);
#15290 = CARTESIAN_POINT('',(8.686147937598,9.999999999993E-04,1.25));
#15291 = B_SPLINE_CURVE_WITH_KNOTS('',7,(#15292,#15293,#15294,#15295,
    #15296,#15297,#15298,#15299,#15300,#15301,#15302,#15303,#15304,
    #15305,#15306,#15307,#15308,#15309,#15310,#15311),.UNSPECIFIED.,.F.,
  .F.,(8,6,6,8),(0.,0.498268823592,0.692388467938,1.),.UNSPECIFIED.);
#15292 = CARTESIAN_POINT('',(8.668861107028,9.721097626201E-02,
    1.269338405373));
#15293 = CARTESIAN_POINT('',(8.670560852777,9.302031176149E-02,
    1.267582831463));
#15294 = CARTESIAN_POINT('',(8.672216647915,8.861388782225E-02,
    1.265841698618));
#15295 = CARTESIAN_POINT('',(8.673826378859,8.396242932987E-02,
    1.264119107456));
#15296 = CARTESIAN_POINT('',(8.675385896585,7.903394864436E-02,
    1.262421498766));
#15297 = CARTESIAN_POINT('',(8.676888331543,7.378178082091E-02,
    1.260758870804));
#15298 = CARTESIAN_POINT('',(8.678325032849,6.815588129906E-02,
    1.259144011868));
#15299 = CARTESIAN_POINT('',(8.680210370248,5.965603897949E-02,
    1.256994811994));
#15300 = CARTESIAN_POINT('',(8.680726659412,5.719928275637E-02,
    1.256402787054));
#15301 = CARTESIAN_POINT('',(8.681229780239,5.466169682494E-02,
    1.255822552063));
#15302 = CARTESIAN_POINT('',(8.681718638606,5.203576594389E-02,
    1.255255639396));
#15303 = CARTESIAN_POINT('',(8.682191810151,4.931233974224E-02,
    1.254704005367));
#15304 = CARTESIAN_POINT('',(8.682647424233,4.647940374592E-02,
    1.254170181986));
#15305 = CARTESIAN_POINT('',(8.683773358576,3.883258132592E-02,
    1.252844894693));
#15306 = CARTESIAN_POINT('',(8.684399997281,3.392007302619E-02,
    1.252101137881));
#15307 = CARTESIAN_POINT('',(8.684974597679,2.861646675312E-02,
    1.251414419633));
#15308 = CARTESIAN_POINT('',(8.685485173521,2.277738563169E-02,
    1.250800254457));
#15309 = CARTESIAN_POINT('',(8.685895174812,1.628593769171E-02,
    1.250303861815));
#15310 = CARTESIAN_POINT('',(8.68614663501,9.053485861842E-03,1.25));
#15311 = CARTESIAN_POINT('',(8.686147937598,9.999999999992E-04,1.25));
#15312 = ORIENTED_EDGE('',*,*,#15313,.T.);
#15313 = EDGE_CURVE('',#15289,#15314,#15316,.T.);
#15314 = VERTEX_POINT('',#15315);
#15315 = CARTESIAN_POINT('',(8.686147937806,-1.000000000001E-03,1.25));
#15316 = B_SPLINE_CURVE_WITH_KNOTS('',1,(#15317,#15318),.UNSPECIFIED.,
  .F.,.F.,(2,2),(0.,1.),.PIECEWISE_BEZIER_KNOTS.);
#15317 = CARTESIAN_POINT('',(8.686147937598,9.999999999991E-04,1.25));
#15318 = CARTESIAN_POINT('',(8.686147937806,-1.000000000001E-03,1.25));
#15319 = ORIENTED_EDGE('',*,*,#15320,.T.);
#15320 = EDGE_CURVE('',#15314,#15321,#15323,.T.);
#15321 = VERTEX_POINT('',#15322);
#15322 = CARTESIAN_POINT('',(8.668861127255,-9.721097626202E-02,
    1.269338405373));
#15323 = B_SPLINE_CURVE_WITH_KNOTS('',7,(#15324,#15325,#15326,#15327,
    #15328,#15329,#15330,#15331,#15332,#15333,#15334,#15335,#15336,
    #15337,#15338,#15339,#15340,#15341,#15342,#15343),.UNSPECIFIED.,.F.,
  .F.,(8,6,6,8),(0.,0.318263050799,0.667339750209,1.),.UNSPECIFIED.);
#15324 = CARTESIAN_POINT('',(8.686147937806,-1.000000000001E-03,1.25));
#15325 = CARTESIAN_POINT('',(8.686146594756,-9.314310080555E-03,1.25));
#15326 = CARTESIAN_POINT('',(8.685878625147,-1.676210212701E-02,
    1.250323864858));
#15327 = CARTESIAN_POINT('',(8.68544386113,-2.342679351997E-02,
    1.25085027652));
#15328 = CARTESIAN_POINT('',(8.68490504986,-2.940341734309E-02,
    1.251498088042));
#15329 = CARTESIAN_POINT('',(8.684301271957,-3.481825240822E-02,
    1.252219089783));
#15330 = CARTESIAN_POINT('',(8.683644303262,-3.982845524878E-02,
    1.252997976821));
#15331 = CARTESIAN_POINT('',(8.682124659376,-4.986669274346E-02,
    1.25478392615));
#15332 = CARTESIAN_POINT('',(8.68126735801,-5.472305384793E-02,
    1.255783282191));
#15333 = CARTESIAN_POINT('',(8.680360643948,-5.927896269259E-02,
    1.256830289871));
#15334 = CARTESIAN_POINT('',(8.679411844921,-6.357565460827E-02,
    1.257914743073));
#15335 = CARTESIAN_POINT('',(8.678426789688,-6.765109019934E-02,
    1.259028564705));
#15336 = CARTESIAN_POINT('',(8.677408952967,-7.153195417144E-02,
    1.26016667517));
#15337 = CARTESIAN_POINT('',(8.675360899464,-7.877902835651E-02,
    1.262430457897));
#15338 = CARTESIAN_POINT('',(8.674334266839,-8.215826594859E-02,
    1.263553368136));
#15339 = CARTESIAN_POINT('',(8.673282753376,-8.539878819248E-02,
    1.264690991148));
#15340 = CARTESIAN_POINT('',(8.67220829513,-8.851444263E-02,
    1.265840428035));
#15341 = CARTESIAN_POINT('',(8.671112439003,-9.151590622465E-02,
    1.266999339591));
#15342 = CARTESIAN_POINT('',(8.66999640146,-9.441199543068E-02,
    1.268165842472));
#15343 = CARTESIAN_POINT('',(8.668861127255,-9.721097626202E-02,
    1.269338405373));
#15344 = ORIENTED_EDGE('',*,*,#15345,.T.);
#15345 = EDGE_CURVE('',#15321,#15094,#15346,.T.);
#15346 = B_SPLINE_CURVE_WITH_KNOTS('',5,(#15347,#15348,#15349,#15350,
    #15351,#15352,#15353,#15354,#15355,#15356,#15357,#15358,#15359,
    #15360),.UNSPECIFIED.,.F.,.F.,(6,4,4,6),(-0.298533671706,
    -3.349833251669E-07,4.908738856217,5.207271732266),.UNSPECIFIED.);
#15347 = CARTESIAN_POINT('',(8.085751024298,2.636823983183,
    1.269338405373));
#15348 = CARTESIAN_POINT('',(8.108893600806,2.580952861055,
    1.269338405373));
#15349 = CARTESIAN_POINT('',(8.131889265247,2.525436416031,
    1.269338405373));
#15350 = CARTESIAN_POINT('',(8.154738017623,2.470274648109,
    1.269338405373));
#15351 = CARTESIAN_POINT('',(8.177439857932,2.41546755729,1.269338405373
    ));
#15352 = CARTESIAN_POINT('',(8.570862111871,1.465662215158,
    1.269338405373));
#15353 = CARTESIAN_POINT('',(8.765971747091,0.49749744589,1.269338405373
    ));
#15354 = CARTESIAN_POINT('',(8.765973070929,-0.497494299629,
    1.269338405373));
#15355 = CARTESIAN_POINT('',(8.570862814366,-1.465660519186,
    1.269338405373));
#15356 = CARTESIAN_POINT('',(8.177439850013,-2.415467576406,
    1.269338405373));
#15357 = CARTESIAN_POINT('',(8.154738005745,-2.470274676784,
    1.269338405373));
#15358 = CARTESIAN_POINT('',(8.13188925337,-2.525436444705,
    1.269338405373));
#15359 = CARTESIAN_POINT('',(8.108893592887,-2.580952880172,
    1.269338405373));
#15360 = CARTESIAN_POINT('',(8.085751024298,-2.636823983183,
    1.269338405373));
#15361 = ORIENTED_EDGE('',*,*,#15093,.F.);
#15362 = ( BOUNDED_SURFACE() B_SPLINE_SURFACE(2,5,(
    (#15363,#15364,#15365,#15366,#15367,#15368,#15369,#15370,#15371
      ,#15372,#15373,#15374,#15375,#15376)
    ,(#15377,#15378,#15379,#15380,#15381,#15382,#15383,#15384,#15385
      ,#15386,#15387,#15388,#15389,#15390)
    ,(#15391,#15392,#15393,#15394,#15395,#15396,#15397,#15398,#15399
      ,#15400,#15401,#15402,#15403,#15404
)),.UNSPECIFIED.,.F.,.F.,.F.) B_SPLINE_SURFACE_WITH_KNOTS((3,3),(6,4,4,6
    ),(0.,4.9087391912),(-0.298533671706,-3.349833251669E-07,
    4.908738856217,5.207271732266),.UNSPECIFIED.) 
GEOMETRIC_REPRESENTATION_ITEM() RATIONAL_B_SPLINE_SURFACE((
    (1.,1.,1.,1.,1.,1.,1.,1.,1.,1.,1.,1.,1.,1.)
    ,(0.93061798229,0.93061798229,0.93061798229,0.93061798229
      ,0.93061798229,0.93061798229,0.93061798229,0.93061798229
      ,0.93061798229,0.93061798229,0.93061798229,0.93061798229
      ,0.93061798229,0.93061798229)
,(1.,1.,1.,1.,1.,1.,1.,1.,1.,1.,1.,1.,1.,1.
))) REPRESENTATION_ITEM('') SURFACE() );
#15363 = CARTESIAN_POINT('',(8.160003315298,2.667580293815,
    1.064979142851));
#15364 = CARTESIAN_POINT('',(8.182852074634,2.612418509196,
    1.064979142851));
#15365 = CARTESIAN_POINT('',(8.205700830509,2.557256732934,
    1.064979142851));
#15366 = CARTESIAN_POINT('',(8.228549582923,2.502094965028,
    1.064979142851));
#15367 = CARTESIAN_POINT('',(8.251398331875,2.446933205478,
    1.064979142851));
#15368 = CARTESIAN_POINT('',(8.649945596309,1.484754995379,
    1.064979142851));
#15369 = CARTESIAN_POINT('',(8.847596865121,0.503978143055,
    1.064979142851));
#15370 = CARTESIAN_POINT('',(8.847598228196,-0.503974888517,
    1.064979142851));
#15371 = CARTESIAN_POINT('',(8.649946289884,-1.48475332094,
    1.064979142851));
#15372 = CARTESIAN_POINT('',(8.251398324952,-2.446933222191,
    1.064979142851));
#15373 = CARTESIAN_POINT('',(8.228549572539,-2.502094990097,
    1.064979142851));
#15374 = CARTESIAN_POINT('',(8.205700820125,-2.557256758003,
    1.064979142851));
#15375 = CARTESIAN_POINT('',(8.182852067712,-2.612418525909,
    1.064979142851));
#15376 = CARTESIAN_POINT('',(8.160003315298,-2.667580293815,
    1.064979142851));
#15377 = CARTESIAN_POINT('',(8.160003315298,2.667580293815,
    1.182962690499));
#15378 = CARTESIAN_POINT('',(8.182852074634,2.612418509196,
    1.182962690499));
#15379 = CARTESIAN_POINT('',(8.205700830509,2.557256732934,
    1.182962690499));
#15380 = CARTESIAN_POINT('',(8.228549582923,2.502094965028,
    1.182962690499));
#15381 = CARTESIAN_POINT('',(8.251398331875,2.446933205478,
    1.182962690499));
#15382 = CARTESIAN_POINT('',(8.649945596309,1.484754995379,
    1.182962690499));
#15383 = CARTESIAN_POINT('',(8.847596865121,0.503978143055,
    1.182962690499));
#15384 = CARTESIAN_POINT('',(8.847598228196,-0.503974888517,
    1.182962690499));
#15385 = CARTESIAN_POINT('',(8.649946289884,-1.48475332094,
    1.182962690499));
#15386 = CARTESIAN_POINT('',(8.251398324952,-2.446933222191,
    1.182962690499));
#15387 = CARTESIAN_POINT('',(8.228549572539,-2.502094990097,
    1.182962690499));
#15388 = CARTESIAN_POINT('',(8.205700820125,-2.557256758003,
    1.182962690499));
#15389 = CARTESIAN_POINT('',(8.182852067712,-2.612418525909,
    1.182962690499));
#15390 = CARTESIAN_POINT('',(8.160003315298,-2.667580293815,
    1.182962690499));
#15391 = CARTESIAN_POINT('',(8.085751024298,2.636823983183,
    1.269338405373));
#15392 = CARTESIAN_POINT('',(8.108893600806,2.580952861055,
    1.269338405373));
#15393 = CARTESIAN_POINT('',(8.131889265247,2.525436416031,
    1.269338405373));
#15394 = CARTESIAN_POINT('',(8.154738017623,2.470274648109,
    1.269338405373));
#15395 = CARTESIAN_POINT('',(8.177439857932,2.41546755729,1.269338405373
    ));
#15396 = CARTESIAN_POINT('',(8.570862111871,1.465662215158,
    1.269338405373));
#15397 = CARTESIAN_POINT('',(8.765971747091,0.49749744589,1.269338405373
    ));
#15398 = CARTESIAN_POINT('',(8.765973070929,-0.497494299629,
    1.269338405373));
#15399 = CARTESIAN_POINT('',(8.570862814366,-1.465660519186,
    1.269338405373));
#15400 = CARTESIAN_POINT('',(8.177439850013,-2.415467576406,
    1.269338405373));
#15401 = CARTESIAN_POINT('',(8.154738005745,-2.470274676784,
    1.269338405373));
#15402 = CARTESIAN_POINT('',(8.13188925337,-2.525436444705,
    1.269338405373));
#15403 = CARTESIAN_POINT('',(8.108893592887,-2.580952880172,
    1.269338405373));
#15404 = CARTESIAN_POINT('',(8.085751024298,-2.636823983183,
    1.269338405373));
#15405 = ADVANCED_FACE('',(#15406),#15465,.F.);
#15406 = FACE_BOUND('',#15407,.F.);
#15407 = EDGE_LOOP('',(#15408,#15417,#15418,#15427));
#15408 = ORIENTED_EDGE('',*,*,#15409,.F.);
#15409 = EDGE_CURVE('',#15094,#15410,#15412,.T.);
#15410 = VERTEX_POINT('',#15411);
#15411 = CARTESIAN_POINT('',(8.199994785356,-2.36101514555,
    1.930661594627));
#15412 = CIRCLE('',#15413,0.485412195974);
#15413 = AXIS2_PLACEMENT_3D('',#15414,#15415,#15416);
#15414 = CARTESIAN_POINT('',(8.528313949636,-2.497009396182,1.6));
#15415 = DIRECTION('',(0.382683432365,0.923879532511,2.775557561563E-17)
  );
#15416 = DIRECTION('',(-0.523404384043,0.216801194476,-0.824041924199));
#15417 = ORIENTED_EDGE('',*,*,#15106,.T.);
#15418 = ORIENTED_EDGE('',*,*,#15419,.T.);
#15419 = EDGE_CURVE('',#15107,#15420,#15422,.T.);
#15420 = VERTEX_POINT('',#15421);
#15421 = CARTESIAN_POINT('',(8.199994785356,2.36101514555,1.930661594627
    ));
#15422 = CIRCLE('',#15423,0.485412195974);
#15423 = AXIS2_PLACEMENT_3D('',#15424,#15425,#15426);
#15424 = CARTESIAN_POINT('',(8.528313949636,2.497009396182,1.6));
#15425 = DIRECTION('',(-0.382683432365,0.923879532511,
    -2.775557561563E-17));
#15426 = DIRECTION('',(-0.523404384043,-0.216801194476,-0.824041924199)
  );
#15427 = ORIENTED_EDGE('',*,*,#15428,.F.);
#15428 = EDGE_CURVE('',#15410,#15420,#15429,.T.);
#15429 = B_SPLINE_CURVE_WITH_KNOTS('',12,(#15430,#15431,#15432,#15433,
    #15434,#15435,#15436,#15437,#15438,#15439,#15440,#15441,#15442,
    #15443,#15444,#15445,#15446,#15447,#15448,#15449,#15450,#15451,
    #15452,#15453,#15454,#15455,#15456,#15457,#15458,#15459,#15460,
    #15461,#15462,#15463,#15464),.UNSPECIFIED.,.F.,.F.,(13,11,11,13),(
    -1.464039103958,-9.671295255279E-16,34.361169648639,35.825208752597)
  ,.UNSPECIFIED.);
#15430 = CARTESIAN_POINT('',(8.760258294775,-1.008419382607,
    1.930661594627));
#15431 = CARTESIAN_POINT('',(8.712649897138,-1.123356221865,
    1.930661594627));
#15432 = CARTESIAN_POINT('',(8.665208730747,-1.237889329182,
    1.930661594627));
#15433 = CARTESIAN_POINT('',(8.617934795602,-1.352018704557,
    1.930661594627));
#15434 = CARTESIAN_POINT('',(8.570828091702,-1.46574434799,
    1.930661594627));
#15435 = CARTESIAN_POINT('',(8.523888619049,-1.579066259481,
    1.930661594627));
#15436 = CARTESIAN_POINT('',(8.477116377641,-1.69198443903,
    1.930661594627));
#15437 = CARTESIAN_POINT('',(8.430511367479,-1.804498886638,
    1.930661594627));
#15438 = CARTESIAN_POINT('',(8.384073588562,-1.916609602304,
    1.930661594627));
#15439 = CARTESIAN_POINT('',(8.337803040892,-2.028316586028,
    1.930661594627));
#15440 = CARTESIAN_POINT('',(8.291699724467,-2.139619837811,
    1.930661594627));
#15441 = CARTESIAN_POINT('',(8.245763639289,-2.250519357651,
    1.930661594627));
#15442 = CARTESIAN_POINT('',(7.125794410271,-4.954364259786,
    1.930661594627));
#15443 = CARTESIAN_POINT('',(4.747402641957,-7.054273059452,
    1.930661601126));
#15444 = CARTESIAN_POINT('',(1.313962711064,-7.885633608722,
    1.930661508864));
#15445 = CARTESIAN_POINT('',(-2.366005502969,-6.803844947613,
    1.930661878939));
#15446 = CARTESIAN_POINT('',(-5.108771430237,-4.103735310589,
    1.930661061746));
#15447 = CARTESIAN_POINT('',(-6.480934054876,-1.481215150534E-11,
    1.930662243614));
#15448 = CARTESIAN_POINT('',(-5.108771430238,4.103735310615,
    1.930661061747));
#15449 = CARTESIAN_POINT('',(-2.366005502967,6.803844947594,
    1.930661878938));
#15450 = CARTESIAN_POINT('',(1.313962711062,7.885633608732,
    1.930661508865));
#15451 = CARTESIAN_POINT('',(4.747402641958,7.054273059448,
    1.930661601125));
#15452 = CARTESIAN_POINT('',(7.125794410271,4.954364259787,
    1.930661594627));
#15453 = CARTESIAN_POINT('',(8.245763639289,2.250519357651,
    1.930661594627));
#15454 = CARTESIAN_POINT('',(8.291699724468,2.139619837811,
    1.930661594627));
#15455 = CARTESIAN_POINT('',(8.337803040892,2.028316586028,
    1.930661594627));
#15456 = CARTESIAN_POINT('',(8.384073588562,1.916609602304,
    1.930661594627));
#15457 = CARTESIAN_POINT('',(8.430511367479,1.804498886638,
    1.930661594627));
#15458 = CARTESIAN_POINT('',(8.477116377641,1.69198443903,1.930661594627
    ));
#15459 = CARTESIAN_POINT('',(8.523888619049,1.579066259481,
    1.930661594627));
#15460 = CARTESIAN_POINT('',(8.570828091702,1.465744347989,
    1.930661594627));
#15461 = CARTESIAN_POINT('',(8.617934795602,1.352018704557,
    1.930661594627));
#15462 = CARTESIAN_POINT('',(8.665208730747,1.237889329182,
    1.930661594627));
#15463 = CARTESIAN_POINT('',(8.712649897138,1.123356221865,
    1.930661594627));
#15464 = CARTESIAN_POINT('',(8.760258294775,1.008419382607,
    1.930661594627));
#15465 = SURFACE_OF_REVOLUTION('',#15466,#15471);
#15466 = CIRCLE('',#15467,0.485412195974);
#15467 = AXIS2_PLACEMENT_3D('',#15468,#15469,#15470);
#15468 = CARTESIAN_POINT('',(8.528313949636,-2.497009396182,1.6));
#15469 = DIRECTION('',(0.382683432365,0.923879532511,0.));
#15470 = DIRECTION('',(-0.523404384043,0.216801194476,-0.824041924199));
#15471 = AXIS1_PLACEMENT('',#15472,#15473);
#15472 = CARTESIAN_POINT('',(2.5,0.,0.));
#15473 = DIRECTION('',(0.,0.,-1.));
#15474 = ADVANCED_FACE('',(#15475),#15534,.F.);
#15475 = FACE_BOUND('',#15476,.F.);
#15476 = EDGE_LOOP('',(#15477,#15478,#15479,#15498,#15517));
#15477 = ORIENTED_EDGE('',*,*,#15419,.F.);
#15478 = ORIENTED_EDGE('',*,*,#15269,.T.);
#15479 = ORIENTED_EDGE('',*,*,#15480,.T.);
#15480 = EDGE_CURVE('',#15270,#15481,#15483,.T.);
#15481 = VERTEX_POINT('',#15482);
#15482 = CARTESIAN_POINT('',(8.545044310878,0.25,1.499));
#15483 = B_SPLINE_CURVE_WITH_KNOTS('',7,(#15484,#15485,#15486,#15487,
    #15488,#15489,#15490,#15491,#15492,#15493,#15494,#15495,#15496,
    #15497),.UNSPECIFIED.,.F.,.F.,(8,6,8),(0.,0.649417349279,1.),
  .UNSPECIFIED.);
#15484 = CARTESIAN_POINT('',(8.668864210187,9.721046728622E-02,
    1.269338192151));
#15485 = CARTESIAN_POINT('',(8.657452102535,0.125346662536,1.28112507955
    ));
#15486 = CARTESIAN_POINT('',(8.643694362887,0.150142484325,
    1.296239560591));
#15487 = CARTESIAN_POINT('',(8.629212362563,0.171930287506,
    1.313821860574));
#15488 = CARTESIAN_POINT('',(8.614840296374,0.190880392073,
    1.333516321561));
#15489 = CARTESIAN_POINT('',(8.601137838676,0.206995605444,
    1.355005516786));
#15490 = CARTESIAN_POINT('',(8.588535332382,0.220211675124,
    1.378014770095));
#15491 = CARTESIAN_POINT('',(8.571297465707,0.235934927275,
    1.415287875278));
#15492 = CARTESIAN_POINT('',(8.565666359068,0.240569965183,1.4287002166)
  );
#15493 = CARTESIAN_POINT('',(8.560496263629,0.244311431463,1.44240505137
    ));
#15494 = CARTESIAN_POINT('',(8.555825815849,0.247141634865,
    1.456347412964));
#15495 = CARTESIAN_POINT('',(8.551683389405,0.249043072612,
    1.470469261947));
#15496 = CARTESIAN_POINT('',(8.548087016783,0.25,1.484708836026));
#15497 = CARTESIAN_POINT('',(8.545044310878,0.25,1.499));
#15498 = ORIENTED_EDGE('',*,*,#15499,.T.);
#15499 = EDGE_CURVE('',#15481,#15500,#15502,.T.);
#15500 = VERTEX_POINT('',#15501);
#15501 = CARTESIAN_POINT('',(8.664560108495,0.25,1.930661594627));
#15502 = B_SPLINE_CURVE_WITH_KNOTS('',5,(#15503,#15504,#15505,#15506,
    #15507,#15508,#15509,#15510,#15511,#15512,#15513,#15514,#15515,
    #15516),.UNSPECIFIED.,.F.,.F.,(6,4,4,6),(0.,0.216993499087,
    0.6118186623,1.),.UNSPECIFIED.);
#15503 = CARTESIAN_POINT('',(8.545044310878,0.25,1.499));
#15504 = CARTESIAN_POINT('',(8.540837066853,0.25,1.518760833609));
#15505 = CARTESIAN_POINT('',(8.537658728208,0.25,1.538740544802));
#15506 = CARTESIAN_POINT('',(8.535524553992,0.25,1.55886750504));
#15507 = CARTESIAN_POINT('',(8.534442243692,0.25,1.579069247586));
#15508 = CARTESIAN_POINT('',(8.534356793868,0.25,1.636032737457));
#15509 = CARTESIAN_POINT('',(8.537784464617,0.25,1.672798685242));
#15510 = CARTESIAN_POINT('',(8.544695743984,0.25,1.709129500287));
#15511 = CARTESIAN_POINT('',(8.555007151971,0.25,1.744587413711));
#15512 = CARTESIAN_POINT('',(8.581876553842,0.25,1.81236323367));
#15513 = CARTESIAN_POINT('',(8.598326834225,0.25,1.844724736338));
#15514 = CARTESIAN_POINT('',(8.617752163637,0.25,1.875458108573));
#15515 = CARTESIAN_POINT('',(8.639926080785,0.25,1.904205808836));
#15516 = CARTESIAN_POINT('',(8.664562881395,0.25,1.930661807849));
#15517 = ORIENTED_EDGE('',*,*,#15518,.F.);
#15518 = EDGE_CURVE('',#15420,#15500,#15519,.T.);
#15519 = B_SPLINE_CURVE_WITH_KNOTS('',5,(#15520,#15521,#15522,#15523,
    #15524,#15525,#15526,#15527,#15528,#15529,#15530,#15531,#15532,
    #15533),.UNSPECIFIED.,.F.,.F.,(6,4,4,6),(-0.298533671706,
    -3.349833248374E-07,4.908738856217,5.207271732266),.UNSPECIFIED.);
#15520 = CARTESIAN_POINT('',(8.085751024298,2.636823983183,
    1.930661594627));
#15521 = CARTESIAN_POINT('',(8.108893600806,2.580952861055,
    1.930661594627));
#15522 = CARTESIAN_POINT('',(8.131889265247,2.525436416031,
    1.930661594627));
#15523 = CARTESIAN_POINT('',(8.154738017623,2.470274648109,
    1.930661594627));
#15524 = CARTESIAN_POINT('',(8.177439857932,2.41546755729,1.930661594627
    ));
#15525 = CARTESIAN_POINT('',(8.570862111871,1.465662215158,
    1.930661594627));
#15526 = CARTESIAN_POINT('',(8.765971747091,0.49749744589,1.930661594627
    ));
#15527 = CARTESIAN_POINT('',(8.765973070929,-0.497494299629,
    1.930661594627));
#15528 = CARTESIAN_POINT('',(8.570862814366,-1.465660519186,
    1.930661594627));
#15529 = CARTESIAN_POINT('',(8.177439850013,-2.415467576406,
    1.930661594627));
#15530 = CARTESIAN_POINT('',(8.154738005745,-2.470274676784,
    1.930661594627));
#15531 = CARTESIAN_POINT('',(8.13188925337,-2.525436444705,
    1.930661594627));
#15532 = CARTESIAN_POINT('',(8.108893592887,-2.580952880172,
    1.930661594627));
#15533 = CARTESIAN_POINT('',(8.085751024298,-2.636823983183,
    1.930661594627));
#15534 = SURFACE_OF_REVOLUTION('',#15535,#15540);
#15535 = CIRCLE('',#15536,0.485412195974);
#15536 = AXIS2_PLACEMENT_3D('',#15537,#15538,#15539);
#15537 = CARTESIAN_POINT('',(8.528313949636,2.497009396182,1.6));
#15538 = DIRECTION('',(-0.382683432365,0.923879532511,0.));
#15539 = DIRECTION('',(-0.523404384043,-0.216801194476,-0.824041924199)
  );
#15540 = AXIS1_PLACEMENT('',#15541,#15542);
#15541 = CARTESIAN_POINT('',(2.5,0.,0.));
#15542 = DIRECTION('',(0.,0.,-1.));
#15543 = ADVANCED_FACE('',(#15544),#15603,.F.);
#15544 = FACE_BOUND('',#15545,.F.);
#15545 = EDGE_LOOP('',(#15546,#15565,#15566,#15567,#15586));
#15546 = ORIENTED_EDGE('',*,*,#15547,.T.);
#15547 = EDGE_CURVE('',#15548,#15321,#15550,.T.);
#15548 = VERTEX_POINT('',#15549);
#15549 = CARTESIAN_POINT('',(8.545044310878,-0.25,1.499));
#15550 = B_SPLINE_CURVE_WITH_KNOTS('',7,(#15551,#15552,#15553,#15554,
    #15555,#15556,#15557,#15558,#15559,#15560,#15561,#15562,#15563,
    #15564),.UNSPECIFIED.,.F.,.F.,(8,6,8),(0.,0.34967411189,1.),
  .UNSPECIFIED.);
#15551 = CARTESIAN_POINT('',(8.545044310878,-0.25,1.499));
#15552 = CARTESIAN_POINT('',(8.548079135332,-0.25,1.4847458541));
#15553 = CARTESIAN_POINT('',(8.551664760414,-0.249048023526,
    1.470543034709));
#15554 = CARTESIAN_POINT('',(8.555793635106,-0.247156392297,
    1.456457159161));
#15555 = CARTESIAN_POINT('',(8.560447892958,-0.244340719624,
    1.442549521712));
#15556 = CARTESIAN_POINT('',(8.565599431599,-0.240618362669,
    1.428877733148));
#15557 = CARTESIAN_POINT('',(8.571209992239,-0.23600687471,
    1.415496360383));
#15558 = CARTESIAN_POINT('',(8.588429588244,-0.220322507114,
    1.378207942773));
#15559 = CARTESIAN_POINT('',(8.601041983025,-0.207108307974,
    1.355155935704));
#15560 = CARTESIAN_POINT('',(8.61475982237,-0.190986442026,
    1.333626591856));
#15561 = CARTESIAN_POINT('',(8.629151578321,-0.172021743204,
    1.313895671367));
#15562 = CARTESIAN_POINT('',(8.643655909007,-0.150211800347,
    1.296281798944));
#15563 = CARTESIAN_POINT('',(8.657436176286,-0.125385928206,
    1.281141528826));
#15564 = CARTESIAN_POINT('',(8.668864210187,-9.721046728623E-02,
    1.269338192151));
#15565 = ORIENTED_EDGE('',*,*,#15345,.T.);
#15566 = ORIENTED_EDGE('',*,*,#15409,.T.);
#15567 = ORIENTED_EDGE('',*,*,#15568,.F.);
#15568 = EDGE_CURVE('',#15569,#15410,#15571,.T.);
#15569 = VERTEX_POINT('',#15570);
#15570 = CARTESIAN_POINT('',(8.664560159582,-0.25,1.930661594627));
#15571 = B_SPLINE_CURVE_WITH_KNOTS('',5,(#15572,#15573,#15574,#15575,
    #15576,#15577,#15578,#15579,#15580,#15581,#15582,#15583,#15584,
    #15585),.UNSPECIFIED.,.F.,.F.,(6,4,4,6),(-0.298533671706,
    -3.349833248374E-07,4.908738856217,5.207271732266),.UNSPECIFIED.);
#15572 = CARTESIAN_POINT('',(8.085751024298,2.636823983183,
    1.930661594627));
#15573 = CARTESIAN_POINT('',(8.108893600806,2.580952861055,
    1.930661594627));
#15574 = CARTESIAN_POINT('',(8.131889265247,2.525436416031,
    1.930661594627));
#15575 = CARTESIAN_POINT('',(8.154738017623,2.470274648109,
    1.930661594627));
#15576 = CARTESIAN_POINT('',(8.177439857932,2.41546755729,1.930661594627
    ));
#15577 = CARTESIAN_POINT('',(8.570862111871,1.465662215158,
    1.930661594627));
#15578 = CARTESIAN_POINT('',(8.765971747091,0.49749744589,1.930661594627
    ));
#15579 = CARTESIAN_POINT('',(8.765973070929,-0.497494299629,
    1.930661594627));
#15580 = CARTESIAN_POINT('',(8.570862814366,-1.465660519186,
    1.930661594627));
#15581 = CARTESIAN_POINT('',(8.177439850013,-2.415467576406,
    1.930661594627));
#15582 = CARTESIAN_POINT('',(8.154738005745,-2.470274676784,
    1.930661594627));
#15583 = CARTESIAN_POINT('',(8.13188925337,-2.525436444705,
    1.930661594627));
#15584 = CARTESIAN_POINT('',(8.108893592887,-2.580952880172,
    1.930661594627));
#15585 = CARTESIAN_POINT('',(8.085751024298,-2.636823983183,
    1.930661594627));
#15586 = ORIENTED_EDGE('',*,*,#15587,.F.);
#15587 = EDGE_CURVE('',#15548,#15569,#15588,.T.);
#15588 = B_SPLINE_CURVE_WITH_KNOTS('',5,(#15589,#15590,#15591,#15592,
    #15593,#15594,#15595,#15596,#15597,#15598,#15599,#15600,#15601,
    #15602),.UNSPECIFIED.,.F.,.F.,(6,4,4,6),(0.,0.216993499087,
    0.61181866231,1.),.UNSPECIFIED.);
#15589 = CARTESIAN_POINT('',(8.545044310878,-0.25,1.499));
#15590 = CARTESIAN_POINT('',(8.540837066853,-0.25,1.518760833609));
#15591 = CARTESIAN_POINT('',(8.537658728208,-0.25,1.538740544802));
#15592 = CARTESIAN_POINT('',(8.535524553992,-0.25,1.55886750504));
#15593 = CARTESIAN_POINT('',(8.534442243692,-0.25,1.579069247586));
#15594 = CARTESIAN_POINT('',(8.534356793868,-0.25,1.636032737458));
#15595 = CARTESIAN_POINT('',(8.537784464617,-0.25,1.672798685244));
#15596 = CARTESIAN_POINT('',(8.544695743984,-0.25,1.70912950029));
#15597 = CARTESIAN_POINT('',(8.555007151972,-0.25,1.744587413714));
#15598 = CARTESIAN_POINT('',(8.581876553844,-0.25,1.812363233673));
#15599 = CARTESIAN_POINT('',(8.598326834226,-0.25,1.844724736341));
#15600 = CARTESIAN_POINT('',(8.617752163638,-0.25,1.875458108574));
#15601 = CARTESIAN_POINT('',(8.639926080786,-0.25,1.904205808837));
#15602 = CARTESIAN_POINT('',(8.664562881395,-0.25,1.930661807849));
#15603 = SURFACE_OF_REVOLUTION('',#15604,#15609);
#15604 = CIRCLE('',#15605,0.485412195974);
#15605 = AXIS2_PLACEMENT_3D('',#15606,#15607,#15608);
#15606 = CARTESIAN_POINT('',(8.528313949636,2.497009396182,1.6));
#15607 = DIRECTION('',(-0.382683432365,0.923879532511,0.));
#15608 = DIRECTION('',(-0.523404384043,-0.216801194476,-0.824041924199)
  );
#15609 = AXIS1_PLACEMENT('',#15610,#15611);
#15610 = CARTESIAN_POINT('',(2.5,0.,0.));
#15611 = DIRECTION('',(0.,0.,-1.));
#15612 = ADVANCED_FACE('',(#15613),#15635,.T.);
#15613 = FACE_BOUND('',#15614,.T.);
#15614 = EDGE_LOOP('',(#15615,#15616,#15633,#15634));
#15615 = ORIENTED_EDGE('',*,*,#15288,.F.);
#15616 = ORIENTED_EDGE('',*,*,#15617,.T.);
#15617 = EDGE_CURVE('',#15270,#15321,#15618,.T.);
#15618 = B_SPLINE_CURVE_WITH_KNOTS('',5,(#15619,#15620,#15621,#15622,
    #15623,#15624,#15625,#15626,#15627,#15628,#15629,#15630,#15631,
    #15632),.UNSPECIFIED.,.F.,.F.,(6,4,4,6),(-0.298533671706,
    -3.349833251669E-07,4.908738856217,5.207271732266),.UNSPECIFIED.);
#15619 = CARTESIAN_POINT('',(8.085751024298,2.636823983183,
    1.269338405373));
#15620 = CARTESIAN_POINT('',(8.108893600806,2.580952861055,
    1.269338405373));
#15621 = CARTESIAN_POINT('',(8.131889265247,2.525436416031,
    1.269338405373));
#15622 = CARTESIAN_POINT('',(8.154738017623,2.470274648109,
    1.269338405373));
#15623 = CARTESIAN_POINT('',(8.177439857932,2.41546755729,1.269338405373
    ));
#15624 = CARTESIAN_POINT('',(8.570862111871,1.465662215158,
    1.269338405373));
#15625 = CARTESIAN_POINT('',(8.765971747091,0.49749744589,1.269338405373
    ));
#15626 = CARTESIAN_POINT('',(8.765973070929,-0.497494299629,
    1.269338405373));
#15627 = CARTESIAN_POINT('',(8.570862814366,-1.465660519186,
    1.269338405373));
#15628 = CARTESIAN_POINT('',(8.177439850013,-2.415467576406,
    1.269338405373));
#15629 = CARTESIAN_POINT('',(8.154738005745,-2.470274676784,
    1.269338405373));
#15630 = CARTESIAN_POINT('',(8.13188925337,-2.525436444705,
    1.269338405373));
#15631 = CARTESIAN_POINT('',(8.108893592887,-2.580952880172,
    1.269338405373));
#15632 = CARTESIAN_POINT('',(8.085751024298,-2.636823983183,
    1.269338405373));
#15633 = ORIENTED_EDGE('',*,*,#15320,.F.);
#15634 = ORIENTED_EDGE('',*,*,#15313,.F.);
#15635 = ( BOUNDED_SURFACE() B_SPLINE_SURFACE(2,5,(
    (#15636,#15637,#15638,#15639,#15640,#15641,#15642,#15643,#15644
      ,#15645,#15646,#15647,#15648,#15649)
    ,(#15650,#15651,#15652,#15653,#15654,#15655,#15656,#15657,#15658
      ,#15659,#15660,#15661,#15662,#15663)
    ,(#15664,#15665,#15666,#15667,#15668,#15669,#15670,#15671,#15672
      ,#15673,#15674,#15675,#15676,#15677
)),.UNSPECIFIED.,.F.,.F.,.F.) B_SPLINE_SURFACE_WITH_KNOTS((3,3),(6,4,4,6
    ),(0.,4.9087391912),(-0.298533671706,-3.349833251669E-07,
    4.908738856217,5.207271732266),.UNSPECIFIED.) 
GEOMETRIC_REPRESENTATION_ITEM() RATIONAL_B_SPLINE_SURFACE((
    (1.,1.,1.,1.,1.,1.,1.,1.,1.,1.,1.,1.,1.,1.)
    ,(0.93061798229,0.93061798229,0.93061798229,0.93061798229
      ,0.93061798229,0.93061798229,0.93061798229,0.93061798229
      ,0.93061798229,0.93061798229,0.93061798229,0.93061798229
      ,0.93061798229,0.93061798229)
,(1.,1.,1.,1.,1.,1.,1.,1.,1.,1.,1.,1.,1.,1.
))) REPRESENTATION_ITEM('') SURFACE() );
#15636 = CARTESIAN_POINT('',(8.160003315298,2.667580293815,
    1.064979142851));
#15637 = CARTESIAN_POINT('',(8.182852074634,2.612418509196,
    1.064979142851));
#15638 = CARTESIAN_POINT('',(8.205700830509,2.557256732934,
    1.064979142851));
#15639 = CARTESIAN_POINT('',(8.228549582923,2.502094965028,
    1.064979142851));
#15640 = CARTESIAN_POINT('',(8.251398331875,2.446933205478,
    1.064979142851));
#15641 = CARTESIAN_POINT('',(8.649945596309,1.484754995379,
    1.064979142851));
#15642 = CARTESIAN_POINT('',(8.847596865121,0.503978143055,
    1.064979142851));
#15643 = CARTESIAN_POINT('',(8.847598228196,-0.503974888517,
    1.064979142851));
#15644 = CARTESIAN_POINT('',(8.649946289884,-1.48475332094,
    1.064979142851));
#15645 = CARTESIAN_POINT('',(8.251398324952,-2.446933222191,
    1.064979142851));
#15646 = CARTESIAN_POINT('',(8.228549572539,-2.502094990097,
    1.064979142851));
#15647 = CARTESIAN_POINT('',(8.205700820125,-2.557256758003,
    1.064979142851));
#15648 = CARTESIAN_POINT('',(8.182852067712,-2.612418525909,
    1.064979142851));
#15649 = CARTESIAN_POINT('',(8.160003315298,-2.667580293815,
    1.064979142851));
#15650 = CARTESIAN_POINT('',(8.160003315298,2.667580293815,
    1.182962690499));
#15651 = CARTESIAN_POINT('',(8.182852074634,2.612418509196,
    1.182962690499));
#15652 = CARTESIAN_POINT('',(8.205700830509,2.557256732934,
    1.182962690499));
#15653 = CARTESIAN_POINT('',(8.228549582923,2.502094965028,
    1.182962690499));
#15654 = CARTESIAN_POINT('',(8.251398331875,2.446933205478,
    1.182962690499));
#15655 = CARTESIAN_POINT('',(8.649945596309,1.484754995379,
    1.182962690499));
#15656 = CARTESIAN_POINT('',(8.847596865121,0.503978143055,
    1.182962690499));
#15657 = CARTESIAN_POINT('',(8.847598228196,-0.503974888517,
    1.182962690499));
#15658 = CARTESIAN_POINT('',(8.649946289884,-1.48475332094,
    1.182962690499));
#15659 = CARTESIAN_POINT('',(8.251398324952,-2.446933222191,
    1.182962690499));
#15660 = CARTESIAN_POINT('',(8.228549572539,-2.502094990097,
    1.182962690499));
#15661 = CARTESIAN_POINT('',(8.205700820125,-2.557256758003,
    1.182962690499));
#15662 = CARTESIAN_POINT('',(8.182852067712,-2.612418525909,
    1.182962690499));
#15663 = CARTESIAN_POINT('',(8.160003315298,-2.667580293815,
    1.182962690499));
#15664 = CARTESIAN_POINT('',(8.085751024298,2.636823983183,
    1.269338405373));
#15665 = CARTESIAN_POINT('',(8.108893600806,2.580952861055,
    1.269338405373));
#15666 = CARTESIAN_POINT('',(8.131889265247,2.525436416031,
    1.269338405373));
#15667 = CARTESIAN_POINT('',(8.154738017623,2.470274648109,
    1.269338405373));
#15668 = CARTESIAN_POINT('',(8.177439857932,2.41546755729,1.269338405373
    ));
#15669 = CARTESIAN_POINT('',(8.570862111871,1.465662215158,
    1.269338405373));
#15670 = CARTESIAN_POINT('',(8.765971747091,0.49749744589,1.269338405373
    ));
#15671 = CARTESIAN_POINT('',(8.765973070929,-0.497494299629,
    1.269338405373));
#15672 = CARTESIAN_POINT('',(8.570862814366,-1.465660519186,
    1.269338405373));
#15673 = CARTESIAN_POINT('',(8.177439850013,-2.415467576406,
    1.269338405373));
#15674 = CARTESIAN_POINT('',(8.154738005745,-2.470274676784,
    1.269338405373));
#15675 = CARTESIAN_POINT('',(8.13188925337,-2.525436444705,
    1.269338405373));
#15676 = CARTESIAN_POINT('',(8.108893592887,-2.580952880172,
    1.269338405373));
#15677 = CARTESIAN_POINT('',(8.085751024298,-2.636823983183,
    1.269338405373));
#15678 = ADVANCED_FACE('',(#15679),#15746,.T.);
#15679 = FACE_BOUND('',#15680,.T.);
#15680 = EDGE_LOOP('',(#15681,#15694,#15734,#15745));
#15681 = ORIENTED_EDGE('',*,*,#15682,.T.);
#15682 = EDGE_CURVE('',#15410,#15683,#15685,.T.);
#15683 = VERTEX_POINT('',#15684);
#15684 = CARTESIAN_POINT('',(8.274247078196,-2.391771452282,
    2.135020857149));
#15685 = B_SPLINE_CURVE_WITH_KNOTS('',7,(#15686,#15687,#15688,#15689,
    #15690,#15691,#15692,#15693),.UNSPECIFIED.,.F.,.F.,(8,8),(0.,1.),
  .PIECEWISE_BEZIER_KNOTS.);
#15686 = CARTESIAN_POINT('',(8.199994785356,-2.36101514555,
    1.930661594627));
#15687 = CARTESIAN_POINT('',(8.219740814653,-2.369194218688,
    1.953631624757));
#15688 = CARTESIAN_POINT('',(8.237350857192,-2.376488537142,
    1.979737510767));
#15689 = CARTESIAN_POINT('',(8.252103963761,-2.38259947397,
    2.008600993679));
#15690 = CARTESIAN_POINT('',(8.263345460372,-2.387255854328,
    2.039540158911));
#15691 = CARTESIAN_POINT('',(8.270709789351,-2.390306259269,
    2.071548908286));
#15692 = CARTESIAN_POINT('',(8.274247078134,-2.391771452256,
    2.103645306244));
#15693 = CARTESIAN_POINT('',(8.274247078196,-2.391771452282,
    2.135020857149));
#15694 = ORIENTED_EDGE('',*,*,#15695,.T.);
#15695 = EDGE_CURVE('',#15683,#15696,#15698,.T.);
#15696 = VERTEX_POINT('',#15697);
#15697 = CARTESIAN_POINT('',(8.274247078196,2.391771452282,
    2.135020857149));
#15698 = B_SPLINE_CURVE_WITH_KNOTS('',12,(#15699,#15700,#15701,#15702,
    #15703,#15704,#15705,#15706,#15707,#15708,#15709,#15710,#15711,
    #15712,#15713,#15714,#15715,#15716,#15717,#15718,#15719,#15720,
    #15721,#15722,#15723,#15724,#15725,#15726,#15727,#15728,#15729,
    #15730,#15731,#15732,#15733),.UNSPECIFIED.,.F.,.F.,(13,11,11,13),(
    -1.464039103958,-9.671295255279E-16,34.361169648639,35.825208752597)
  ,.UNSPECIFIED.);
#15699 = CARTESIAN_POINT('',(8.834510587615,-1.039175689339,
    2.135020857149));
#15700 = CARTESIAN_POINT('',(8.787498408479,-1.152673129806,
    2.135020857149));
#15701 = CARTESIAN_POINT('',(8.740545057224,-1.266028547203,
    2.135020857149));
#15702 = CARTESIAN_POINT('',(8.693650533852,-1.379241941529,
    2.135020857149));
#15703 = CARTESIAN_POINT('',(8.646814838362,-1.492313312785,
    2.135020857149));
#15704 = CARTESIAN_POINT('',(8.600037970754,-1.605242660969,
    2.135020857149));
#15705 = CARTESIAN_POINT('',(8.553319931028,-1.718029986083,
    2.135020857149));
#15706 = CARTESIAN_POINT('',(8.506660719184,-1.830675288127,
    2.135020857149));
#15707 = CARTESIAN_POINT('',(8.460060335222,-1.943178567099,
    2.135020857149));
#15708 = CARTESIAN_POINT('',(8.413518779143,-2.055539823001,
    2.135020857149));
#15709 = CARTESIAN_POINT('',(8.367036050945,-2.167759055832,
    2.135020857149));
#15710 = CARTESIAN_POINT('',(8.320612150629,-2.279836265592,
    2.135020857149));
#15711 = CARTESIAN_POINT('',(7.186053384902,-5.01890342512,
    2.135020857149));
#15712 = CARTESIAN_POINT('',(4.776733295076,-7.14597377676,
    2.135020820202));
#15713 = CARTESIAN_POINT('',(1.298912423612,-7.988650647435,
    2.135021344754));
#15714 = CARTESIAN_POINT('',(-2.430369316402,-6.892486753846,
    2.135019240692));
#15715 = CARTESIAN_POINT('',(-5.206969579464,-4.156838900258,
    2.135023886852));
#15716 = CARTESIAN_POINT('',(-6.598654226826,-1.338440469567E-11,
    2.135017167322));
#15717 = CARTESIAN_POINT('',(-5.206969579465,4.156838900282,
    2.135023886852));
#15718 = CARTESIAN_POINT('',(-2.4303693164,6.892486753829,2.135019240691
    ));
#15719 = CARTESIAN_POINT('',(1.29891242361,7.988650647445,2.135021344755
    ));
#15720 = CARTESIAN_POINT('',(4.776733295077,7.145973776756,
    2.135020820202));
#15721 = CARTESIAN_POINT('',(7.186053384902,5.018903425121,
    2.135020857149));
#15722 = CARTESIAN_POINT('',(8.320612150629,2.279836265592,
    2.135020857149));
#15723 = CARTESIAN_POINT('',(8.367036050945,2.167759055832,
    2.135020857149));
#15724 = CARTESIAN_POINT('',(8.413518779143,2.055539823001,
    2.135020857149));
#15725 = CARTESIAN_POINT('',(8.460060335222,1.943178567099,
    2.135020857149));
#15726 = CARTESIAN_POINT('',(8.506660719184,1.830675288126,
    2.135020857149));
#15727 = CARTESIAN_POINT('',(8.553319931028,1.718029986083,
    2.135020857149));
#15728 = CARTESIAN_POINT('',(8.600037970754,1.605242660969,
    2.135020857149));
#15729 = CARTESIAN_POINT('',(8.646814838362,1.492313312785,
    2.135020857149));
#15730 = CARTESIAN_POINT('',(8.693650533852,1.379241941529,
    2.135020857149));
#15731 = CARTESIAN_POINT('',(8.740545057224,1.266028547203,
    2.135020857149));
#15732 = CARTESIAN_POINT('',(8.787498408479,1.152673129806,
    2.135020857149));
#15733 = CARTESIAN_POINT('',(8.834510587615,1.039175689339,
    2.135020857149));
#15734 = ORIENTED_EDGE('',*,*,#15735,.F.);
#15735 = EDGE_CURVE('',#15420,#15696,#15736,.T.);
#15736 = B_SPLINE_CURVE_WITH_KNOTS('',7,(#15737,#15738,#15739,#15740,
    #15741,#15742,#15743,#15744),.UNSPECIFIED.,.F.,.F.,(8,8),(0.,1.),
  .PIECEWISE_BEZIER_KNOTS.);
#15737 = CARTESIAN_POINT('',(8.199994785356,2.36101514555,1.930661594627
    ));
#15738 = CARTESIAN_POINT('',(8.219740814653,2.369194218688,
    1.953631624757));
#15739 = CARTESIAN_POINT('',(8.237350857193,2.376488537142,
    1.979737510767));
#15740 = CARTESIAN_POINT('',(8.252103963761,2.38259947397,2.008600993679
    ));
#15741 = CARTESIAN_POINT('',(8.263345460372,2.387255854328,
    2.039540158911));
#15742 = CARTESIAN_POINT('',(8.270709789352,2.390306259269,
    2.071548908286));
#15743 = CARTESIAN_POINT('',(8.274247078134,2.391771452256,
    2.103645306244));
#15744 = CARTESIAN_POINT('',(8.274247078196,2.391771452282,
    2.135020857149));
#15745 = ORIENTED_EDGE('',*,*,#15428,.F.);
#15746 = ( BOUNDED_SURFACE() B_SPLINE_SURFACE(2,12,(
    (#15747,#15748,#15749,#15750,#15751,#15752,#15753,#15754,#15755
      ,#15756,#15757,#15758,#15759,#15760,#15761,#15762,#15763,#15764
      ,#15765,#15766,#15767,#15768,#15769,#15770,#15771,#15772,#15773
      ,#15774,#15775,#15776,#15777,#15778,#15779,#15780,#15781)
    ,(#15782,#15783,#15784,#15785,#15786,#15787,#15788,#15789,#15790
      ,#15791,#15792,#15793,#15794,#15795,#15796,#15797,#15798,#15799
      ,#15800,#15801,#15802,#15803,#15804,#15805,#15806,#15807,#15808
      ,#15809,#15810,#15811,#15812,#15813,#15814,#15815,#15816)
    ,(#15817,#15818,#15819,#15820,#15821,#15822,#15823,#15824,#15825
      ,#15826,#15827,#15828,#15829,#15830,#15831,#15832,#15833,#15834
      ,#15835,#15836,#15837,#15838,#15839,#15840,#15841,#15842,#15843
      ,#15844,#15845,#15846,#15847,#15848,#15849,#15850,#15851
)),.UNSPECIFIED.,.F.,.F.,.F.) B_SPLINE_SURFACE_WITH_KNOTS((3,3),(13,11,
    11,13),(0.,34.361169648639),(-1.464039103958,-9.671295255279E-16,
    34.361169648639,35.825208752597),.UNSPECIFIED.) 
GEOMETRIC_REPRESENTATION_ITEM() RATIONAL_B_SPLINE_SURFACE((
    (1.,1.,1.,1.,1.,1.,1.,1.,1.,1.,1.,1.,1.,1.,1.,1.,1.,1.,1.,1.,1.,1.
      ,1.,1.,1.,1.,1.,1.,1.,1.,1.,1.,1.,1.,1.)
    ,(0.93061798229,0.93061798229,0.93061798229,0.93061798229
      ,0.93061798229,0.93061798229,0.93061798229,0.93061798229
      ,0.93061798229,0.93061798229,0.93061798229,0.93061798229
      ,0.93061798229,0.930618018488,0.930617504558,0.930619566014
      ,0.930615013938,0.930621597397,0.930615013938,0.930619566013
      ,0.930617504558,0.930618018488,0.93061798229,0.93061798229
      ,0.93061798229,0.93061798229,0.93061798229,0.93061798229
      ,0.93061798229,0.93061798229,0.93061798229,0.93061798229
      ,0.93061798229,0.93061798229,0.93061798229)
    ,(1.,1.,1.,1.,1.,1.,1.,1.,1.,1.,1.,1.,1.,1.,1.,1.,1.,1.,1.,1.,1.,1.
,1.,1.,1.,1.,1.,1.,1.,1.,1.,1.,1.,1.,1.
))) REPRESENTATION_ITEM('') SURFACE() );
#15747 = CARTESIAN_POINT('',(8.760258294775,-1.008419382607,
    1.930661594627));
#15748 = CARTESIAN_POINT('',(8.712649897138,-1.123356221865,
    1.930661594627));
#15749 = CARTESIAN_POINT('',(8.665208730747,-1.237889329182,
    1.930661594627));
#15750 = CARTESIAN_POINT('',(8.617934795602,-1.352018704557,
    1.930661594627));
#15751 = CARTESIAN_POINT('',(8.570828091702,-1.46574434799,
    1.930661594627));
#15752 = CARTESIAN_POINT('',(8.523888619049,-1.579066259481,
    1.930661594627));
#15753 = CARTESIAN_POINT('',(8.477116377641,-1.69198443903,
    1.930661594627));
#15754 = CARTESIAN_POINT('',(8.430511367479,-1.804498886638,
    1.930661594627));
#15755 = CARTESIAN_POINT('',(8.384073588562,-1.916609602304,
    1.930661594627));
#15756 = CARTESIAN_POINT('',(8.337803040892,-2.028316586028,
    1.930661594627));
#15757 = CARTESIAN_POINT('',(8.291699724467,-2.139619837811,
    1.930661594627));
#15758 = CARTESIAN_POINT('',(8.245763639289,-2.250519357651,
    1.930661594627));
#15759 = CARTESIAN_POINT('',(7.125794410271,-4.954364259786,
    1.930661594627));
#15760 = CARTESIAN_POINT('',(4.747402641957,-7.054273059452,
    1.930661601126));
#15761 = CARTESIAN_POINT('',(1.313962711064,-7.885633608722,
    1.930661508864));
#15762 = CARTESIAN_POINT('',(-2.366005502969,-6.803844947613,
    1.930661878939));
#15763 = CARTESIAN_POINT('',(-5.108771430237,-4.103735310589,
    1.930661061746));
#15764 = CARTESIAN_POINT('',(-6.480934054876,-1.481215150534E-11,
    1.930662243614));
#15765 = CARTESIAN_POINT('',(-5.108771430238,4.103735310615,
    1.930661061747));
#15766 = CARTESIAN_POINT('',(-2.366005502967,6.803844947594,
    1.930661878938));
#15767 = CARTESIAN_POINT('',(1.313962711062,7.885633608732,
    1.930661508865));
#15768 = CARTESIAN_POINT('',(4.747402641958,7.054273059448,
    1.930661601125));
#15769 = CARTESIAN_POINT('',(7.125794410271,4.954364259787,
    1.930661594627));
#15770 = CARTESIAN_POINT('',(8.245763639289,2.250519357651,
    1.930661594627));
#15771 = CARTESIAN_POINT('',(8.291699724468,2.139619837811,
    1.930661594627));
#15772 = CARTESIAN_POINT('',(8.337803040892,2.028316586028,
    1.930661594627));
#15773 = CARTESIAN_POINT('',(8.384073588562,1.916609602304,
    1.930661594627));
#15774 = CARTESIAN_POINT('',(8.430511367479,1.804498886638,
    1.930661594627));
#15775 = CARTESIAN_POINT('',(8.477116377641,1.69198443903,1.930661594627
    ));
#15776 = CARTESIAN_POINT('',(8.523888619049,1.579066259481,
    1.930661594627));
#15777 = CARTESIAN_POINT('',(8.570828091702,1.465744347989,
    1.930661594627));
#15778 = CARTESIAN_POINT('',(8.617934795602,1.352018704557,
    1.930661594627));
#15779 = CARTESIAN_POINT('',(8.665208730747,1.237889329182,
    1.930661594627));
#15780 = CARTESIAN_POINT('',(8.712649897138,1.123356221865,
    1.930661594627));
#15781 = CARTESIAN_POINT('',(8.760258294775,1.008419382607,
    1.930661594627));
#15782 = CARTESIAN_POINT('',(8.834510587615,-1.039175689339,
    2.017037309501));
#15783 = CARTESIAN_POINT('',(8.787498408479,-1.152673129806,
    2.017037309501));
#15784 = CARTESIAN_POINT('',(8.740545057224,-1.266028547203,
    2.017037309501));
#15785 = CARTESIAN_POINT('',(8.693650533852,-1.379241941529,
    2.017037309501));
#15786 = CARTESIAN_POINT('',(8.646814838362,-1.492313312785,
    2.017037309501));
#15787 = CARTESIAN_POINT('',(8.600037970754,-1.605242660969,
    2.017037309501));
#15788 = CARTESIAN_POINT('',(8.553319931028,-1.718029986083,
    2.017037309501));
#15789 = CARTESIAN_POINT('',(8.506660719184,-1.830675288127,
    2.017037309501));
#15790 = CARTESIAN_POINT('',(8.460060335222,-1.943178567099,
    2.017037309501));
#15791 = CARTESIAN_POINT('',(8.413518779143,-2.055539823001,
    2.017037309501));
#15792 = CARTESIAN_POINT('',(8.367036050945,-2.167759055832,
    2.017037309501));
#15793 = CARTESIAN_POINT('',(8.320612150629,-2.279836265592,
    2.017037309501));
#15794 = CARTESIAN_POINT('',(7.186053384902,-5.01890342512,
    2.017037309501));
#15795 = CARTESIAN_POINT('',(4.776732962847,-7.145973409654,
    2.017037306815));
#15796 = CARTESIAN_POINT('',(1.298912301699,-7.988654131913,
    2.017037344948));
#15797 = CARTESIAN_POINT('',(-2.430361676767,-6.892476824926,
    2.017037191991));
#15798 = CARTESIAN_POINT('',(-5.206992989541,-4.15685029289,
    2.017037529749));
#15799 = CARTESIAN_POINT('',(-6.598620264899,-1.732658461151E-11,
    2.017037041265));
#15800 = CARTESIAN_POINT('',(-5.206992989542,4.156850292919,
    2.017037529749));
#15801 = CARTESIAN_POINT('',(-2.430361676765,6.892476824907,
    2.017037191991));
#15802 = CARTESIAN_POINT('',(1.298912301697,7.988654131922,
    2.017037344948));
#15803 = CARTESIAN_POINT('',(4.776732962848,7.145973409651,
    2.017037306815));
#15804 = CARTESIAN_POINT('',(7.186053384902,5.018903425121,
    2.017037309501));
#15805 = CARTESIAN_POINT('',(8.320612150629,2.279836265592,
    2.017037309501));
#15806 = CARTESIAN_POINT('',(8.367036050945,2.167759055832,
    2.017037309501));
#15807 = CARTESIAN_POINT('',(8.413518779143,2.055539823001,
    2.017037309501));
#15808 = CARTESIAN_POINT('',(8.460060335222,1.943178567099,
    2.017037309501));
#15809 = CARTESIAN_POINT('',(8.506660719184,1.830675288126,
    2.017037309501));
#15810 = CARTESIAN_POINT('',(8.553319931028,1.718029986083,
    2.017037309501));
#15811 = CARTESIAN_POINT('',(8.600037970754,1.605242660969,
    2.017037309501));
#15812 = CARTESIAN_POINT('',(8.646814838362,1.492313312785,
    2.017037309501));
#15813 = CARTESIAN_POINT('',(8.693650533852,1.379241941529,
    2.017037309501));
#15814 = CARTESIAN_POINT('',(8.740545057224,1.266028547203,
    2.017037309501));
#15815 = CARTESIAN_POINT('',(8.787498408479,1.152673129806,
    2.017037309501));
#15816 = CARTESIAN_POINT('',(8.834510587615,1.039175689339,
    2.017037309501));
#15817 = CARTESIAN_POINT('',(8.834510587615,-1.039175689339,
    2.135020857149));
#15818 = CARTESIAN_POINT('',(8.787498408479,-1.152673129806,
    2.135020857149));
#15819 = CARTESIAN_POINT('',(8.740545057224,-1.266028547203,
    2.135020857149));
#15820 = CARTESIAN_POINT('',(8.693650533852,-1.379241941529,
    2.135020857149));
#15821 = CARTESIAN_POINT('',(8.646814838362,-1.492313312785,
    2.135020857149));
#15822 = CARTESIAN_POINT('',(8.600037970754,-1.605242660969,
    2.135020857149));
#15823 = CARTESIAN_POINT('',(8.553319931028,-1.718029986083,
    2.135020857149));
#15824 = CARTESIAN_POINT('',(8.506660719184,-1.830675288127,
    2.135020857149));
#15825 = CARTESIAN_POINT('',(8.460060335222,-1.943178567099,
    2.135020857149));
#15826 = CARTESIAN_POINT('',(8.413518779143,-2.055539823001,
    2.135020857149));
#15827 = CARTESIAN_POINT('',(8.367036050945,-2.167759055832,
    2.135020857149));
#15828 = CARTESIAN_POINT('',(8.320612150629,-2.279836265592,
    2.135020857149));
#15829 = CARTESIAN_POINT('',(7.186053384902,-5.01890342512,
    2.135020857149));
#15830 = CARTESIAN_POINT('',(4.776733295076,-7.14597377676,
    2.135020820202));
#15831 = CARTESIAN_POINT('',(1.298912423612,-7.988650647435,
    2.135021344754));
#15832 = CARTESIAN_POINT('',(-2.430369316402,-6.892486753846,
    2.135019240692));
#15833 = CARTESIAN_POINT('',(-5.206969579464,-4.156838900258,
    2.135023886852));
#15834 = CARTESIAN_POINT('',(-6.598654226826,-1.338440469567E-11,
    2.135017167322));
#15835 = CARTESIAN_POINT('',(-5.206969579465,4.156838900282,
    2.135023886852));
#15836 = CARTESIAN_POINT('',(-2.4303693164,6.892486753829,2.135019240691
    ));
#15837 = CARTESIAN_POINT('',(1.29891242361,7.988650647445,2.135021344755
    ));
#15838 = CARTESIAN_POINT('',(4.776733295077,7.145973776756,
    2.135020820202));
#15839 = CARTESIAN_POINT('',(7.186053384902,5.018903425121,
    2.135020857149));
#15840 = CARTESIAN_POINT('',(8.320612150629,2.279836265592,
    2.135020857149));
#15841 = CARTESIAN_POINT('',(8.367036050945,2.167759055832,
    2.135020857149));
#15842 = CARTESIAN_POINT('',(8.413518779143,2.055539823001,
    2.135020857149));
#15843 = CARTESIAN_POINT('',(8.460060335222,1.943178567099,
    2.135020857149));
#15844 = CARTESIAN_POINT('',(8.506660719184,1.830675288126,
    2.135020857149));
#15845 = CARTESIAN_POINT('',(8.553319931028,1.718029986083,
    2.135020857149));
#15846 = CARTESIAN_POINT('',(8.600037970754,1.605242660969,
    2.135020857149));
#15847 = CARTESIAN_POINT('',(8.646814838362,1.492313312785,
    2.135020857149));
#15848 = CARTESIAN_POINT('',(8.693650533852,1.379241941529,
    2.135020857149));
#15849 = CARTESIAN_POINT('',(8.740545057224,1.266028547203,
    2.135020857149));
#15850 = CARTESIAN_POINT('',(8.787498408479,1.152673129806,
    2.135020857149));
#15851 = CARTESIAN_POINT('',(8.834510587615,1.039175689339,
    2.135020857149));
#15852 = ADVANCED_FACE('',(#15853),#15889,.T.);
#15853 = FACE_BOUND('',#15854,.T.);
#15854 = EDGE_LOOP('',(#15855,#15856,#15857,#15876));
#15855 = ORIENTED_EDGE('',*,*,#15518,.F.);
#15856 = ORIENTED_EDGE('',*,*,#15735,.T.);
#15857 = ORIENTED_EDGE('',*,*,#15858,.T.);
#15858 = EDGE_CURVE('',#15696,#15859,#15861,.T.);
#15859 = VERTEX_POINT('',#15860);
#15860 = CARTESIAN_POINT('',(8.744995383585,0.25,2.135020857149));
#15861 = B_SPLINE_CURVE_WITH_KNOTS('',5,(#15862,#15863,#15864,#15865,
    #15866,#15867,#15868,#15869,#15870,#15871,#15872,#15873,#15874,
    #15875),.UNSPECIFIED.,.F.,.F.,(6,4,4,6),(-0.298533671706,
    -3.349833248374E-07,4.908738856217,5.207271732266),.UNSPECIFIED.);
#15862 = CARTESIAN_POINT('',(8.160003315298,2.667580293815,
    2.135020857149));
#15863 = CARTESIAN_POINT('',(8.182852074634,2.612418509196,
    2.135020857149));
#15864 = CARTESIAN_POINT('',(8.205700830509,2.557256732934,
    2.135020857149));
#15865 = CARTESIAN_POINT('',(8.228549582923,2.502094965028,
    2.135020857149));
#15866 = CARTESIAN_POINT('',(8.251398331875,2.446933205478,
    2.135020857149));
#15867 = CARTESIAN_POINT('',(8.649945596309,1.484754995379,
    2.135020857149));
#15868 = CARTESIAN_POINT('',(8.847596865121,0.503978143055,
    2.135020857149));
#15869 = CARTESIAN_POINT('',(8.847598228196,-0.503974888517,
    2.135020857149));
#15870 = CARTESIAN_POINT('',(8.649946289884,-1.48475332094,
    2.135020857149));
#15871 = CARTESIAN_POINT('',(8.251398324952,-2.446933222191,
    2.135020857149));
#15872 = CARTESIAN_POINT('',(8.228549572539,-2.502094990097,
    2.135020857149));
#15873 = CARTESIAN_POINT('',(8.205700820125,-2.557256758003,
    2.135020857149));
#15874 = CARTESIAN_POINT('',(8.182852067712,-2.612418525909,
    2.135020857149));
#15875 = CARTESIAN_POINT('',(8.160003315298,-2.667580293815,
    2.135020857149));
#15876 = ORIENTED_EDGE('',*,*,#15877,.T.);
#15877 = EDGE_CURVE('',#15859,#15500,#15878,.T.);
#15878 = B_SPLINE_CURVE_WITH_KNOTS('',5,(#15879,#15880,#15881,#15882,
    #15883,#15884,#15885,#15886,#15887,#15888),.UNSPECIFIED.,.F.,.F.,(6,
    4,6),(0.,0.498630770732,1.),.UNSPECIFIED.);
#15879 = CARTESIAN_POINT('',(8.744995383585,0.25,2.135020857149));
#15880 = CARTESIAN_POINT('',(8.744995383258,0.25,2.113099013927));
#15881 = CARTESIAN_POINT('',(8.742991956334,0.25,2.090814072477));
#15882 = CARTESIAN_POINT('',(8.738848931453,0.25,2.068513681975));
#15883 = CARTESIAN_POINT('',(8.732561300231,0.25,2.046622568722));
#15884 = CARTESIAN_POINT('',(8.71594871443,0.25,2.004286580409));
#15885 = CARTESIAN_POINT('',(8.705601618661,0.25,1.983849876761));
#15886 = CARTESIAN_POINT('',(8.693381898567,0.25,1.964582664084));
#15887 = CARTESIAN_POINT('',(8.679587304035,0.25,1.946798433476));
#15888 = CARTESIAN_POINT('',(8.664560108495,0.25,1.930661594627));
#15889 = ( BOUNDED_SURFACE() B_SPLINE_SURFACE(2,5,(
    (#15890,#15891,#15892,#15893,#15894,#15895,#15896,#15897,#15898
      ,#15899,#15900,#15901,#15902,#15903)
    ,(#15904,#15905,#15906,#15907,#15908,#15909,#15910,#15911,#15912
      ,#15913,#15914,#15915,#15916,#15917)
    ,(#15918,#15919,#15920,#15921,#15922,#15923,#15924,#15925,#15926
      ,#15927,#15928,#15929,#15930,#15931
)),.UNSPECIFIED.,.F.,.F.,.F.) B_SPLINE_SURFACE_WITH_KNOTS((3,3),(6,4,4,6
    ),(0.,4.9087391912),(-0.298533671706,-3.349833248374E-07,
    4.908738856217,5.207271732266),.UNSPECIFIED.) 
GEOMETRIC_REPRESENTATION_ITEM() RATIONAL_B_SPLINE_SURFACE((
    (1.,1.,1.,1.,1.,1.,1.,1.,1.,1.,1.,1.,1.,1.)
    ,(0.93061798229,0.93061798229,0.93061798229,0.93061798229
      ,0.93061798229,0.93061798229,0.93061798229,0.93061798229
      ,0.93061798229,0.93061798229,0.93061798229,0.93061798229
      ,0.93061798229,0.93061798229)
,(1.,1.,1.,1.,1.,1.,1.,1.,1.,1.,1.,1.,1.,1.
))) REPRESENTATION_ITEM('') SURFACE() );
#15890 = CARTESIAN_POINT('',(8.085751024298,2.636823983183,
    1.930661594627));
#15891 = CARTESIAN_POINT('',(8.108893600806,2.580952861055,
    1.930661594627));
#15892 = CARTESIAN_POINT('',(8.131889265247,2.525436416031,
    1.930661594627));
#15893 = CARTESIAN_POINT('',(8.154738017623,2.470274648109,
    1.930661594627));
#15894 = CARTESIAN_POINT('',(8.177439857932,2.41546755729,1.930661594627
    ));
#15895 = CARTESIAN_POINT('',(8.570862111871,1.465662215158,
    1.930661594627));
#15896 = CARTESIAN_POINT('',(8.765971747091,0.49749744589,1.930661594627
    ));
#15897 = CARTESIAN_POINT('',(8.765973070929,-0.497494299629,
    1.930661594627));
#15898 = CARTESIAN_POINT('',(8.570862814366,-1.465660519186,
    1.930661594627));
#15899 = CARTESIAN_POINT('',(8.177439850013,-2.415467576406,
    1.930661594627));
#15900 = CARTESIAN_POINT('',(8.154738005745,-2.470274676784,
    1.930661594627));
#15901 = CARTESIAN_POINT('',(8.13188925337,-2.525436444705,
    1.930661594627));
#15902 = CARTESIAN_POINT('',(8.108893592887,-2.580952880172,
    1.930661594627));
#15903 = CARTESIAN_POINT('',(8.085751024298,-2.636823983183,
    1.930661594627));
#15904 = CARTESIAN_POINT('',(8.160003315298,2.667580293815,
    2.017037309501));
#15905 = CARTESIAN_POINT('',(8.182852074634,2.612418509196,
    2.017037309501));
#15906 = CARTESIAN_POINT('',(8.205700830509,2.557256732934,
    2.017037309501));
#15907 = CARTESIAN_POINT('',(8.228549582923,2.502094965028,
    2.017037309501));
#15908 = CARTESIAN_POINT('',(8.251398331875,2.446933205478,
    2.017037309501));
#15909 = CARTESIAN_POINT('',(8.649945596309,1.484754995379,
    2.017037309501));
#15910 = CARTESIAN_POINT('',(8.847596865121,0.503978143055,
    2.017037309501));
#15911 = CARTESIAN_POINT('',(8.847598228196,-0.503974888517,
    2.017037309501));
#15912 = CARTESIAN_POINT('',(8.649946289884,-1.48475332094,
    2.017037309501));
#15913 = CARTESIAN_POINT('',(8.251398324952,-2.446933222191,
    2.017037309501));
#15914 = CARTESIAN_POINT('',(8.228549572539,-2.502094990097,
    2.017037309501));
#15915 = CARTESIAN_POINT('',(8.205700820125,-2.557256758003,
    2.017037309501));
#15916 = CARTESIAN_POINT('',(8.182852067712,-2.612418525909,
    2.017037309501));
#15917 = CARTESIAN_POINT('',(8.160003315298,-2.667580293815,
    2.017037309501));
#15918 = CARTESIAN_POINT('',(8.160003315298,2.667580293815,
    2.135020857149));
#15919 = CARTESIAN_POINT('',(8.182852074634,2.612418509196,
    2.135020857149));
#15920 = CARTESIAN_POINT('',(8.205700830509,2.557256732934,
    2.135020857149));
#15921 = CARTESIAN_POINT('',(8.228549582923,2.502094965028,
    2.135020857149));
#15922 = CARTESIAN_POINT('',(8.251398331875,2.446933205478,
    2.135020857149));
#15923 = CARTESIAN_POINT('',(8.649945596309,1.484754995379,
    2.135020857149));
#15924 = CARTESIAN_POINT('',(8.847596865121,0.503978143055,
    2.135020857149));
#15925 = CARTESIAN_POINT('',(8.847598228196,-0.503974888517,
    2.135020857149));
#15926 = CARTESIAN_POINT('',(8.649946289884,-1.48475332094,
    2.135020857149));
#15927 = CARTESIAN_POINT('',(8.251398324952,-2.446933222191,
    2.135020857149));
#15928 = CARTESIAN_POINT('',(8.228549572539,-2.502094990097,
    2.135020857149));
#15929 = CARTESIAN_POINT('',(8.205700820125,-2.557256758003,
    2.135020857149));
#15930 = CARTESIAN_POINT('',(8.182852067712,-2.612418525909,
    2.135020857149));
#15931 = CARTESIAN_POINT('',(8.160003315298,-2.667580293815,
    2.135020857149));
#15932 = ADVANCED_FACE('',(#15933),#15957,.F.);
#15933 = FACE_BOUND('',#15934,.F.);
#15934 = EDGE_LOOP('',(#15935,#15936,#15937,#15938,#15939,#15956));
#15935 = ORIENTED_EDGE('',*,*,#15480,.F.);
#15936 = ORIENTED_EDGE('',*,*,#15617,.T.);
#15937 = ORIENTED_EDGE('',*,*,#15547,.F.);
#15938 = ORIENTED_EDGE('',*,*,#15587,.T.);
#15939 = ORIENTED_EDGE('',*,*,#15940,.F.);
#15940 = EDGE_CURVE('',#15500,#15569,#15941,.T.);
#15941 = B_SPLINE_CURVE_WITH_KNOTS('',5,(#15942,#15943,#15944,#15945,
    #15946,#15947,#15948,#15949,#15950,#15951,#15952,#15953,#15954,
    #15955),.UNSPECIFIED.,.F.,.F.,(6,4,4,6),(-0.298533671706,
    -3.349833248374E-07,4.908738856217,5.207271732266),.UNSPECIFIED.);
#15942 = CARTESIAN_POINT('',(8.085751024298,2.636823983183,
    1.930661594627));
#15943 = CARTESIAN_POINT('',(8.108893600806,2.580952861055,
    1.930661594627));
#15944 = CARTESIAN_POINT('',(8.131889265247,2.525436416031,
    1.930661594627));
#15945 = CARTESIAN_POINT('',(8.154738017623,2.470274648109,
    1.930661594627));
#15946 = CARTESIAN_POINT('',(8.177439857932,2.41546755729,1.930661594627
    ));
#15947 = CARTESIAN_POINT('',(8.570862111871,1.465662215158,
    1.930661594627));
#15948 = CARTESIAN_POINT('',(8.765971747091,0.49749744589,1.930661594627
    ));
#15949 = CARTESIAN_POINT('',(8.765973070929,-0.497494299629,
    1.930661594627));
#15950 = CARTESIAN_POINT('',(8.570862814366,-1.465660519186,
    1.930661594627));
#15951 = CARTESIAN_POINT('',(8.177439850013,-2.415467576406,
    1.930661594627));
#15952 = CARTESIAN_POINT('',(8.154738005745,-2.470274676784,
    1.930661594627));
#15953 = CARTESIAN_POINT('',(8.13188925337,-2.525436444705,
    1.930661594627));
#15954 = CARTESIAN_POINT('',(8.108893592887,-2.580952880172,
    1.930661594627));
#15955 = CARTESIAN_POINT('',(8.085751024298,-2.636823983183,
    1.930661594627));
#15956 = ORIENTED_EDGE('',*,*,#15499,.F.);
#15957 = SURFACE_OF_REVOLUTION('',#15958,#15963);
#15958 = CIRCLE('',#15959,0.485412195974);
#15959 = AXIS2_PLACEMENT_3D('',#15960,#15961,#15962);
#15960 = CARTESIAN_POINT('',(8.528313949636,2.497009396182,1.6));
#15961 = DIRECTION('',(-0.382683432365,0.923879532511,0.));
#15962 = DIRECTION('',(-0.523404384043,-0.216801194476,-0.824041924199)
  );
#15963 = AXIS1_PLACEMENT('',#15964,#15965);
#15964 = CARTESIAN_POINT('',(2.5,0.,0.));
#15965 = DIRECTION('',(0.,0.,-1.));
#15966 = ADVANCED_FACE('',(#15967),#16003,.T.);
#15967 = FACE_BOUND('',#15968,.T.);
#15968 = EDGE_LOOP('',(#15969,#15970,#15985,#16002));
#15969 = ORIENTED_EDGE('',*,*,#15568,.F.);
#15970 = ORIENTED_EDGE('',*,*,#15971,.F.);
#15971 = EDGE_CURVE('',#15972,#15569,#15974,.T.);
#15972 = VERTEX_POINT('',#15973);
#15973 = CARTESIAN_POINT('',(8.744995433266,-0.25,2.135020857149));
#15974 = B_SPLINE_CURVE_WITH_KNOTS('',5,(#15975,#15976,#15977,#15978,
    #15979,#15980,#15981,#15982,#15983,#15984),.UNSPECIFIED.,.F.,.F.,(6,
    4,6),(0.,0.49863077107,1.),.UNSPECIFIED.);
#15975 = CARTESIAN_POINT('',(8.744995433266,-0.25,2.135020857149));
#15976 = CARTESIAN_POINT('',(8.744995432938,-0.25,2.113099013915));
#15977 = CARTESIAN_POINT('',(8.742992006047,-0.25,2.090814072453));
#15978 = CARTESIAN_POINT('',(8.738848981233,-0.25,2.068513681939));
#15979 = CARTESIAN_POINT('',(8.732561350112,-0.25,2.046622568673));
#15980 = CARTESIAN_POINT('',(8.715948764591,-0.25,2.004286580364));
#15981 = CARTESIAN_POINT('',(8.705601669006,-0.25,1.983849876731));
#15982 = CARTESIAN_POINT('',(8.693381949132,-0.25,1.964582664067));
#15983 = CARTESIAN_POINT('',(8.679587354849,-0.25,1.946798433468));
#15984 = CARTESIAN_POINT('',(8.664560159582,-0.25,1.930661594627));
#15985 = ORIENTED_EDGE('',*,*,#15986,.T.);
#15986 = EDGE_CURVE('',#15972,#15683,#15987,.T.);
#15987 = B_SPLINE_CURVE_WITH_KNOTS('',5,(#15988,#15989,#15990,#15991,
    #15992,#15993,#15994,#15995,#15996,#15997,#15998,#15999,#16000,
    #16001),.UNSPECIFIED.,.F.,.F.,(6,4,4,6),(-0.298533671706,
    -3.349833248374E-07,4.908738856217,5.207271732266),.UNSPECIFIED.);
#15988 = CARTESIAN_POINT('',(8.160003315298,2.667580293815,
    2.135020857149));
#15989 = CARTESIAN_POINT('',(8.182852074634,2.612418509196,
    2.135020857149));
#15990 = CARTESIAN_POINT('',(8.205700830509,2.557256732934,
    2.135020857149));
#15991 = CARTESIAN_POINT('',(8.228549582923,2.502094965028,
    2.135020857149));
#15992 = CARTESIAN_POINT('',(8.251398331875,2.446933205478,
    2.135020857149));
#15993 = CARTESIAN_POINT('',(8.649945596309,1.484754995379,
    2.135020857149));
#15994 = CARTESIAN_POINT('',(8.847596865121,0.503978143055,
    2.135020857149));
#15995 = CARTESIAN_POINT('',(8.847598228196,-0.503974888517,
    2.135020857149));
#15996 = CARTESIAN_POINT('',(8.649946289884,-1.48475332094,
    2.135020857149));
#15997 = CARTESIAN_POINT('',(8.251398324952,-2.446933222191,
    2.135020857149));
#15998 = CARTESIAN_POINT('',(8.228549572539,-2.502094990097,
    2.135020857149));
#15999 = CARTESIAN_POINT('',(8.205700820125,-2.557256758003,
    2.135020857149));
#16000 = CARTESIAN_POINT('',(8.182852067712,-2.612418525909,
    2.135020857149));
#16001 = CARTESIAN_POINT('',(8.160003315298,-2.667580293815,
    2.135020857149));
#16002 = ORIENTED_EDGE('',*,*,#15682,.F.);
#16003 = ( BOUNDED_SURFACE() B_SPLINE_SURFACE(2,5,(
    (#16004,#16005,#16006,#16007,#16008,#16009,#16010,#16011,#16012
      ,#16013,#16014,#16015,#16016,#16017)
    ,(#16018,#16019,#16020,#16021,#16022,#16023,#16024,#16025,#16026
      ,#16027,#16028,#16029,#16030,#16031)
    ,(#16032,#16033,#16034,#16035,#16036,#16037,#16038,#16039,#16040
      ,#16041,#16042,#16043,#16044,#16045
)),.UNSPECIFIED.,.F.,.F.,.F.) B_SPLINE_SURFACE_WITH_KNOTS((3,3),(6,4,4,6
    ),(0.,4.9087391912),(-0.298533671706,-3.349833248374E-07,
    4.908738856217,5.207271732266),.UNSPECIFIED.) 
GEOMETRIC_REPRESENTATION_ITEM() RATIONAL_B_SPLINE_SURFACE((
    (1.,1.,1.,1.,1.,1.,1.,1.,1.,1.,1.,1.,1.,1.)
    ,(0.93061798229,0.93061798229,0.93061798229,0.93061798229
      ,0.93061798229,0.93061798229,0.93061798229,0.93061798229
      ,0.93061798229,0.93061798229,0.93061798229,0.93061798229
      ,0.93061798229,0.93061798229)
,(1.,1.,1.,1.,1.,1.,1.,1.,1.,1.,1.,1.,1.,1.
))) REPRESENTATION_ITEM('') SURFACE() );
#16004 = CARTESIAN_POINT('',(8.085751024298,2.636823983183,
    1.930661594627));
#16005 = CARTESIAN_POINT('',(8.108893600806,2.580952861055,
    1.930661594627));
#16006 = CARTESIAN_POINT('',(8.131889265247,2.525436416031,
    1.930661594627));
#16007 = CARTESIAN_POINT('',(8.154738017623,2.470274648109,
    1.930661594627));
#16008 = CARTESIAN_POINT('',(8.177439857932,2.41546755729,1.930661594627
    ));
#16009 = CARTESIAN_POINT('',(8.570862111871,1.465662215158,
    1.930661594627));
#16010 = CARTESIAN_POINT('',(8.765971747091,0.49749744589,1.930661594627
    ));
#16011 = CARTESIAN_POINT('',(8.765973070929,-0.497494299629,
    1.930661594627));
#16012 = CARTESIAN_POINT('',(8.570862814366,-1.465660519186,
    1.930661594627));
#16013 = CARTESIAN_POINT('',(8.177439850013,-2.415467576406,
    1.930661594627));
#16014 = CARTESIAN_POINT('',(8.154738005745,-2.470274676784,
    1.930661594627));
#16015 = CARTESIAN_POINT('',(8.13188925337,-2.525436444705,
    1.930661594627));
#16016 = CARTESIAN_POINT('',(8.108893592887,-2.580952880172,
    1.930661594627));
#16017 = CARTESIAN_POINT('',(8.085751024298,-2.636823983183,
    1.930661594627));
#16018 = CARTESIAN_POINT('',(8.160003315298,2.667580293815,
    2.017037309501));
#16019 = CARTESIAN_POINT('',(8.182852074634,2.612418509196,
    2.017037309501));
#16020 = CARTESIAN_POINT('',(8.205700830509,2.557256732934,
    2.017037309501));
#16021 = CARTESIAN_POINT('',(8.228549582923,2.502094965028,
    2.017037309501));
#16022 = CARTESIAN_POINT('',(8.251398331875,2.446933205478,
    2.017037309501));
#16023 = CARTESIAN_POINT('',(8.649945596309,1.484754995379,
    2.017037309501));
#16024 = CARTESIAN_POINT('',(8.847596865121,0.503978143055,
    2.017037309501));
#16025 = CARTESIAN_POINT('',(8.847598228196,-0.503974888517,
    2.017037309501));
#16026 = CARTESIAN_POINT('',(8.649946289884,-1.48475332094,
    2.017037309501));
#16027 = CARTESIAN_POINT('',(8.251398324952,-2.446933222191,
    2.017037309501));
#16028 = CARTESIAN_POINT('',(8.228549572539,-2.502094990097,
    2.017037309501));
#16029 = CARTESIAN_POINT('',(8.205700820125,-2.557256758003,
    2.017037309501));
#16030 = CARTESIAN_POINT('',(8.182852067712,-2.612418525909,
    2.017037309501));
#16031 = CARTESIAN_POINT('',(8.160003315298,-2.667580293815,
    2.017037309501));
#16032 = CARTESIAN_POINT('',(8.160003315298,2.667580293815,
    2.135020857149));
#16033 = CARTESIAN_POINT('',(8.182852074634,2.612418509196,
    2.135020857149));
#16034 = CARTESIAN_POINT('',(8.205700830509,2.557256732934,
    2.135020857149));
#16035 = CARTESIAN_POINT('',(8.228549582923,2.502094965028,
    2.135020857149));
#16036 = CARTESIAN_POINT('',(8.251398331875,2.446933205478,
    2.135020857149));
#16037 = CARTESIAN_POINT('',(8.649945596309,1.484754995379,
    2.135020857149));
#16038 = CARTESIAN_POINT('',(8.847596865121,0.503978143055,
    2.135020857149));
#16039 = CARTESIAN_POINT('',(8.847598228196,-0.503974888517,
    2.135020857149));
#16040 = CARTESIAN_POINT('',(8.649946289884,-1.48475332094,
    2.135020857149));
#16041 = CARTESIAN_POINT('',(8.251398324952,-2.446933222191,
    2.135020857149));
#16042 = CARTESIAN_POINT('',(8.228549572539,-2.502094990097,
    2.135020857149));
#16043 = CARTESIAN_POINT('',(8.205700820125,-2.557256758003,
    2.135020857149));
#16044 = CARTESIAN_POINT('',(8.182852067712,-2.612418525909,
    2.135020857149));
#16045 = CARTESIAN_POINT('',(8.160003315298,-2.667580293815,
    2.135020857149));
#16046 = ADVANCED_FACE('',(#16047),#16073,.T.);
#16047 = FACE_BOUND('',#16048,.T.);
#16048 = EDGE_LOOP('',(#16049,#16060,#16066,#16067));
#16049 = ORIENTED_EDGE('',*,*,#16050,.T.);
#16050 = EDGE_CURVE('',#16051,#16053,#16055,.T.);
#16051 = VERTEX_POINT('',#16052);
#16052 = CARTESIAN_POINT('',(8.274247078196,-2.391771452282,12.3));
#16053 = VERTEX_POINT('',#16054);
#16054 = CARTESIAN_POINT('',(8.274247078196,2.391771452282,12.3));
#16055 = CIRCLE('',#16056,6.25);
#16056 = AXIS2_PLACEMENT_3D('',#16057,#16058,#16059);
#16057 = CARTESIAN_POINT('',(2.5,0.,12.3));
#16058 = DIRECTION('',(0.,-0.,-1.));
#16059 = DIRECTION('',(0.923879532511,-0.382683432365,0.));
#16060 = ORIENTED_EDGE('',*,*,#16061,.F.);
#16061 = EDGE_CURVE('',#15696,#16053,#16062,.T.);
#16062 = LINE('',#16063,#16064);
#16063 = CARTESIAN_POINT('',(8.274247078196,2.391771452282,2.));
#16064 = VECTOR('',#16065,1.);
#16065 = DIRECTION('',(0.,0.,1.));
#16066 = ORIENTED_EDGE('',*,*,#15695,.F.);
#16067 = ORIENTED_EDGE('',*,*,#16068,.T.);
#16068 = EDGE_CURVE('',#15683,#16051,#16069,.T.);
#16069 = LINE('',#16070,#16071);
#16070 = CARTESIAN_POINT('',(8.274247078196,-2.391771452282,2.));
#16071 = VECTOR('',#16072,1.);
#16072 = DIRECTION('',(0.,0.,1.));
#16073 = CYLINDRICAL_SURFACE('',#16074,6.25);
#16074 = AXIS2_PLACEMENT_3D('',#16075,#16076,#16077);
#16075 = CARTESIAN_POINT('',(2.5,0.,2.));
#16076 = DIRECTION('',(0.,0.,1.));
#16077 = DIRECTION('',(0.923879532511,-0.382683432365,0.));
#16078 = ADVANCED_FACE('',(#16079),#16101,.T.);
#16079 = FACE_BOUND('',#16080,.T.);
#16080 = EDGE_LOOP('',(#16081,#16082,#16083,#16100));
#16081 = ORIENTED_EDGE('',*,*,#15940,.F.);
#16082 = ORIENTED_EDGE('',*,*,#15877,.F.);
#16083 = ORIENTED_EDGE('',*,*,#16084,.T.);
#16084 = EDGE_CURVE('',#15859,#15972,#16085,.T.);
#16085 = B_SPLINE_CURVE_WITH_KNOTS('',5,(#16086,#16087,#16088,#16089,
    #16090,#16091,#16092,#16093,#16094,#16095,#16096,#16097,#16098,
    #16099),.UNSPECIFIED.,.F.,.F.,(6,4,4,6),(-0.298533671706,
    -3.349833248374E-07,4.908738856217,5.207271732266),.UNSPECIFIED.);
#16086 = CARTESIAN_POINT('',(8.160003315298,2.667580293815,
    2.135020857149));
#16087 = CARTESIAN_POINT('',(8.182852074634,2.612418509196,
    2.135020857149));
#16088 = CARTESIAN_POINT('',(8.205700830509,2.557256732934,
    2.135020857149));
#16089 = CARTESIAN_POINT('',(8.228549582923,2.502094965028,
    2.135020857149));
#16090 = CARTESIAN_POINT('',(8.251398331875,2.446933205478,
    2.135020857149));
#16091 = CARTESIAN_POINT('',(8.649945596309,1.484754995379,
    2.135020857149));
#16092 = CARTESIAN_POINT('',(8.847596865121,0.503978143055,
    2.135020857149));
#16093 = CARTESIAN_POINT('',(8.847598228196,-0.503974888517,
    2.135020857149));
#16094 = CARTESIAN_POINT('',(8.649946289884,-1.48475332094,
    2.135020857149));
#16095 = CARTESIAN_POINT('',(8.251398324952,-2.446933222191,
    2.135020857149));
#16096 = CARTESIAN_POINT('',(8.228549572539,-2.502094990097,
    2.135020857149));
#16097 = CARTESIAN_POINT('',(8.205700820125,-2.557256758003,
    2.135020857149));
#16098 = CARTESIAN_POINT('',(8.182852067712,-2.612418525909,
    2.135020857149));
#16099 = CARTESIAN_POINT('',(8.160003315298,-2.667580293815,
    2.135020857149));
#16100 = ORIENTED_EDGE('',*,*,#15971,.T.);
#16101 = ( BOUNDED_SURFACE() B_SPLINE_SURFACE(2,5,(
    (#16102,#16103,#16104,#16105,#16106,#16107,#16108,#16109,#16110
      ,#16111,#16112,#16113,#16114,#16115)
    ,(#16116,#16117,#16118,#16119,#16120,#16121,#16122,#16123,#16124
      ,#16125,#16126,#16127,#16128,#16129)
    ,(#16130,#16131,#16132,#16133,#16134,#16135,#16136,#16137,#16138
      ,#16139,#16140,#16141,#16142,#16143
)),.UNSPECIFIED.,.F.,.F.,.F.) B_SPLINE_SURFACE_WITH_KNOTS((3,3),(6,4,4,6
    ),(0.,4.9087391912),(-0.298533671706,-3.349833248374E-07,
    4.908738856217,5.207271732266),.UNSPECIFIED.) 
GEOMETRIC_REPRESENTATION_ITEM() RATIONAL_B_SPLINE_SURFACE((
    (1.,1.,1.,1.,1.,1.,1.,1.,1.,1.,1.,1.,1.,1.)
    ,(0.93061798229,0.93061798229,0.93061798229,0.93061798229
      ,0.93061798229,0.93061798229,0.93061798229,0.93061798229
      ,0.93061798229,0.93061798229,0.93061798229,0.93061798229
      ,0.93061798229,0.93061798229)
,(1.,1.,1.,1.,1.,1.,1.,1.,1.,1.,1.,1.,1.,1.
))) REPRESENTATION_ITEM('') SURFACE() );
#16102 = CARTESIAN_POINT('',(8.085751024298,2.636823983183,
    1.930661594627));
#16103 = CARTESIAN_POINT('',(8.108893600806,2.580952861055,
    1.930661594627));
#16104 = CARTESIAN_POINT('',(8.131889265247,2.525436416031,
    1.930661594627));
#16105 = CARTESIAN_POINT('',(8.154738017623,2.470274648109,
    1.930661594627));
#16106 = CARTESIAN_POINT('',(8.177439857932,2.41546755729,1.930661594627
    ));
#16107 = CARTESIAN_POINT('',(8.570862111871,1.465662215158,
    1.930661594627));
#16108 = CARTESIAN_POINT('',(8.765971747091,0.49749744589,1.930661594627
    ));
#16109 = CARTESIAN_POINT('',(8.765973070929,-0.497494299629,
    1.930661594627));
#16110 = CARTESIAN_POINT('',(8.570862814366,-1.465660519186,
    1.930661594627));
#16111 = CARTESIAN_POINT('',(8.177439850013,-2.415467576406,
    1.930661594627));
#16112 = CARTESIAN_POINT('',(8.154738005745,-2.470274676784,
    1.930661594627));
#16113 = CARTESIAN_POINT('',(8.13188925337,-2.525436444705,
    1.930661594627));
#16114 = CARTESIAN_POINT('',(8.108893592887,-2.580952880172,
    1.930661594627));
#16115 = CARTESIAN_POINT('',(8.085751024298,-2.636823983183,
    1.930661594627));
#16116 = CARTESIAN_POINT('',(8.160003315298,2.667580293815,
    2.017037309501));
#16117 = CARTESIAN_POINT('',(8.182852074634,2.612418509196,
    2.017037309501));
#16118 = CARTESIAN_POINT('',(8.205700830509,2.557256732934,
    2.017037309501));
#16119 = CARTESIAN_POINT('',(8.228549582923,2.502094965028,
    2.017037309501));
#16120 = CARTESIAN_POINT('',(8.251398331875,2.446933205478,
    2.017037309501));
#16121 = CARTESIAN_POINT('',(8.649945596309,1.484754995379,
    2.017037309501));
#16122 = CARTESIAN_POINT('',(8.847596865121,0.503978143055,
    2.017037309501));
#16123 = CARTESIAN_POINT('',(8.847598228196,-0.503974888517,
    2.017037309501));
#16124 = CARTESIAN_POINT('',(8.649946289884,-1.48475332094,
    2.017037309501));
#16125 = CARTESIAN_POINT('',(8.251398324952,-2.446933222191,
    2.017037309501));
#16126 = CARTESIAN_POINT('',(8.228549572539,-2.502094990097,
    2.017037309501));
#16127 = CARTESIAN_POINT('',(8.205700820125,-2.557256758003,
    2.017037309501));
#16128 = CARTESIAN_POINT('',(8.182852067712,-2.612418525909,
    2.017037309501));
#16129 = CARTESIAN_POINT('',(8.160003315298,-2.667580293815,
    2.017037309501));
#16130 = CARTESIAN_POINT('',(8.160003315298,2.667580293815,
    2.135020857149));
#16131 = CARTESIAN_POINT('',(8.182852074634,2.612418509196,
    2.135020857149));
#16132 = CARTESIAN_POINT('',(8.205700830509,2.557256732934,
    2.135020857149));
#16133 = CARTESIAN_POINT('',(8.228549582923,2.502094965028,
    2.135020857149));
#16134 = CARTESIAN_POINT('',(8.251398331875,2.446933205478,
    2.135020857149));
#16135 = CARTESIAN_POINT('',(8.649945596309,1.484754995379,
    2.135020857149));
#16136 = CARTESIAN_POINT('',(8.847596865121,0.503978143055,
    2.135020857149));
#16137 = CARTESIAN_POINT('',(8.847598228196,-0.503974888517,
    2.135020857149));
#16138 = CARTESIAN_POINT('',(8.649946289884,-1.48475332094,
    2.135020857149));
#16139 = CARTESIAN_POINT('',(8.251398324952,-2.446933222191,
    2.135020857149));
#16140 = CARTESIAN_POINT('',(8.228549572539,-2.502094990097,
    2.135020857149));
#16141 = CARTESIAN_POINT('',(8.205700820125,-2.557256758003,
    2.135020857149));
#16142 = CARTESIAN_POINT('',(8.182852067712,-2.612418525909,
    2.135020857149));
#16143 = CARTESIAN_POINT('',(8.160003315298,-2.667580293815,
    2.135020857149));
#16144 = ADVANCED_FACE('',(#16145,#16216,#16322),#16428,.T.);
#16145 = FACE_BOUND('',#16146,.T.);
#16146 = EDGE_LOOP('',(#16147,#16154,#16155,#16156,#16164,#16178,#16187,
    #16201,#16208,#16214,#16215));
#16147 = ORIENTED_EDGE('',*,*,#16148,.T.);
#16148 = EDGE_CURVE('',#16053,#16051,#16149,.T.);
#16149 = CIRCLE('',#16150,6.25);
#16150 = AXIS2_PLACEMENT_3D('',#16151,#16152,#16153);
#16151 = CARTESIAN_POINT('',(2.5,0.,12.3));
#16152 = DIRECTION('',(0.,0.,-1.));
#16153 = DIRECTION('',(0.923879532511,0.382683432365,0.));
#16154 = ORIENTED_EDGE('',*,*,#16068,.F.);
#16155 = ORIENTED_EDGE('',*,*,#15986,.F.);
#16156 = ORIENTED_EDGE('',*,*,#16157,.T.);
#16157 = EDGE_CURVE('',#15972,#16158,#16160,.T.);
#16158 = VERTEX_POINT('',#16159);
#16159 = CARTESIAN_POINT('',(8.744997998398,-0.25,3.001));
#16160 = LINE('',#16161,#16162);
#16161 = CARTESIAN_POINT('',(8.744997998398,-0.25,2.));
#16162 = VECTOR('',#16163,1.);
#16163 = DIRECTION('',(0.,0.,1.));
#16164 = ORIENTED_EDGE('',*,*,#16165,.F.);
#16165 = EDGE_CURVE('',#16166,#16158,#16168,.T.);
#16166 = VERTEX_POINT('',#16167);
#16167 = CARTESIAN_POINT('',(8.74999992,-1.000000000001E-03,3.25));
#16168 = B_SPLINE_CURVE_WITH_KNOTS('',8,(#16169,#16170,#16171,#16172,
    #16173,#16174,#16175,#16176,#16177),.UNSPECIFIED.,.F.,.F.,(9,9),(0.,
    1.),.PIECEWISE_BEZIER_KNOTS.);
#16169 = CARTESIAN_POINT('',(8.74999992,-9.999999999985E-04,3.25));
#16170 = CARTESIAN_POINT('',(8.749991177263,-5.564210539661E-02,3.25));
#16171 = CARTESIAN_POINT('',(8.749436903266,-0.107447088775,
    3.236295197463));
#16172 = CARTESIAN_POINT('',(8.748436938534,-0.153341994324,
    3.211381631848));
#16173 = CARTESIAN_POINT('',(8.747254778971,-0.191544512111,
    3.177642768812));
#16174 = CARTESIAN_POINT('',(8.746167852967,-0.220775444452,
    3.137445021056));
#16175 = CARTESIAN_POINT('',(8.745383732778,-0.240364799624,
    3.093064329198));
#16176 = CARTESIAN_POINT('',(8.744997998398,-0.25,3.046819802665));
#16177 = CARTESIAN_POINT('',(8.744997998398,-0.25,3.001));
#16178 = ORIENTED_EDGE('',*,*,#16179,.T.);
#16179 = EDGE_CURVE('',#16166,#16180,#16182,.T.);
#16180 = VERTEX_POINT('',#16181);
#16181 = CARTESIAN_POINT('',(8.74999992,9.999999999993E-04,3.25));
#16182 = CIRCLE('',#16183,6.25);
#16183 = AXIS2_PLACEMENT_3D('',#16184,#16185,#16186);
#16184 = CARTESIAN_POINT('',(2.5,0.,3.25));
#16185 = DIRECTION('',(0.,-0.,1.));
#16186 = DIRECTION('',(0.923879532511,0.382683432365,0.));
#16187 = ORIENTED_EDGE('',*,*,#16188,.F.);
#16188 = EDGE_CURVE('',#16189,#16180,#16191,.T.);
#16189 = VERTEX_POINT('',#16190);
#16190 = CARTESIAN_POINT('',(8.744998010398,0.24999970024,3.001386368141
    ));
#16191 = B_SPLINE_CURVE_WITH_KNOTS('',8,(#16192,#16193,#16194,#16195,
    #16196,#16197,#16198,#16199,#16200),.UNSPECIFIED.,.F.,.F.,(9,9),(0.,
    1.),.PIECEWISE_BEZIER_KNOTS.);
#16192 = CARTESIAN_POINT('',(8.744998010398,0.24999970024,3.001386368141
    ));
#16193 = CARTESIAN_POINT('',(8.745000852561,0.249928702962,
    3.047141436953));
#16194 = CARTESIAN_POINT('',(8.745388377853,0.240249088621,
    3.093326630846));
#16195 = CARTESIAN_POINT('',(8.746173149987,0.220630402916,
    3.137656946107));
#16196 = CARTESIAN_POINT('',(8.747260251217,0.191378972664,
    3.177800094254));
#16197 = CARTESIAN_POINT('',(8.748440564747,0.153178451553,3.21147086215
    ));
#16198 = CARTESIAN_POINT('',(8.749438074843,0.107326056646,
    3.236324380032));
#16199 = CARTESIAN_POINT('',(8.749991186587,5.558383282929E-02,3.25));
#16200 = CARTESIAN_POINT('',(8.74999992,9.99999999999E-04,3.25));
#16201 = ORIENTED_EDGE('',*,*,#16202,.F.);
#16202 = EDGE_CURVE('',#16203,#16189,#16205,.T.);
#16203 = VERTEX_POINT('',#16204);
#16204 = CARTESIAN_POINT('',(8.744997998398,0.25,3.001));
#16205 = B_SPLINE_CURVE_WITH_KNOTS('',1,(#16206,#16207),.UNSPECIFIED.,
  .F.,.F.,(2,2),(0.,1.),.PIECEWISE_BEZIER_KNOTS.);
#16206 = CARTESIAN_POINT('',(8.744997998398,0.25,3.001));
#16207 = CARTESIAN_POINT('',(8.744998010398,0.24999970024,3.001386368141
    ));
#16208 = ORIENTED_EDGE('',*,*,#16209,.F.);
#16209 = EDGE_CURVE('',#15859,#16203,#16210,.T.);
#16210 = LINE('',#16211,#16212);
#16211 = CARTESIAN_POINT('',(8.744997998398,0.25,2.));
#16212 = VECTOR('',#16213,1.);
#16213 = DIRECTION('',(0.,0.,1.));
#16214 = ORIENTED_EDGE('',*,*,#15858,.F.);
#16215 = ORIENTED_EDGE('',*,*,#16061,.T.);
#16216 = FACE_BOUND('',#16217,.T.);
#16217 = EDGE_LOOP('',(#16218,#16234,#16243,#16257,#16265,#16279,#16288,
    #16302,#16309,#16317));
#16218 = ORIENTED_EDGE('',*,*,#16219,.T.);
#16219 = EDGE_CURVE('',#16220,#16222,#16224,.T.);
#16220 = VERTEX_POINT('',#16221);
#16221 = CARTESIAN_POINT('',(8.744998010398,0.24999970024,5.498613631859
    ));
#16222 = VERTEX_POINT('',#16223);
#16223 = CARTESIAN_POINT('',(8.74999992,9.999999999993E-04,5.25));
#16224 = B_SPLINE_CURVE_WITH_KNOTS('',8,(#16225,#16226,#16227,#16228,
    #16229,#16230,#16231,#16232,#16233),.UNSPECIFIED.,.F.,.F.,(9,9),(0.,
    1.),.PIECEWISE_BEZIER_KNOTS.);
#16225 = CARTESIAN_POINT('',(8.744998010398,0.24999970024,5.498613631859
    ));
#16226 = CARTESIAN_POINT('',(8.745000852561,0.249928702962,
    5.452858563044));
#16227 = CARTESIAN_POINT('',(8.745388377853,0.24024908862,5.40667336916)
  );
#16228 = CARTESIAN_POINT('',(8.746173149987,0.220630402918,
    5.362343053889));
#16229 = CARTESIAN_POINT('',(8.747260251218,0.191378972661,
    5.322199905745));
#16230 = CARTESIAN_POINT('',(8.748440564746,0.153178451551,
    5.288529137852));
#16231 = CARTESIAN_POINT('',(8.749438074843,0.107326056651,
    5.263675619967));
#16232 = CARTESIAN_POINT('',(8.749991186587,5.558383282645E-02,5.25));
#16233 = CARTESIAN_POINT('',(8.74999992,9.99999999999E-04,5.25));
#16234 = ORIENTED_EDGE('',*,*,#16235,.F.);
#16235 = EDGE_CURVE('',#16236,#16222,#16238,.T.);
#16236 = VERTEX_POINT('',#16237);
#16237 = CARTESIAN_POINT('',(8.74999992,-1.000000000001E-03,5.25));
#16238 = CIRCLE('',#16239,6.25);
#16239 = AXIS2_PLACEMENT_3D('',#16240,#16241,#16242);
#16240 = CARTESIAN_POINT('',(2.5,0.,5.25));
#16241 = DIRECTION('',(0.,-0.,1.));
#16242 = DIRECTION('',(0.923879532511,0.382683432365,0.));
#16243 = ORIENTED_EDGE('',*,*,#16244,.T.);
#16244 = EDGE_CURVE('',#16236,#16245,#16247,.T.);
#16245 = VERTEX_POINT('',#16246);
#16246 = CARTESIAN_POINT('',(8.744997998398,-0.25,5.499));
#16247 = B_SPLINE_CURVE_WITH_KNOTS('',8,(#16248,#16249,#16250,#16251,
    #16252,#16253,#16254,#16255,#16256),.UNSPECIFIED.,.F.,.F.,(9,9),(0.,
    1.),.PIECEWISE_BEZIER_KNOTS.);
#16248 = CARTESIAN_POINT('',(8.74999992,-9.999999999985E-04,5.25));
#16249 = CARTESIAN_POINT('',(8.749991177263,-5.564210539224E-02,5.25));
#16250 = CARTESIAN_POINT('',(8.749436903266,-0.107447088783,
    5.263704802535));
#16251 = CARTESIAN_POINT('',(8.748436938534,-0.15334199432,
    5.288618368156));
#16252 = CARTESIAN_POINT('',(8.747254778971,-0.191544512109,
    5.322357231184));
#16253 = CARTESIAN_POINT('',(8.746167852966,-0.220775444454,
    5.362554978943));
#16254 = CARTESIAN_POINT('',(8.745383732778,-0.240364799624,
    5.406935670807));
#16255 = CARTESIAN_POINT('',(8.744997998398,-0.25,5.453180197333));
#16256 = CARTESIAN_POINT('',(8.744997998398,-0.25,5.499));
#16257 = ORIENTED_EDGE('',*,*,#16258,.T.);
#16258 = EDGE_CURVE('',#16245,#16259,#16261,.T.);
#16259 = VERTEX_POINT('',#16260);
#16260 = CARTESIAN_POINT('',(8.744997998398,-0.25,7.001));
#16261 = LINE('',#16262,#16263);
#16262 = CARTESIAN_POINT('',(8.744997998398,-0.25,2.));
#16263 = VECTOR('',#16264,1.);
#16264 = DIRECTION('',(0.,0.,1.));
#16265 = ORIENTED_EDGE('',*,*,#16266,.F.);
#16266 = EDGE_CURVE('',#16267,#16259,#16269,.T.);
#16267 = VERTEX_POINT('',#16268);
#16268 = CARTESIAN_POINT('',(8.74999992,-1.000000000001E-03,7.25));
#16269 = B_SPLINE_CURVE_WITH_KNOTS('',8,(#16270,#16271,#16272,#16273,
    #16274,#16275,#16276,#16277,#16278),.UNSPECIFIED.,.F.,.F.,(9,9),(0.,
    1.),.PIECEWISE_BEZIER_KNOTS.);
#16270 = CARTESIAN_POINT('',(8.74999992,-9.999999999985E-04,7.25));
#16271 = CARTESIAN_POINT('',(8.749991177263,-5.564210539232E-02,7.25));
#16272 = CARTESIAN_POINT('',(8.749436903266,-0.107447088783,
    7.236295197465));
#16273 = CARTESIAN_POINT('',(8.748436938534,-0.15334199432,
    7.211381631843));
#16274 = CARTESIAN_POINT('',(8.747254778971,-0.191544512109,
    7.177642768817));
#16275 = CARTESIAN_POINT('',(8.746167852966,-0.220775444455,
    7.137445021057));
#16276 = CARTESIAN_POINT('',(8.745383732778,-0.240364799624,
    7.093064329193));
#16277 = CARTESIAN_POINT('',(8.744997998398,-0.25,7.046819802667));
#16278 = CARTESIAN_POINT('',(8.744997998398,-0.25,7.001));
#16279 = ORIENTED_EDGE('',*,*,#16280,.T.);
#16280 = EDGE_CURVE('',#16267,#16281,#16283,.T.);
#16281 = VERTEX_POINT('',#16282);
#16282 = CARTESIAN_POINT('',(8.74999992,9.999999999993E-04,7.25));
#16283 = CIRCLE('',#16284,6.25);
#16284 = AXIS2_PLACEMENT_3D('',#16285,#16286,#16287);
#16285 = CARTESIAN_POINT('',(2.5,0.,7.25));
#16286 = DIRECTION('',(0.,-0.,1.));
#16287 = DIRECTION('',(0.923879532511,0.382683432365,0.));
#16288 = ORIENTED_EDGE('',*,*,#16289,.F.);
#16289 = EDGE_CURVE('',#16290,#16281,#16292,.T.);
#16290 = VERTEX_POINT('',#16291);
#16291 = CARTESIAN_POINT('',(8.744998010398,0.24999970024,7.001386368141
    ));
#16292 = B_SPLINE_CURVE_WITH_KNOTS('',8,(#16293,#16294,#16295,#16296,
    #16297,#16298,#16299,#16300,#16301),.UNSPECIFIED.,.F.,.F.,(9,9),(0.,
    1.),.PIECEWISE_BEZIER_KNOTS.);
#16293 = CARTESIAN_POINT('',(8.744998010398,0.24999970024,7.001386368141
    ));
#16294 = CARTESIAN_POINT('',(8.745000852561,0.249928702962,
    7.047141436953));
#16295 = CARTESIAN_POINT('',(8.745388377853,0.24024908862,7.093326630846
    ));
#16296 = CARTESIAN_POINT('',(8.746173149987,0.220630402916,
    7.137656946107));
#16297 = CARTESIAN_POINT('',(8.747260251217,0.191378972662,
    7.177800094254));
#16298 = CARTESIAN_POINT('',(8.748440564747,0.153178451554,7.21147086215
    ));
#16299 = CARTESIAN_POINT('',(8.749438074843,0.107326056645,
    7.236324380032));
#16300 = CARTESIAN_POINT('',(8.749991186587,5.558383282928E-02,7.25));
#16301 = CARTESIAN_POINT('',(8.74999992,9.99999999999E-04,7.25));
#16302 = ORIENTED_EDGE('',*,*,#16303,.F.);
#16303 = EDGE_CURVE('',#16304,#16290,#16306,.T.);
#16304 = VERTEX_POINT('',#16305);
#16305 = CARTESIAN_POINT('',(8.744997998398,0.25,7.001));
#16306 = B_SPLINE_CURVE_WITH_KNOTS('',1,(#16307,#16308),.UNSPECIFIED.,
  .F.,.F.,(2,2),(0.,1.),.PIECEWISE_BEZIER_KNOTS.);
#16307 = CARTESIAN_POINT('',(8.744997998398,0.25,7.001));
#16308 = CARTESIAN_POINT('',(8.744998010398,0.24999970024,7.001386368141
    ));
#16309 = ORIENTED_EDGE('',*,*,#16310,.F.);
#16310 = EDGE_CURVE('',#16311,#16304,#16313,.T.);
#16311 = VERTEX_POINT('',#16312);
#16312 = CARTESIAN_POINT('',(8.744997998398,0.25,5.499));
#16313 = LINE('',#16314,#16315);
#16314 = CARTESIAN_POINT('',(8.744997998398,0.25,2.));
#16315 = VECTOR('',#16316,1.);
#16316 = DIRECTION('',(0.,0.,1.));
#16317 = ORIENTED_EDGE('',*,*,#16318,.T.);
#16318 = EDGE_CURVE('',#16311,#16220,#16319,.T.);
#16319 = B_SPLINE_CURVE_WITH_KNOTS('',1,(#16320,#16321),.UNSPECIFIED.,
  .F.,.F.,(2,2),(0.,1.),.PIECEWISE_BEZIER_KNOTS.);
#16320 = CARTESIAN_POINT('',(8.744997998398,0.25,5.499));
#16321 = CARTESIAN_POINT('',(8.744998010398,0.24999970024,5.498613631859
    ));
#16322 = FACE_BOUND('',#16323,.T.);
#16323 = EDGE_LOOP('',(#16324,#16334,#16348,#16357,#16371,#16378,#16386,
    #16393,#16407,#16416));
#16324 = ORIENTED_EDGE('',*,*,#16325,.T.);
#16325 = EDGE_CURVE('',#16326,#16328,#16330,.T.);
#16326 = VERTEX_POINT('',#16327);
#16327 = CARTESIAN_POINT('',(8.744997998398,-0.25,9.499));
#16328 = VERTEX_POINT('',#16329);
#16329 = CARTESIAN_POINT('',(8.744997998398,-0.25,11.001));
#16330 = LINE('',#16331,#16332);
#16331 = CARTESIAN_POINT('',(8.744997998398,-0.25,2.));
#16332 = VECTOR('',#16333,1.);
#16333 = DIRECTION('',(0.,0.,1.));
#16334 = ORIENTED_EDGE('',*,*,#16335,.F.);
#16335 = EDGE_CURVE('',#16336,#16328,#16338,.T.);
#16336 = VERTEX_POINT('',#16337);
#16337 = CARTESIAN_POINT('',(8.74999992,-1.000000000001E-03,11.25));
#16338 = B_SPLINE_CURVE_WITH_KNOTS('',8,(#16339,#16340,#16341,#16342,
    #16343,#16344,#16345,#16346,#16347),.UNSPECIFIED.,.F.,.F.,(9,9),(0.,
    1.),.PIECEWISE_BEZIER_KNOTS.);
#16339 = CARTESIAN_POINT('',(8.74999992,-9.999999999985E-04,11.25));
#16340 = CARTESIAN_POINT('',(8.749991177263,-5.564210539339E-02,11.25));
#16341 = CARTESIAN_POINT('',(8.749436903266,-0.107447088781,
    11.236295197465));
#16342 = CARTESIAN_POINT('',(8.748436938534,-0.153341994321,
    11.211381631843));
#16343 = CARTESIAN_POINT('',(8.747254778971,-0.191544512108,
    11.177642768817));
#16344 = CARTESIAN_POINT('',(8.746167852966,-0.220775444455,
    11.137445021056));
#16345 = CARTESIAN_POINT('',(8.745383732778,-0.240364799624,
    11.093064329194));
#16346 = CARTESIAN_POINT('',(8.744997998398,-0.25,11.046819802666));
#16347 = CARTESIAN_POINT('',(8.744997998398,-0.25,11.001));
#16348 = ORIENTED_EDGE('',*,*,#16349,.T.);
#16349 = EDGE_CURVE('',#16336,#16350,#16352,.T.);
#16350 = VERTEX_POINT('',#16351);
#16351 = CARTESIAN_POINT('',(8.74999992,9.999999999993E-04,11.25));
#16352 = CIRCLE('',#16353,6.25);
#16353 = AXIS2_PLACEMENT_3D('',#16354,#16355,#16356);
#16354 = CARTESIAN_POINT('',(2.5,0.,11.25));
#16355 = DIRECTION('',(0.,-0.,1.));
#16356 = DIRECTION('',(0.923879532511,0.382683432365,0.));
#16357 = ORIENTED_EDGE('',*,*,#16358,.F.);
#16358 = EDGE_CURVE('',#16359,#16350,#16361,.T.);
#16359 = VERTEX_POINT('',#16360);
#16360 = CARTESIAN_POINT('',(8.744998010398,0.24999970024,
    11.001386368141));
#16361 = B_SPLINE_CURVE_WITH_KNOTS('',8,(#16362,#16363,#16364,#16365,
    #16366,#16367,#16368,#16369,#16370),.UNSPECIFIED.,.F.,.F.,(9,9),(0.,
    1.),.PIECEWISE_BEZIER_KNOTS.);
#16362 = CARTESIAN_POINT('',(8.744998010398,0.24999970024,
    11.001386368141));
#16363 = CARTESIAN_POINT('',(8.745000852561,0.249928702962,
    11.04714143695));
#16364 = CARTESIAN_POINT('',(8.745388377853,0.240249088622,
    11.093326630853));
#16365 = CARTESIAN_POINT('',(8.746173149987,0.22063040291,
    11.137656946105));
#16366 = CARTESIAN_POINT('',(8.747260251217,0.19137897267,
    11.177800094248));
#16367 = CARTESIAN_POINT('',(8.748440564747,0.153178451554,
    11.211470862157));
#16368 = CARTESIAN_POINT('',(8.749438074842,0.107326056639,
    11.23632438003));
#16369 = CARTESIAN_POINT('',(8.749991186587,5.558383283361E-02,11.25));
#16370 = CARTESIAN_POINT('',(8.74999992,9.99999999999E-04,11.25));
#16371 = ORIENTED_EDGE('',*,*,#16372,.F.);
#16372 = EDGE_CURVE('',#16373,#16359,#16375,.T.);
#16373 = VERTEX_POINT('',#16374);
#16374 = CARTESIAN_POINT('',(8.744997998398,0.25,11.001));
#16375 = B_SPLINE_CURVE_WITH_KNOTS('',1,(#16376,#16377),.UNSPECIFIED.,
  .F.,.F.,(2,2),(0.,1.),.PIECEWISE_BEZIER_KNOTS.);
#16376 = CARTESIAN_POINT('',(8.744997998398,0.25,11.001));
#16377 = CARTESIAN_POINT('',(8.744998010398,0.24999970024,
    11.001386368141));
#16378 = ORIENTED_EDGE('',*,*,#16379,.F.);
#16379 = EDGE_CURVE('',#16380,#16373,#16382,.T.);
#16380 = VERTEX_POINT('',#16381);
#16381 = CARTESIAN_POINT('',(8.744997998398,0.25,9.499));
#16382 = LINE('',#16383,#16384);
#16383 = CARTESIAN_POINT('',(8.744997998398,0.25,2.));
#16384 = VECTOR('',#16385,1.);
#16385 = DIRECTION('',(0.,0.,1.));
#16386 = ORIENTED_EDGE('',*,*,#16387,.T.);
#16387 = EDGE_CURVE('',#16380,#16388,#16390,.T.);
#16388 = VERTEX_POINT('',#16389);
#16389 = CARTESIAN_POINT('',(8.744998010398,0.24999970024,9.498613631859
    ));
#16390 = B_SPLINE_CURVE_WITH_KNOTS('',1,(#16391,#16392),.UNSPECIFIED.,
  .F.,.F.,(2,2),(0.,1.),.PIECEWISE_BEZIER_KNOTS.);
#16391 = CARTESIAN_POINT('',(8.744997998398,0.25,9.499));
#16392 = CARTESIAN_POINT('',(8.744998010398,0.24999970024,9.498613631859
    ));
#16393 = ORIENTED_EDGE('',*,*,#16394,.T.);
#16394 = EDGE_CURVE('',#16388,#16395,#16397,.T.);
#16395 = VERTEX_POINT('',#16396);
#16396 = CARTESIAN_POINT('',(8.74999992,9.999999999993E-04,9.25));
#16397 = B_SPLINE_CURVE_WITH_KNOTS('',8,(#16398,#16399,#16400,#16401,
    #16402,#16403,#16404,#16405,#16406),.UNSPECIFIED.,.F.,.F.,(9,9),(0.,
    1.),.PIECEWISE_BEZIER_KNOTS.);
#16398 = CARTESIAN_POINT('',(8.744998010398,0.24999970024,9.498613631859
    ));
#16399 = CARTESIAN_POINT('',(8.745000852561,0.249928702962,
    9.452858563045));
#16400 = CARTESIAN_POINT('',(8.745388377853,0.24024908862,9.406673369159
    ));
#16401 = CARTESIAN_POINT('',(8.746173149987,0.220630402918,9.36234305389
    ));
#16402 = CARTESIAN_POINT('',(8.747260251218,0.191378972662,
    9.322199905745));
#16403 = CARTESIAN_POINT('',(8.748440564746,0.15317845155,9.288529137852
    ));
#16404 = CARTESIAN_POINT('',(8.749438074843,0.107326056651,
    9.263675619967));
#16405 = CARTESIAN_POINT('',(8.749991186587,5.558383282656E-02,9.25));
#16406 = CARTESIAN_POINT('',(8.74999992,9.99999999999E-04,9.25));
#16407 = ORIENTED_EDGE('',*,*,#16408,.F.);
#16408 = EDGE_CURVE('',#16409,#16395,#16411,.T.);
#16409 = VERTEX_POINT('',#16410);
#16410 = CARTESIAN_POINT('',(8.74999992,-1.000000000001E-03,9.25));
#16411 = CIRCLE('',#16412,6.25);
#16412 = AXIS2_PLACEMENT_3D('',#16413,#16414,#16415);
#16413 = CARTESIAN_POINT('',(2.5,0.,9.25));
#16414 = DIRECTION('',(0.,-0.,1.));
#16415 = DIRECTION('',(0.923879532511,0.382683432365,0.));
#16416 = ORIENTED_EDGE('',*,*,#16417,.T.);
#16417 = EDGE_CURVE('',#16409,#16326,#16418,.T.);
#16418 = B_SPLINE_CURVE_WITH_KNOTS('',8,(#16419,#16420,#16421,#16422,
    #16423,#16424,#16425,#16426,#16427),.UNSPECIFIED.,.F.,.F.,(9,9),(0.,
    1.),.PIECEWISE_BEZIER_KNOTS.);
#16419 = CARTESIAN_POINT('',(8.74999992,-9.999999999985E-04,9.25));
#16420 = CARTESIAN_POINT('',(8.749991177263,-5.564210539327E-02,9.25));
#16421 = CARTESIAN_POINT('',(8.749436903266,-0.10744708878,
    9.263704802535));
#16422 = CARTESIAN_POINT('',(8.748436938534,-0.153341994322,
    9.288618368155));
#16423 = CARTESIAN_POINT('',(8.747254778971,-0.191544512109,
    9.322357231185));
#16424 = CARTESIAN_POINT('',(8.746167852966,-0.220775444454,
    9.362554978944));
#16425 = CARTESIAN_POINT('',(8.745383732778,-0.240364799624,
    9.406935670805));
#16426 = CARTESIAN_POINT('',(8.744997998398,-0.25,9.453180197333));
#16427 = CARTESIAN_POINT('',(8.744997998398,-0.25,9.499));
#16428 = CYLINDRICAL_SURFACE('',#16429,6.25);
#16429 = AXIS2_PLACEMENT_3D('',#16430,#16431,#16432);
#16430 = CARTESIAN_POINT('',(2.5,0.,2.));
#16431 = DIRECTION('',(0.,0.,1.));
#16432 = DIRECTION('',(0.923879532511,0.382683432365,-0.));
#16433 = ADVANCED_FACE('',(#16434),#16462,.T.);
#16434 = FACE_BOUND('',#16435,.T.);
#16435 = EDGE_LOOP('',(#16436,#16445,#16454,#16461));
#16436 = ORIENTED_EDGE('',*,*,#16437,.T.);
#16437 = EDGE_CURVE('',#16051,#16438,#16440,.T.);
#16438 = VERTEX_POINT('',#16439);
#16439 = CARTESIAN_POINT('',(8.089471171693,-2.315234765809,12.5));
#16440 = CIRCLE('',#16441,0.2);
#16441 = AXIS2_PLACEMENT_3D('',#16442,#16443,#16444);
#16442 = CARTESIAN_POINT('',(8.089471171693,-2.315234765809,12.3));
#16443 = DIRECTION('',(-0.382683432365,-0.923879532511,
    -3.944304526105E-31));
#16444 = DIRECTION('',(0.923879532511,-0.382683432365,
    -8.881784197004E-15));
#16445 = ORIENTED_EDGE('',*,*,#16446,.T.);
#16446 = EDGE_CURVE('',#16438,#16447,#16449,.T.);
#16447 = VERTEX_POINT('',#16448);
#16448 = CARTESIAN_POINT('',(8.089471171693,2.315234765809,12.5));
#16449 = CIRCLE('',#16450,6.05);
#16450 = AXIS2_PLACEMENT_3D('',#16451,#16452,#16453);
#16451 = CARTESIAN_POINT('',(2.5,0.,12.5));
#16452 = DIRECTION('',(0.,-0.,-1.));
#16453 = DIRECTION('',(0.923879532511,-0.382683432365,0.));
#16454 = ORIENTED_EDGE('',*,*,#16455,.F.);
#16455 = EDGE_CURVE('',#16053,#16447,#16456,.T.);
#16456 = CIRCLE('',#16457,0.2);
#16457 = AXIS2_PLACEMENT_3D('',#16458,#16459,#16460);
#16458 = CARTESIAN_POINT('',(8.089471171693,2.315234765809,12.3));
#16459 = DIRECTION('',(0.382683432365,-0.923879532511,7.88860905221E-31)
  );
#16460 = DIRECTION('',(0.923879532511,0.382683432365,-8.881784197004E-15
    ));
#16461 = ORIENTED_EDGE('',*,*,#16050,.F.);
#16462 = TOROIDAL_SURFACE('',#16463,6.05,0.2);
#16463 = AXIS2_PLACEMENT_3D('',#16464,#16465,#16466);
#16464 = CARTESIAN_POINT('',(2.5,0.,12.3));
#16465 = DIRECTION('',(0.,0.,1.));
#16466 = DIRECTION('',(0.923879532511,-0.382683432365,0.));
#16467 = ADVANCED_FACE('',(#16468),#16477,.T.);
#16468 = FACE_BOUND('',#16469,.T.);
#16469 = EDGE_LOOP('',(#16470,#16471,#16472,#16473,#16474,#16475,#16476)
  );
#16470 = ORIENTED_EDGE('',*,*,#16202,.T.);
#16471 = ORIENTED_EDGE('',*,*,#16188,.T.);
#16472 = ORIENTED_EDGE('',*,*,#16179,.F.);
#16473 = ORIENTED_EDGE('',*,*,#16165,.T.);
#16474 = ORIENTED_EDGE('',*,*,#16157,.F.);
#16475 = ORIENTED_EDGE('',*,*,#16084,.F.);
#16476 = ORIENTED_EDGE('',*,*,#16209,.T.);
#16477 = CYLINDRICAL_SURFACE('',#16478,6.25);
#16478 = AXIS2_PLACEMENT_3D('',#16479,#16480,#16481);
#16479 = CARTESIAN_POINT('',(2.5,0.,2.));
#16480 = DIRECTION('',(0.,0.,1.));
#16481 = DIRECTION('',(0.923879532511,0.382683432365,-0.));
#16482 = ADVANCED_FACE('',(#16483),#16495,.T.);
#16483 = FACE_BOUND('',#16484,.T.);
#16484 = EDGE_LOOP('',(#16485,#16486,#16493,#16494));
#16485 = ORIENTED_EDGE('',*,*,#16455,.T.);
#16486 = ORIENTED_EDGE('',*,*,#16487,.T.);
#16487 = EDGE_CURVE('',#16447,#16438,#16488,.T.);
#16488 = CIRCLE('',#16489,6.05);
#16489 = AXIS2_PLACEMENT_3D('',#16490,#16491,#16492);
#16490 = CARTESIAN_POINT('',(2.5,0.,12.5));
#16491 = DIRECTION('',(0.,0.,-1.));
#16492 = DIRECTION('',(0.923879532511,0.382683432365,0.));
#16493 = ORIENTED_EDGE('',*,*,#16437,.F.);
#16494 = ORIENTED_EDGE('',*,*,#16148,.F.);
#16495 = TOROIDAL_SURFACE('',#16496,6.05,0.2);
#16496 = AXIS2_PLACEMENT_3D('',#16497,#16498,#16499);
#16497 = CARTESIAN_POINT('',(2.5,0.,12.3));
#16498 = DIRECTION('',(0.,0.,1.));
#16499 = DIRECTION('',(0.923879532511,0.382683432365,-0.));
#16500 = ADVANCED_FACE('',(#16501),#16513,.T.);
#16501 = FACE_BOUND('',#16502,.T.);
#16502 = EDGE_LOOP('',(#16503,#16504,#16505,#16506,#16507,#16508,#16509,
    #16510,#16511,#16512));
#16503 = ORIENTED_EDGE('',*,*,#16303,.T.);
#16504 = ORIENTED_EDGE('',*,*,#16289,.T.);
#16505 = ORIENTED_EDGE('',*,*,#16280,.F.);
#16506 = ORIENTED_EDGE('',*,*,#16266,.T.);
#16507 = ORIENTED_EDGE('',*,*,#16258,.F.);
#16508 = ORIENTED_EDGE('',*,*,#16244,.F.);
#16509 = ORIENTED_EDGE('',*,*,#16235,.T.);
#16510 = ORIENTED_EDGE('',*,*,#16219,.F.);
#16511 = ORIENTED_EDGE('',*,*,#16318,.F.);
#16512 = ORIENTED_EDGE('',*,*,#16310,.T.);
#16513 = CYLINDRICAL_SURFACE('',#16514,6.25);
#16514 = AXIS2_PLACEMENT_3D('',#16515,#16516,#16517);
#16515 = CARTESIAN_POINT('',(2.5,0.,2.));
#16516 = DIRECTION('',(0.,0.,1.));
#16517 = DIRECTION('',(0.923879532511,0.382683432365,-0.));
#16518 = ADVANCED_FACE('',(#16519),#16531,.T.);
#16519 = FACE_BOUND('',#16520,.T.);
#16520 = EDGE_LOOP('',(#16521,#16522,#16523,#16524,#16525,#16526,#16527,
    #16528,#16529,#16530));
#16521 = ORIENTED_EDGE('',*,*,#16372,.T.);
#16522 = ORIENTED_EDGE('',*,*,#16358,.T.);
#16523 = ORIENTED_EDGE('',*,*,#16349,.F.);
#16524 = ORIENTED_EDGE('',*,*,#16335,.T.);
#16525 = ORIENTED_EDGE('',*,*,#16325,.F.);
#16526 = ORIENTED_EDGE('',*,*,#16417,.F.);
#16527 = ORIENTED_EDGE('',*,*,#16408,.T.);
#16528 = ORIENTED_EDGE('',*,*,#16394,.F.);
#16529 = ORIENTED_EDGE('',*,*,#16387,.F.);
#16530 = ORIENTED_EDGE('',*,*,#16379,.T.);
#16531 = CYLINDRICAL_SURFACE('',#16532,6.25);
#16532 = AXIS2_PLACEMENT_3D('',#16533,#16534,#16535);
#16533 = CARTESIAN_POINT('',(2.5,0.,2.));
#16534 = DIRECTION('',(0.,0.,1.));
#16535 = DIRECTION('',(0.923879532511,0.382683432365,-0.));
#16536 = ADVANCED_FACE('',(#16537),#16563,.F.);
#16537 = FACE_BOUND('',#16538,.F.);
#16538 = EDGE_LOOP('',(#16539,#16540,#16548,#16557));
#16539 = ORIENTED_EDGE('',*,*,#16446,.T.);
#16540 = ORIENTED_EDGE('',*,*,#16541,.T.);
#16541 = EDGE_CURVE('',#16447,#16542,#16544,.T.);
#16542 = VERTEX_POINT('',#16543);
#16543 = CARTESIAN_POINT('',(6.541972954737,1.674240016597,12.5));
#16544 = LINE('',#16545,#16546);
#16545 = CARTESIAN_POINT('',(8.089471171693,2.315234765809,12.5));
#16546 = VECTOR('',#16547,1.);
#16547 = DIRECTION('',(-0.923879532511,-0.382683432365,0.));
#16548 = ORIENTED_EDGE('',*,*,#16549,.F.);
#16549 = EDGE_CURVE('',#16550,#16542,#16552,.T.);
#16550 = VERTEX_POINT('',#16551);
#16551 = CARTESIAN_POINT('',(6.541972954737,-1.674240016597,12.5));
#16552 = CIRCLE('',#16553,4.375);
#16553 = AXIS2_PLACEMENT_3D('',#16554,#16555,#16556);
#16554 = CARTESIAN_POINT('',(2.5,0.,12.5));
#16555 = DIRECTION('',(0.,-0.,-1.));
#16556 = DIRECTION('',(0.923879532511,-0.382683432365,0.));
#16557 = ORIENTED_EDGE('',*,*,#16558,.F.);
#16558 = EDGE_CURVE('',#16438,#16550,#16559,.T.);
#16559 = LINE('',#16560,#16561);
#16560 = CARTESIAN_POINT('',(8.089471171693,-2.315234765809,12.5));
#16561 = VECTOR('',#16562,1.);
#16562 = DIRECTION('',(-0.923879532511,0.382683432365,0.));
#16563 = PLANE('',#16564);
#16564 = AXIS2_PLACEMENT_3D('',#16565,#16566,#16567);
#16565 = CARTESIAN_POINT('',(2.5,0.,12.5));
#16566 = DIRECTION('',(0.,0.,-1.));
#16567 = DIRECTION('',(0.923879532511,-0.382683432365,0.));
#16568 = ADVANCED_FACE('',(#16569),#16581,.F.);
#16569 = FACE_BOUND('',#16570,.F.);
#16570 = EDGE_LOOP('',(#16571,#16572,#16573,#16580));
#16571 = ORIENTED_EDGE('',*,*,#16487,.T.);
#16572 = ORIENTED_EDGE('',*,*,#16558,.T.);
#16573 = ORIENTED_EDGE('',*,*,#16574,.F.);
#16574 = EDGE_CURVE('',#16542,#16550,#16575,.T.);
#16575 = CIRCLE('',#16576,4.375);
#16576 = AXIS2_PLACEMENT_3D('',#16577,#16578,#16579);
#16577 = CARTESIAN_POINT('',(2.5,0.,12.5));
#16578 = DIRECTION('',(0.,0.,-1.));
#16579 = DIRECTION('',(0.923879532511,0.382683432365,0.));
#16580 = ORIENTED_EDGE('',*,*,#16541,.F.);
#16581 = PLANE('',#16582);
#16582 = AXIS2_PLACEMENT_3D('',#16583,#16584,#16585);
#16583 = CARTESIAN_POINT('',(2.5,0.,12.5));
#16584 = DIRECTION('',(0.,0.,-1.));
#16585 = DIRECTION('',(0.923879532511,0.382683432365,0.));
#16586 = ADVANCED_FACE('',(#16587),#16724,.F.);
#16587 = FACE_BOUND('',#16588,.F.);
#16588 = EDGE_LOOP('',(#16589,#16597,#16598,#16606,#16615,#16623,#16632,
    #16640,#16649,#16657,#16666,#16675,#16683,#16692,#16700,#16709,
    #16717));
#16589 = ORIENTED_EDGE('',*,*,#16590,.F.);
#16590 = EDGE_CURVE('',#16550,#16591,#16593,.T.);
#16591 = VERTEX_POINT('',#16592);
#16592 = CARTESIAN_POINT('',(6.541972954737,-1.674240016597,12.4));
#16593 = LINE('',#16594,#16595);
#16594 = CARTESIAN_POINT('',(6.541972954737,-1.674240016597,12.5));
#16595 = VECTOR('',#16596,1.);
#16596 = DIRECTION('',(0.,0.,-1.));
#16597 = ORIENTED_EDGE('',*,*,#16549,.T.);
#16598 = ORIENTED_EDGE('',*,*,#16599,.T.);
#16599 = EDGE_CURVE('',#16542,#16600,#16602,.T.);
#16600 = VERTEX_POINT('',#16601);
#16601 = CARTESIAN_POINT('',(6.541972954737,1.674240016597,12.4));
#16602 = LINE('',#16603,#16604);
#16603 = CARTESIAN_POINT('',(6.541972954737,1.674240016597,12.5));
#16604 = VECTOR('',#16605,1.);
#16605 = DIRECTION('',(0.,0.,-1.));
#16606 = ORIENTED_EDGE('',*,*,#16607,.T.);
#16607 = EDGE_CURVE('',#16600,#16608,#16610,.T.);
#16608 = VERTEX_POINT('',#16609);
#16609 = CARTESIAN_POINT('',(2.55,4.374714276384,12.4));
#16610 = CIRCLE('',#16611,4.375);
#16611 = AXIS2_PLACEMENT_3D('',#16612,#16613,#16614);
#16612 = CARTESIAN_POINT('',(2.5,0.,12.4));
#16613 = DIRECTION('',(0.,0.,1.));
#16614 = DIRECTION('',(-1.,1.224646799147E-16,0.));
#16615 = ORIENTED_EDGE('',*,*,#16616,.T.);
#16616 = EDGE_CURVE('',#16608,#16617,#16619,.T.);
#16617 = VERTEX_POINT('',#16618);
#16618 = CARTESIAN_POINT('',(2.55,4.374714276384,12.3));
#16619 = LINE('',#16620,#16621);
#16620 = CARTESIAN_POINT('',(2.55,4.374714276384,12.2));
#16621 = VECTOR('',#16622,1.);
#16622 = DIRECTION('',(0.,0.,-1.));
#16623 = ORIENTED_EDGE('',*,*,#16624,.F.);
#16624 = EDGE_CURVE('',#16625,#16617,#16627,.T.);
#16625 = VERTEX_POINT('',#16626);
#16626 = CARTESIAN_POINT('',(2.45,4.374714276384,12.3));
#16627 = CIRCLE('',#16628,4.375);
#16628 = AXIS2_PLACEMENT_3D('',#16629,#16630,#16631);
#16629 = CARTESIAN_POINT('',(2.5,0.,12.3));
#16630 = DIRECTION('',(0.,0.,-1.));
#16631 = DIRECTION('',(-1.,1.224646799147E-16,0.));
#16632 = ORIENTED_EDGE('',*,*,#16633,.F.);
#16633 = EDGE_CURVE('',#16634,#16625,#16636,.T.);
#16634 = VERTEX_POINT('',#16635);
#16635 = CARTESIAN_POINT('',(2.45,4.374714276384,12.4));
#16636 = LINE('',#16637,#16638);
#16637 = CARTESIAN_POINT('',(2.45,4.374714276384,12.2));
#16638 = VECTOR('',#16639,1.);
#16639 = DIRECTION('',(0.,0.,-1.));
#16640 = ORIENTED_EDGE('',*,*,#16641,.T.);
#16641 = EDGE_CURVE('',#16634,#16642,#16644,.T.);
#16642 = VERTEX_POINT('',#16643);
#16643 = CARTESIAN_POINT('',(-1.874714276384,4.999999999993E-02,12.4));
#16644 = CIRCLE('',#16645,4.375);
#16645 = AXIS2_PLACEMENT_3D('',#16646,#16647,#16648);
#16646 = CARTESIAN_POINT('',(2.5,0.,12.4));
#16647 = DIRECTION('',(0.,0.,1.));
#16648 = DIRECTION('',(-1.,1.224646799147E-16,0.));
#16649 = ORIENTED_EDGE('',*,*,#16650,.T.);
#16650 = EDGE_CURVE('',#16642,#16651,#16653,.T.);
#16651 = VERTEX_POINT('',#16652);
#16652 = CARTESIAN_POINT('',(-1.874714276384,5.E-02,12.3));
#16653 = LINE('',#16654,#16655);
#16654 = CARTESIAN_POINT('',(-1.874714276384,5.E-02,12.2));
#16655 = VECTOR('',#16656,1.);
#16656 = DIRECTION('',(0.,0.,-1.));
#16657 = ORIENTED_EDGE('',*,*,#16658,.F.);
#16658 = EDGE_CURVE('',#16659,#16651,#16661,.T.);
#16659 = VERTEX_POINT('',#16660);
#16660 = CARTESIAN_POINT('',(-1.875,5.35782974627E-16,12.3));
#16661 = CIRCLE('',#16662,4.375);
#16662 = AXIS2_PLACEMENT_3D('',#16663,#16664,#16665);
#16663 = CARTESIAN_POINT('',(2.5,0.,12.3));
#16664 = DIRECTION('',(0.,0.,-1.));
#16665 = DIRECTION('',(-1.,1.224646799147E-16,0.));
#16666 = ORIENTED_EDGE('',*,*,#16667,.F.);
#16667 = EDGE_CURVE('',#16668,#16659,#16670,.T.);
#16668 = VERTEX_POINT('',#16669);
#16669 = CARTESIAN_POINT('',(-1.874714276384,-5.E-02,12.3));
#16670 = CIRCLE('',#16671,4.375);
#16671 = AXIS2_PLACEMENT_3D('',#16672,#16673,#16674);
#16672 = CARTESIAN_POINT('',(2.5,0.,12.3));
#16673 = DIRECTION('',(0.,0.,-1.));
#16674 = DIRECTION('',(-1.,1.224646799147E-16,0.));
#16675 = ORIENTED_EDGE('',*,*,#16676,.F.);
#16676 = EDGE_CURVE('',#16677,#16668,#16679,.T.);
#16677 = VERTEX_POINT('',#16678);
#16678 = CARTESIAN_POINT('',(-1.874714276384,-4.999999999993E-02,12.4));
#16679 = LINE('',#16680,#16681);
#16680 = CARTESIAN_POINT('',(-1.874714276384,-5.E-02,12.2));
#16681 = VECTOR('',#16682,1.);
#16682 = DIRECTION('',(0.,0.,-1.));
#16683 = ORIENTED_EDGE('',*,*,#16684,.T.);
#16684 = EDGE_CURVE('',#16677,#16685,#16687,.T.);
#16685 = VERTEX_POINT('',#16686);
#16686 = CARTESIAN_POINT('',(2.45,-4.374714276384,12.4));
#16687 = CIRCLE('',#16688,4.375);
#16688 = AXIS2_PLACEMENT_3D('',#16689,#16690,#16691);
#16689 = CARTESIAN_POINT('',(2.5,0.,12.4));
#16690 = DIRECTION('',(0.,0.,1.));
#16691 = DIRECTION('',(-1.,1.224646799147E-16,0.));
#16692 = ORIENTED_EDGE('',*,*,#16693,.T.);
#16693 = EDGE_CURVE('',#16685,#16694,#16696,.T.);
#16694 = VERTEX_POINT('',#16695);
#16695 = CARTESIAN_POINT('',(2.45,-4.374714276384,12.3));
#16696 = LINE('',#16697,#16698);
#16697 = CARTESIAN_POINT('',(2.45,-4.374714276384,12.2));
#16698 = VECTOR('',#16699,1.);
#16699 = DIRECTION('',(0.,0.,-1.));
#16700 = ORIENTED_EDGE('',*,*,#16701,.F.);
#16701 = EDGE_CURVE('',#16702,#16694,#16704,.T.);
#16702 = VERTEX_POINT('',#16703);
#16703 = CARTESIAN_POINT('',(2.55,-4.374714276384,12.3));
#16704 = CIRCLE('',#16705,4.375);
#16705 = AXIS2_PLACEMENT_3D('',#16706,#16707,#16708);
#16706 = CARTESIAN_POINT('',(2.5,0.,12.3));
#16707 = DIRECTION('',(0.,0.,-1.));
#16708 = DIRECTION('',(-1.,1.224646799147E-16,0.));
#16709 = ORIENTED_EDGE('',*,*,#16710,.F.);
#16710 = EDGE_CURVE('',#16711,#16702,#16713,.T.);
#16711 = VERTEX_POINT('',#16712);
#16712 = CARTESIAN_POINT('',(2.55,-4.374714276384,12.4));
#16713 = LINE('',#16714,#16715);
#16714 = CARTESIAN_POINT('',(2.55,-4.374714276384,12.2));
#16715 = VECTOR('',#16716,1.);
#16716 = DIRECTION('',(0.,0.,-1.));
#16717 = ORIENTED_EDGE('',*,*,#16718,.T.);
#16718 = EDGE_CURVE('',#16711,#16591,#16719,.T.);
#16719 = CIRCLE('',#16720,4.375);
#16720 = AXIS2_PLACEMENT_3D('',#16721,#16722,#16723);
#16721 = CARTESIAN_POINT('',(2.5,0.,12.4));
#16722 = DIRECTION('',(0.,0.,1.));
#16723 = DIRECTION('',(-1.,1.224646799147E-16,0.));
#16724 = CYLINDRICAL_SURFACE('',#16725,4.375);
#16725 = AXIS2_PLACEMENT_3D('',#16726,#16727,#16728);
#16726 = CARTESIAN_POINT('',(2.5,0.,12.5));
#16727 = DIRECTION('',(0.,0.,-1.));
#16728 = DIRECTION('',(0.923879532511,-0.382683432365,0.));
#16729 = ADVANCED_FACE('',(#16730),#16776,.F.);
#16730 = FACE_BOUND('',#16731,.F.);
#16731 = EDGE_LOOP('',(#16732,#16733,#16734,#16735,#16744,#16752,#16761,
    #16769));
#16732 = ORIENTED_EDGE('',*,*,#16599,.F.);
#16733 = ORIENTED_EDGE('',*,*,#16574,.T.);
#16734 = ORIENTED_EDGE('',*,*,#16590,.T.);
#16735 = ORIENTED_EDGE('',*,*,#16736,.T.);
#16736 = EDGE_CURVE('',#16591,#16737,#16739,.T.);
#16737 = VERTEX_POINT('',#16738);
#16738 = CARTESIAN_POINT('',(6.874714276384,-5.E-02,12.4));
#16739 = CIRCLE('',#16740,4.375);
#16740 = AXIS2_PLACEMENT_3D('',#16741,#16742,#16743);
#16741 = CARTESIAN_POINT('',(2.5,0.,12.4));
#16742 = DIRECTION('',(0.,0.,1.));
#16743 = DIRECTION('',(-1.,1.224646799147E-16,0.));
#16744 = ORIENTED_EDGE('',*,*,#16745,.T.);
#16745 = EDGE_CURVE('',#16737,#16746,#16748,.T.);
#16746 = VERTEX_POINT('',#16747);
#16747 = CARTESIAN_POINT('',(6.874714276384,-5.E-02,12.3));
#16748 = LINE('',#16749,#16750);
#16749 = CARTESIAN_POINT('',(6.874714276384,-5.E-02,12.2));
#16750 = VECTOR('',#16751,1.);
#16751 = DIRECTION('',(0.,0.,-1.));
#16752 = ORIENTED_EDGE('',*,*,#16753,.F.);
#16753 = EDGE_CURVE('',#16754,#16746,#16756,.T.);
#16754 = VERTEX_POINT('',#16755);
#16755 = CARTESIAN_POINT('',(6.874714276384,5.E-02,12.3));
#16756 = CIRCLE('',#16757,4.375);
#16757 = AXIS2_PLACEMENT_3D('',#16758,#16759,#16760);
#16758 = CARTESIAN_POINT('',(2.5,0.,12.3));
#16759 = DIRECTION('',(0.,0.,-1.));
#16760 = DIRECTION('',(-1.,1.224646799147E-16,0.));
#16761 = ORIENTED_EDGE('',*,*,#16762,.F.);
#16762 = EDGE_CURVE('',#16763,#16754,#16765,.T.);
#16763 = VERTEX_POINT('',#16764);
#16764 = CARTESIAN_POINT('',(6.874714276384,4.999999999999E-02,12.4));
#16765 = LINE('',#16766,#16767);
#16766 = CARTESIAN_POINT('',(6.874714276384,5.E-02,12.2));
#16767 = VECTOR('',#16768,1.);
#16768 = DIRECTION('',(0.,0.,-1.));
#16769 = ORIENTED_EDGE('',*,*,#16770,.T.);
#16770 = EDGE_CURVE('',#16763,#16600,#16771,.T.);
#16771 = CIRCLE('',#16772,4.375);
#16772 = AXIS2_PLACEMENT_3D('',#16773,#16774,#16775);
#16773 = CARTESIAN_POINT('',(2.5,0.,12.4));
#16774 = DIRECTION('',(0.,0.,1.));
#16775 = DIRECTION('',(-1.,1.224646799147E-16,0.));
#16776 = CYLINDRICAL_SURFACE('',#16777,4.375);
#16777 = AXIS2_PLACEMENT_3D('',#16778,#16779,#16780);
#16778 = CARTESIAN_POINT('',(2.5,0.,12.5));
#16779 = DIRECTION('',(0.,0.,-1.));
#16780 = DIRECTION('',(0.923879532511,0.382683432365,0.));
#16781 = ADVANCED_FACE('',(#16782),#16800,.T.);
#16782 = FACE_BOUND('',#16783,.T.);
#16783 = EDGE_LOOP('',(#16784,#16792,#16793,#16794));
#16784 = ORIENTED_EDGE('',*,*,#16785,.F.);
#16785 = EDGE_CURVE('',#16711,#16786,#16788,.T.);
#16786 = VERTEX_POINT('',#16787);
#16787 = CARTESIAN_POINT('',(2.55,-5.E-02,12.4));
#16788 = LINE('',#16789,#16790);
#16789 = CARTESIAN_POINT('',(2.55,-12.55,12.4));
#16790 = VECTOR('',#16791,1.);
#16791 = DIRECTION('',(1.224646799147E-16,1.,0.));
#16792 = ORIENTED_EDGE('',*,*,#16718,.T.);
#16793 = ORIENTED_EDGE('',*,*,#16736,.T.);
#16794 = ORIENTED_EDGE('',*,*,#16795,.F.);
#16795 = EDGE_CURVE('',#16786,#16737,#16796,.T.);
#16796 = LINE('',#16797,#16798);
#16797 = CARTESIAN_POINT('',(2.55,-5.E-02,12.4));
#16798 = VECTOR('',#16799,1.);
#16799 = DIRECTION('',(1.,-1.224646799147E-16,0.));
#16800 = PLANE('',#16801);
#16801 = AXIS2_PLACEMENT_3D('',#16802,#16803,#16804);
#16802 = CARTESIAN_POINT('',(2.5,-2.90242291995E-16,12.4));
#16803 = DIRECTION('',(0.,0.,1.));
#16804 = DIRECTION('',(-1.,1.224646799147E-16,0.));
#16805 = ADVANCED_FACE('',(#16806),#16824,.F.);
#16806 = FACE_BOUND('',#16807,.F.);
#16807 = EDGE_LOOP('',(#16808,#16809,#16810,#16818));
#16808 = ORIENTED_EDGE('',*,*,#16785,.F.);
#16809 = ORIENTED_EDGE('',*,*,#16710,.T.);
#16810 = ORIENTED_EDGE('',*,*,#16811,.T.);
#16811 = EDGE_CURVE('',#16702,#16812,#16814,.T.);
#16812 = VERTEX_POINT('',#16813);
#16813 = CARTESIAN_POINT('',(2.55,-5.E-02,12.3));
#16814 = LINE('',#16815,#16816);
#16815 = CARTESIAN_POINT('',(2.55,-12.55,12.3));
#16816 = VECTOR('',#16817,1.);
#16817 = DIRECTION('',(1.224646799147E-16,1.,0.));
#16818 = ORIENTED_EDGE('',*,*,#16819,.F.);
#16819 = EDGE_CURVE('',#16786,#16812,#16820,.T.);
#16820 = LINE('',#16821,#16822);
#16821 = CARTESIAN_POINT('',(2.55,-5.E-02,12.4));
#16822 = VECTOR('',#16823,1.);
#16823 = DIRECTION('',(0.,0.,-1.));
#16824 = PLANE('',#16825);
#16825 = AXIS2_PLACEMENT_3D('',#16826,#16827,#16828);
#16826 = CARTESIAN_POINT('',(2.55,-12.55,12.4));
#16827 = DIRECTION('',(1.,-1.224646799147E-16,0.));
#16828 = DIRECTION('',(1.224646799147E-16,1.,0.));
#16829 = ADVANCED_FACE('',(#16830),#16848,.T.);
#16830 = FACE_BOUND('',#16831,.T.);
#16831 = EDGE_LOOP('',(#16832,#16833,#16834,#16842));
#16832 = ORIENTED_EDGE('',*,*,#16770,.T.);
#16833 = ORIENTED_EDGE('',*,*,#16607,.T.);
#16834 = ORIENTED_EDGE('',*,*,#16835,.F.);
#16835 = EDGE_CURVE('',#16836,#16608,#16838,.T.);
#16836 = VERTEX_POINT('',#16837);
#16837 = CARTESIAN_POINT('',(2.55,5.E-02,12.4));
#16838 = LINE('',#16839,#16840);
#16839 = CARTESIAN_POINT('',(2.55,5.E-02,12.4));
#16840 = VECTOR('',#16841,1.);
#16841 = DIRECTION('',(1.224646799147E-16,1.,0.));
#16842 = ORIENTED_EDGE('',*,*,#16843,.F.);
#16843 = EDGE_CURVE('',#16763,#16836,#16844,.T.);
#16844 = LINE('',#16845,#16846);
#16845 = CARTESIAN_POINT('',(15.05,5.E-02,12.4));
#16846 = VECTOR('',#16847,1.);
#16847 = DIRECTION('',(-1.,1.224646799147E-16,0.));
#16848 = PLANE('',#16849);
#16849 = AXIS2_PLACEMENT_3D('',#16850,#16851,#16852);
#16850 = CARTESIAN_POINT('',(2.5,-2.90242291995E-16,12.4));
#16851 = DIRECTION('',(0.,0.,1.));
#16852 = DIRECTION('',(-1.,1.224646799147E-16,0.));
#16853 = ADVANCED_FACE('',(#16854),#16910,.T.);
#16854 = FACE_BOUND('',#16855,.T.);
#16855 = EDGE_LOOP('',(#16856,#16864,#16870,#16871,#16872,#16878,#16879,
    #16887,#16893,#16894,#16902,#16908,#16909));
#16856 = ORIENTED_EDGE('',*,*,#16857,.T.);
#16857 = EDGE_CURVE('',#16668,#16858,#16860,.T.);
#16858 = VERTEX_POINT('',#16859);
#16859 = CARTESIAN_POINT('',(2.45,-5.E-02,12.3));
#16860 = LINE('',#16861,#16862);
#16861 = CARTESIAN_POINT('',(-10.05,-5.E-02,12.3));
#16862 = VECTOR('',#16863,1.);
#16863 = DIRECTION('',(1.,-1.754860408766E-17,0.));
#16864 = ORIENTED_EDGE('',*,*,#16865,.T.);
#16865 = EDGE_CURVE('',#16858,#16694,#16866,.T.);
#16866 = LINE('',#16867,#16868);
#16867 = CARTESIAN_POINT('',(2.45,-5.E-02,12.3));
#16868 = VECTOR('',#16869,1.);
#16869 = DIRECTION('',(-1.224646799147E-16,-1.,0.));
#16870 = ORIENTED_EDGE('',*,*,#16701,.F.);
#16871 = ORIENTED_EDGE('',*,*,#16811,.T.);
#16872 = ORIENTED_EDGE('',*,*,#16873,.T.);
#16873 = EDGE_CURVE('',#16812,#16746,#16874,.T.);
#16874 = LINE('',#16875,#16876);
#16875 = CARTESIAN_POINT('',(2.55,-5.E-02,12.3));
#16876 = VECTOR('',#16877,1.);
#16877 = DIRECTION('',(1.,-1.224646799147E-16,0.));
#16878 = ORIENTED_EDGE('',*,*,#16753,.F.);
#16879 = ORIENTED_EDGE('',*,*,#16880,.T.);
#16880 = EDGE_CURVE('',#16754,#16881,#16883,.T.);
#16881 = VERTEX_POINT('',#16882);
#16882 = CARTESIAN_POINT('',(2.55,5.E-02,12.3));
#16883 = LINE('',#16884,#16885);
#16884 = CARTESIAN_POINT('',(15.05,5.E-02,12.3));
#16885 = VECTOR('',#16886,1.);
#16886 = DIRECTION('',(-1.,1.224646799147E-16,0.));
#16887 = ORIENTED_EDGE('',*,*,#16888,.T.);
#16888 = EDGE_CURVE('',#16881,#16617,#16889,.T.);
#16889 = LINE('',#16890,#16891);
#16890 = CARTESIAN_POINT('',(2.55,5.E-02,12.3));
#16891 = VECTOR('',#16892,1.);
#16892 = DIRECTION('',(1.224646799147E-16,1.,0.));
#16893 = ORIENTED_EDGE('',*,*,#16624,.F.);
#16894 = ORIENTED_EDGE('',*,*,#16895,.T.);
#16895 = EDGE_CURVE('',#16625,#16896,#16898,.T.);
#16896 = VERTEX_POINT('',#16897);
#16897 = CARTESIAN_POINT('',(2.45,5.E-02,12.3));
#16898 = LINE('',#16899,#16900);
#16899 = CARTESIAN_POINT('',(2.45,12.55,12.3));
#16900 = VECTOR('',#16901,1.);
#16901 = DIRECTION('',(-1.224646799147E-16,-1.,0.));
#16902 = ORIENTED_EDGE('',*,*,#16903,.T.);
#16903 = EDGE_CURVE('',#16896,#16651,#16904,.T.);
#16904 = LINE('',#16905,#16906);
#16905 = CARTESIAN_POINT('',(2.45,5.E-02,12.3));
#16906 = VECTOR('',#16907,1.);
#16907 = DIRECTION('',(-1.,1.224646799147E-16,0.));
#16908 = ORIENTED_EDGE('',*,*,#16658,.F.);
#16909 = ORIENTED_EDGE('',*,*,#16667,.F.);
#16910 = PLANE('',#16911);
#16911 = AXIS2_PLACEMENT_3D('',#16912,#16913,#16914);
#16912 = CARTESIAN_POINT('',(2.5,-2.510165603485E-16,12.3));
#16913 = DIRECTION('',(0.,0.,1.));
#16914 = DIRECTION('',(-1.,1.224646799147E-16,0.));
#16915 = ADVANCED_FACE('',(#16916),#16927,.F.);
#16916 = FACE_BOUND('',#16917,.F.);
#16917 = EDGE_LOOP('',(#16918,#16919,#16925,#16926));
#16918 = ORIENTED_EDGE('',*,*,#16835,.F.);
#16919 = ORIENTED_EDGE('',*,*,#16920,.T.);
#16920 = EDGE_CURVE('',#16836,#16881,#16921,.T.);
#16921 = LINE('',#16922,#16923);
#16922 = CARTESIAN_POINT('',(2.55,5.E-02,12.4));
#16923 = VECTOR('',#16924,1.);
#16924 = DIRECTION('',(0.,0.,-1.));
#16925 = ORIENTED_EDGE('',*,*,#16888,.T.);
#16926 = ORIENTED_EDGE('',*,*,#16616,.F.);
#16927 = PLANE('',#16928);
#16928 = AXIS2_PLACEMENT_3D('',#16929,#16930,#16931);
#16929 = CARTESIAN_POINT('',(2.55,5.E-02,12.4));
#16930 = DIRECTION('',(1.,-1.224646799147E-16,0.));
#16931 = DIRECTION('',(1.224646799147E-16,1.,0.));
#16932 = ADVANCED_FACE('',(#16933),#16951,.F.);
#16933 = FACE_BOUND('',#16934,.F.);
#16934 = EDGE_LOOP('',(#16935,#16943,#16949,#16950));
#16935 = ORIENTED_EDGE('',*,*,#16936,.F.);
#16936 = EDGE_CURVE('',#16937,#16685,#16939,.T.);
#16937 = VERTEX_POINT('',#16938);
#16938 = CARTESIAN_POINT('',(2.45,-5.E-02,12.4));
#16939 = LINE('',#16940,#16941);
#16940 = CARTESIAN_POINT('',(2.45,-5.E-02,12.4));
#16941 = VECTOR('',#16942,1.);
#16942 = DIRECTION('',(-1.224646799147E-16,-1.,0.));
#16943 = ORIENTED_EDGE('',*,*,#16944,.T.);
#16944 = EDGE_CURVE('',#16937,#16858,#16945,.T.);
#16945 = LINE('',#16946,#16947);
#16946 = CARTESIAN_POINT('',(2.45,-5.E-02,12.4));
#16947 = VECTOR('',#16948,1.);
#16948 = DIRECTION('',(0.,0.,-1.));
#16949 = ORIENTED_EDGE('',*,*,#16865,.T.);
#16950 = ORIENTED_EDGE('',*,*,#16693,.F.);
#16951 = PLANE('',#16952);
#16952 = AXIS2_PLACEMENT_3D('',#16953,#16954,#16955);
#16953 = CARTESIAN_POINT('',(2.45,-5.E-02,12.4));
#16954 = DIRECTION('',(-1.,1.224646799147E-16,0.));
#16955 = DIRECTION('',(-1.224646799147E-16,-1.,0.));
#16956 = ADVANCED_FACE('',(#16957),#16967,.T.);
#16957 = FACE_BOUND('',#16958,.T.);
#16958 = EDGE_LOOP('',(#16959,#16965,#16966));
#16959 = ORIENTED_EDGE('',*,*,#16960,.F.);
#16960 = EDGE_CURVE('',#16677,#16937,#16961,.T.);
#16961 = LINE('',#16962,#16963);
#16962 = CARTESIAN_POINT('',(-10.05,-5.E-02,12.4));
#16963 = VECTOR('',#16964,1.);
#16964 = DIRECTION('',(1.,-1.754860408766E-17,0.));
#16965 = ORIENTED_EDGE('',*,*,#16684,.T.);
#16966 = ORIENTED_EDGE('',*,*,#16936,.F.);
#16967 = PLANE('',#16968);
#16968 = AXIS2_PLACEMENT_3D('',#16969,#16970,#16971);
#16969 = CARTESIAN_POINT('',(2.5,-2.90242291995E-16,12.4));
#16970 = DIRECTION('',(0.,0.,1.));
#16971 = DIRECTION('',(-1.,1.224646799147E-16,0.));
#16972 = ADVANCED_FACE('',(#16973),#16991,.F.);
#16973 = FACE_BOUND('',#16974,.F.);
#16974 = EDGE_LOOP('',(#16975,#16983,#16984,#16985));
#16975 = ORIENTED_EDGE('',*,*,#16976,.F.);
#16976 = EDGE_CURVE('',#16634,#16977,#16979,.T.);
#16977 = VERTEX_POINT('',#16978);
#16978 = CARTESIAN_POINT('',(2.45,5.E-02,12.4));
#16979 = LINE('',#16980,#16981);
#16980 = CARTESIAN_POINT('',(2.45,12.55,12.4));
#16981 = VECTOR('',#16982,1.);
#16982 = DIRECTION('',(-1.224646799147E-16,-1.,0.));
#16983 = ORIENTED_EDGE('',*,*,#16633,.T.);
#16984 = ORIENTED_EDGE('',*,*,#16895,.T.);
#16985 = ORIENTED_EDGE('',*,*,#16986,.F.);
#16986 = EDGE_CURVE('',#16977,#16896,#16987,.T.);
#16987 = LINE('',#16988,#16989);
#16988 = CARTESIAN_POINT('',(2.45,5.E-02,12.4));
#16989 = VECTOR('',#16990,1.);
#16990 = DIRECTION('',(0.,0.,-1.));
#16991 = PLANE('',#16992);
#16992 = AXIS2_PLACEMENT_3D('',#16993,#16994,#16995);
#16993 = CARTESIAN_POINT('',(2.45,12.55,12.4));
#16994 = DIRECTION('',(-1.,1.224646799147E-16,0.));
#16995 = DIRECTION('',(-1.224646799147E-16,-1.,0.));
#16996 = ADVANCED_FACE('',(#16997),#17003,.F.);
#16997 = FACE_BOUND('',#16998,.F.);
#16998 = EDGE_LOOP('',(#16999,#17000,#17001,#17002));
#16999 = ORIENTED_EDGE('',*,*,#16960,.F.);
#17000 = ORIENTED_EDGE('',*,*,#16676,.T.);
#17001 = ORIENTED_EDGE('',*,*,#16857,.T.);
#17002 = ORIENTED_EDGE('',*,*,#16944,.F.);
#17003 = PLANE('',#17004);
#17004 = AXIS2_PLACEMENT_3D('',#17005,#17006,#17007);
#17005 = CARTESIAN_POINT('',(-10.05,-5.E-02,12.4));
#17006 = DIRECTION('',(-1.754860408766E-17,-1.,0.));
#17007 = DIRECTION('',(1.,-1.754860408766E-17,0.));
#17008 = ADVANCED_FACE('',(#17009),#17019,.T.);
#17009 = FACE_BOUND('',#17010,.T.);
#17010 = EDGE_LOOP('',(#17011,#17012,#17018));
#17011 = ORIENTED_EDGE('',*,*,#16641,.T.);
#17012 = ORIENTED_EDGE('',*,*,#17013,.F.);
#17013 = EDGE_CURVE('',#16977,#16642,#17014,.T.);
#17014 = LINE('',#17015,#17016);
#17015 = CARTESIAN_POINT('',(2.45,5.E-02,12.4));
#17016 = VECTOR('',#17017,1.);
#17017 = DIRECTION('',(-1.,1.224646799147E-16,0.));
#17018 = ORIENTED_EDGE('',*,*,#16976,.F.);
#17019 = PLANE('',#17020);
#17020 = AXIS2_PLACEMENT_3D('',#17021,#17022,#17023);
#17021 = CARTESIAN_POINT('',(2.5,-2.90242291995E-16,12.4));
#17022 = DIRECTION('',(0.,0.,1.));
#17023 = DIRECTION('',(-1.,1.224646799147E-16,0.));
#17024 = ADVANCED_FACE('',(#17025),#17031,.F.);
#17025 = FACE_BOUND('',#17026,.F.);
#17026 = EDGE_LOOP('',(#17027,#17028,#17029,#17030));
#17027 = ORIENTED_EDGE('',*,*,#17013,.F.);
#17028 = ORIENTED_EDGE('',*,*,#16986,.T.);
#17029 = ORIENTED_EDGE('',*,*,#16903,.T.);
#17030 = ORIENTED_EDGE('',*,*,#16650,.F.);
#17031 = PLANE('',#17032);
#17032 = AXIS2_PLACEMENT_3D('',#17033,#17034,#17035);
#17033 = CARTESIAN_POINT('',(2.45,5.E-02,12.4));
#17034 = DIRECTION('',(1.224646799147E-16,1.,0.));
#17035 = DIRECTION('',(-1.,1.224646799147E-16,0.));
#17036 = ADVANCED_FACE('',(#17037),#17043,.F.);
#17037 = FACE_BOUND('',#17038,.F.);
#17038 = EDGE_LOOP('',(#17039,#17040,#17041,#17042));
#17039 = ORIENTED_EDGE('',*,*,#16843,.F.);
#17040 = ORIENTED_EDGE('',*,*,#16762,.T.);
#17041 = ORIENTED_EDGE('',*,*,#16880,.T.);
#17042 = ORIENTED_EDGE('',*,*,#16920,.F.);
#17043 = PLANE('',#17044);
#17044 = AXIS2_PLACEMENT_3D('',#17045,#17046,#17047);
#17045 = CARTESIAN_POINT('',(15.05,5.E-02,12.4));
#17046 = DIRECTION('',(1.224646799147E-16,1.,0.));
#17047 = DIRECTION('',(-1.,1.224646799147E-16,0.));
#17048 = ADVANCED_FACE('',(#17049),#17055,.F.);
#17049 = FACE_BOUND('',#17050,.F.);
#17050 = EDGE_LOOP('',(#17051,#17052,#17053,#17054));
#17051 = ORIENTED_EDGE('',*,*,#16795,.F.);
#17052 = ORIENTED_EDGE('',*,*,#16819,.T.);
#17053 = ORIENTED_EDGE('',*,*,#16873,.T.);
#17054 = ORIENTED_EDGE('',*,*,#16745,.F.);
#17055 = PLANE('',#17056);
#17056 = AXIS2_PLACEMENT_3D('',#17057,#17058,#17059);
#17057 = CARTESIAN_POINT('',(2.55,-5.E-02,12.4));
#17058 = DIRECTION('',(-1.224646799147E-16,-1.,0.));
#17059 = DIRECTION('',(1.,-1.224646799147E-16,0.));
#17060 = ORIENTED_CLOSED_SHELL('',*,#17061,.F.);
#17061 = CLOSED_SHELL('',(#17062,#17095,#17127,#17144,#17171));
#17062 = ADVANCED_FACE('',(#17063),#17090,.T.);
#17063 = FACE_BOUND('',#17064,.T.);
#17064 = EDGE_LOOP('',(#17065,#17076,#17084));
#17065 = ORIENTED_EDGE('',*,*,#17066,.T.);
#17066 = EDGE_CURVE('',#17067,#17069,#17071,.T.);
#17067 = VERTEX_POINT('',#17068);
#17068 = CARTESIAN_POINT('',(6.541972954737,1.674240016597,12.1));
#17069 = VERTEX_POINT('',#17070);
#17070 = CARTESIAN_POINT('',(6.541972954737,-1.674240016597,12.1));
#17071 = CIRCLE('',#17072,4.375);
#17072 = AXIS2_PLACEMENT_3D('',#17073,#17074,#17075);
#17073 = CARTESIAN_POINT('',(2.5,0.,12.1));
#17074 = DIRECTION('',(0.,0.,-1.));
#17075 = DIRECTION('',(0.923879532511,0.382683432365,0.));
#17076 = ORIENTED_EDGE('',*,*,#17077,.T.);
#17077 = EDGE_CURVE('',#17069,#17078,#17080,.T.);
#17078 = VERTEX_POINT('',#17079);
#17079 = CARTESIAN_POINT('',(2.5,0.,12.1));
#17080 = LINE('',#17081,#17082);
#17081 = CARTESIAN_POINT('',(6.541972954737,-1.674240016597,12.1));
#17082 = VECTOR('',#17083,1.);
#17083 = DIRECTION('',(-0.923879532511,0.382683432365,0.));
#17084 = ORIENTED_EDGE('',*,*,#17085,.F.);
#17085 = EDGE_CURVE('',#17067,#17078,#17086,.T.);
#17086 = LINE('',#17087,#17088);
#17087 = CARTESIAN_POINT('',(6.541972954737,1.674240016597,12.1));
#17088 = VECTOR('',#17089,1.);
#17089 = DIRECTION('',(-0.923879532511,-0.382683432365,0.));
#17090 = PLANE('',#17091);
#17091 = AXIS2_PLACEMENT_3D('',#17092,#17093,#17094);
#17092 = CARTESIAN_POINT('',(2.5,0.,12.1));
#17093 = DIRECTION('',(0.,0.,-1.));
#17094 = DIRECTION('',(0.923879532511,0.382683432365,0.));
#17095 = ADVANCED_FACE('',(#17096),#17122,.T.);
#17096 = FACE_BOUND('',#17097,.T.);
#17097 = EDGE_LOOP('',(#17098,#17106,#17115,#17121));
#17098 = ORIENTED_EDGE('',*,*,#17099,.F.);
#17099 = EDGE_CURVE('',#17100,#17067,#17102,.T.);
#17100 = VERTEX_POINT('',#17101);
#17101 = CARTESIAN_POINT('',(6.541972954737,1.674240016597,12.2));
#17102 = LINE('',#17103,#17104);
#17103 = CARTESIAN_POINT('',(6.541972954737,1.674240016597,12.5));
#17104 = VECTOR('',#17105,1.);
#17105 = DIRECTION('',(0.,0.,-1.));
#17106 = ORIENTED_EDGE('',*,*,#17107,.F.);
#17107 = EDGE_CURVE('',#17108,#17100,#17110,.T.);
#17108 = VERTEX_POINT('',#17109);
#17109 = CARTESIAN_POINT('',(6.541972954737,-1.674240016597,12.2));
#17110 = CIRCLE('',#17111,4.375);
#17111 = AXIS2_PLACEMENT_3D('',#17112,#17113,#17114);
#17112 = CARTESIAN_POINT('',(2.5,0.,12.2));
#17113 = DIRECTION('',(0.,0.,1.));
#17114 = DIRECTION('',(-1.,1.224646799147E-16,0.));
#17115 = ORIENTED_EDGE('',*,*,#17116,.T.);
#17116 = EDGE_CURVE('',#17108,#17069,#17117,.T.);
#17117 = LINE('',#17118,#17119);
#17118 = CARTESIAN_POINT('',(6.541972954737,-1.674240016597,12.5));
#17119 = VECTOR('',#17120,1.);
#17120 = DIRECTION('',(0.,0.,-1.));
#17121 = ORIENTED_EDGE('',*,*,#17066,.F.);
#17122 = CYLINDRICAL_SURFACE('',#17123,4.375);
#17123 = AXIS2_PLACEMENT_3D('',#17124,#17125,#17126);
#17124 = CARTESIAN_POINT('',(2.5,0.,12.5));
#17125 = DIRECTION('',(0.,0.,-1.));
#17126 = DIRECTION('',(0.923879532511,0.382683432365,0.));
#17127 = ADVANCED_FACE('',(#17128),#17139,.T.);
#17128 = FACE_BOUND('',#17129,.T.);
#17129 = EDGE_LOOP('',(#17130,#17137,#17138));
#17130 = ORIENTED_EDGE('',*,*,#17131,.T.);
#17131 = EDGE_CURVE('',#17069,#17067,#17132,.T.);
#17132 = CIRCLE('',#17133,4.375);
#17133 = AXIS2_PLACEMENT_3D('',#17134,#17135,#17136);
#17134 = CARTESIAN_POINT('',(2.5,0.,12.1));
#17135 = DIRECTION('',(0.,-0.,-1.));
#17136 = DIRECTION('',(0.923879532511,-0.382683432365,0.));
#17137 = ORIENTED_EDGE('',*,*,#17085,.T.);
#17138 = ORIENTED_EDGE('',*,*,#17077,.F.);
#17139 = PLANE('',#17140);
#17140 = AXIS2_PLACEMENT_3D('',#17141,#17142,#17143);
#17141 = CARTESIAN_POINT('',(2.5,0.,12.1));
#17142 = DIRECTION('',(0.,0.,-1.));
#17143 = DIRECTION('',(0.923879532511,-0.382683432365,0.));
#17144 = ADVANCED_FACE('',(#17145),#17166,.T.);
#17145 = FACE_BOUND('',#17146,.T.);
#17146 = EDGE_LOOP('',(#17147,#17148,#17157,#17164,#17165));
#17147 = ORIENTED_EDGE('',*,*,#17116,.F.);
#17148 = ORIENTED_EDGE('',*,*,#17149,.F.);
#17149 = EDGE_CURVE('',#17150,#17108,#17152,.T.);
#17150 = VERTEX_POINT('',#17151);
#17151 = CARTESIAN_POINT('',(-1.875,5.35782974627E-16,12.2));
#17152 = CIRCLE('',#17153,4.375);
#17153 = AXIS2_PLACEMENT_3D('',#17154,#17155,#17156);
#17154 = CARTESIAN_POINT('',(2.5,0.,12.2));
#17155 = DIRECTION('',(0.,0.,1.));
#17156 = DIRECTION('',(-1.,1.224646799147E-16,0.));
#17157 = ORIENTED_EDGE('',*,*,#17158,.F.);
#17158 = EDGE_CURVE('',#17100,#17150,#17159,.T.);
#17159 = CIRCLE('',#17160,4.375);
#17160 = AXIS2_PLACEMENT_3D('',#17161,#17162,#17163);
#17161 = CARTESIAN_POINT('',(2.5,0.,12.2));
#17162 = DIRECTION('',(0.,0.,1.));
#17163 = DIRECTION('',(-1.,1.224646799147E-16,0.));
#17164 = ORIENTED_EDGE('',*,*,#17099,.T.);
#17165 = ORIENTED_EDGE('',*,*,#17131,.F.);
#17166 = CYLINDRICAL_SURFACE('',#17167,4.375);
#17167 = AXIS2_PLACEMENT_3D('',#17168,#17169,#17170);
#17168 = CARTESIAN_POINT('',(2.5,0.,12.5));
#17169 = DIRECTION('',(0.,0.,-1.));
#17170 = DIRECTION('',(0.923879532511,-0.382683432365,0.));
#17171 = ADVANCED_FACE('',(#17172),#17177,.T.);
#17172 = FACE_BOUND('',#17173,.T.);
#17173 = EDGE_LOOP('',(#17174,#17175,#17176));
#17174 = ORIENTED_EDGE('',*,*,#17149,.T.);
#17175 = ORIENTED_EDGE('',*,*,#17107,.T.);
#17176 = ORIENTED_EDGE('',*,*,#17158,.T.);
#17177 = PLANE('',#17178);
#17178 = AXIS2_PLACEMENT_3D('',#17179,#17180,#17181);
#17179 = CARTESIAN_POINT('',(2.5,-2.90242291995E-16,12.2));
#17180 = DIRECTION('',(0.,0.,1.));
#17181 = DIRECTION('',(-1.,1.224646799147E-16,0.));
#17182 = ( GEOMETRIC_REPRESENTATION_CONTEXT(3) 
GLOBAL_UNCERTAINTY_ASSIGNED_CONTEXT((#17186)) 
GLOBAL_UNIT_ASSIGNED_CONTEXT((#17183,#17184,#17185)) 
REPRESENTATION_CONTEXT('Context #1',
  '3D Context with UNIT and UNCERTAINTY') );
#17183 = ( LENGTH_UNIT() NAMED_UNIT(*) SI_UNIT(.MILLI.,.METRE.) );
#17184 = ( NAMED_UNIT(*) PLANE_ANGLE_UNIT() SI_UNIT($,.RADIAN.) );
#17185 = ( NAMED_UNIT(*) SI_UNIT($,.STERADIAN.) SOLID_ANGLE_UNIT() );
#17186 = UNCERTAINTY_MEASURE_WITH_UNIT(LENGTH_MEASURE(2.E-06),#17183,
  'distance_accuracy_value','confusion accuracy');
#17187 = CONTEXT_DEPENDENT_SHAPE_REPRESENTATION(#17188,#17190);
#17188 = ( REPRESENTATION_RELATIONSHIP('','',#14709,#10) 
REPRESENTATION_RELATIONSHIP_WITH_TRANSFORMATION(#17189) 
SHAPE_REPRESENTATION_RELATIONSHIP() );
#17189 = ITEM_DEFINED_TRANSFORMATION('','',#11,#67);
#17190 = PRODUCT_DEFINITION_SHAPE('Placement','Placement of an item',
  #17191);
#17191 = NEXT_ASSEMBLY_USAGE_OCCURRENCE('14','C2','',#5,#14704,$);
#17192 = PRODUCT_RELATED_PRODUCT_CATEGORY('part',$,(#14706));
#17193 = SHAPE_DEFINITION_REPRESENTATION(#17194,#17200);
#17194 = PRODUCT_DEFINITION_SHAPE('','',#17195);
#17195 = PRODUCT_DEFINITION('design','',#17196,#17199);
#17196 = PRODUCT_DEFINITION_FORMATION('','',#17197);
#17197 = PRODUCT('kibot_gqcuvujy_PCB','kibot_gqcuvujy_PCB','',(#17198));
#17198 = PRODUCT_CONTEXT('',#2,'mechanical');
#17199 = PRODUCT_DEFINITION_CONTEXT('part definition',#2,'design');
#17200 = ADVANCED_BREP_SHAPE_REPRESENTATION('',(#11,#17201),#18359);
#17201 = MANIFOLD_SOLID_BREP('',#17202);
#17202 = CLOSED_SHELL('',(#17203,#17245,#17276,#17309,#17590,#17871,
    #17888,#17905,#17922,#17939,#17956,#17973,#17990,#18007,#18024,
    #18041,#18058,#18075,#18092,#18109,#18126,#18143,#18160,#18177,
    #18194,#18211,#18223,#18240,#18257,#18274,#18291,#18308,#18325,
    #18342));
#17203 = ADVANCED_FACE('',(#17204),#17240,.T.);
#17204 = FACE_BOUND('',#17205,.T.);
#17205 = EDGE_LOOP('',(#17206,#17216,#17225,#17233));
#17206 = ORIENTED_EDGE('',*,*,#17207,.T.);
#17207 = EDGE_CURVE('',#17208,#17210,#17212,.T.);
#17208 = VERTEX_POINT('',#17209);
#17209 = CARTESIAN_POINT('',(-1.089538,15.735039,0.));
#17210 = VERTEX_POINT('',#17211);
#17211 = CARTESIAN_POINT('',(-1.089538,15.735039,1.51));
#17212 = LINE('',#17213,#17214);
#17213 = CARTESIAN_POINT('',(-1.089538,15.735039,0.));
#17214 = VECTOR('',#17215,1.);
#17215 = DIRECTION('',(0.,0.,1.));
#17216 = ORIENTED_EDGE('',*,*,#17217,.T.);
#17217 = EDGE_CURVE('',#17210,#17218,#17220,.T.);
#17218 = VERTEX_POINT('',#17219);
#17219 = CARTESIAN_POINT('',(-0.891919,15.565808,1.51));
#17220 = CIRCLE('',#17221,0.19996940797);
#17221 = AXIS2_PLACEMENT_3D('',#17222,#17223,#17224);
#17222 = CARTESIAN_POINT('',(-1.089511799729,15.535069593747,1.51));
#17223 = DIRECTION('',(0.,0.,-1.));
#17224 = DIRECTION('',(-1.310213952379E-04,0.999999991417,0.));
#17225 = ORIENTED_EDGE('',*,*,#17226,.F.);
#17226 = EDGE_CURVE('',#17227,#17218,#17229,.T.);
#17227 = VERTEX_POINT('',#17228);
#17228 = CARTESIAN_POINT('',(-0.891919,15.565808,0.));
#17229 = LINE('',#17230,#17231);
#17230 = CARTESIAN_POINT('',(-0.891919,15.565808,0.));
#17231 = VECTOR('',#17232,1.);
#17232 = DIRECTION('',(0.,0.,1.));
#17233 = ORIENTED_EDGE('',*,*,#17234,.F.);
#17234 = EDGE_CURVE('',#17208,#17227,#17235,.T.);
#17235 = CIRCLE('',#17236,0.19996940797);
#17236 = AXIS2_PLACEMENT_3D('',#17237,#17238,#17239);
#17237 = CARTESIAN_POINT('',(-1.089511799729,15.535069593747,0.));
#17238 = DIRECTION('',(0.,0.,-1.));
#17239 = DIRECTION('',(-1.310213952379E-04,0.999999991417,0.));
#17240 = CYLINDRICAL_SURFACE('',#17241,0.19996940797);
#17241 = AXIS2_PLACEMENT_3D('',#17242,#17243,#17244);
#17242 = CARTESIAN_POINT('',(-1.089511799729,15.535069593747,0.));
#17243 = DIRECTION('',(0.,0.,-1.));
#17244 = DIRECTION('',(-1.310213952379E-04,0.999999991417,0.));
#17245 = ADVANCED_FACE('',(#17246),#17271,.T.);
#17246 = FACE_BOUND('',#17247,.T.);
#17247 = EDGE_LOOP('',(#17248,#17258,#17264,#17265));
#17248 = ORIENTED_EDGE('',*,*,#17249,.T.);
#17249 = EDGE_CURVE('',#17250,#17252,#17254,.T.);
#17250 = VERTEX_POINT('',#17251);
#17251 = CARTESIAN_POINT('',(-18.520492,15.735039,0.));
#17252 = VERTEX_POINT('',#17253);
#17253 = CARTESIAN_POINT('',(-18.520492,15.735039,1.51));
#17254 = LINE('',#17255,#17256);
#17255 = CARTESIAN_POINT('',(-18.520492,15.735039,0.));
#17256 = VECTOR('',#17257,1.);
#17257 = DIRECTION('',(0.,0.,1.));
#17258 = ORIENTED_EDGE('',*,*,#17259,.T.);
#17259 = EDGE_CURVE('',#17252,#17210,#17260,.T.);
#17260 = LINE('',#17261,#17262);
#17261 = CARTESIAN_POINT('',(-18.520492,15.735039,1.51));
#17262 = VECTOR('',#17263,1.);
#17263 = DIRECTION('',(1.,0.,0.));
#17264 = ORIENTED_EDGE('',*,*,#17207,.F.);
#17265 = ORIENTED_EDGE('',*,*,#17266,.F.);
#17266 = EDGE_CURVE('',#17250,#17208,#17267,.T.);
#17267 = LINE('',#17268,#17269);
#17268 = CARTESIAN_POINT('',(-18.520492,15.735039,0.));
#17269 = VECTOR('',#17270,1.);
#17270 = DIRECTION('',(1.,0.,0.));
#17271 = PLANE('',#17272);
#17272 = AXIS2_PLACEMENT_3D('',#17273,#17274,#17275);
#17273 = CARTESIAN_POINT('',(-18.520492,15.735039,0.));
#17274 = DIRECTION('',(0.,1.,0.));
#17275 = DIRECTION('',(1.,0.,0.));
#17276 = ADVANCED_FACE('',(#17277),#17304,.F.);
#17277 = FACE_BOUND('',#17278,.T.);
#17278 = EDGE_LOOP('',(#17279,#17280,#17289,#17297));
#17279 = ORIENTED_EDGE('',*,*,#17226,.T.);
#17280 = ORIENTED_EDGE('',*,*,#17281,.T.);
#17281 = EDGE_CURVE('',#17218,#17282,#17284,.T.);
#17282 = VERTEX_POINT('',#17283);
#17283 = CARTESIAN_POINT('',(1.28189,15.565808,1.51));
#17284 = CIRCLE('',#17285,1.100000281209);
#17285 = AXIS2_PLACEMENT_3D('',#17286,#17287,#17288);
#17286 = CARTESIAN_POINT('',(0.1949855,15.735039281209,1.51));
#17287 = DIRECTION('',(0.,0.,1.));
#17288 = DIRECTION('',(-0.988094747399,-0.153846579951,0.));
#17289 = ORIENTED_EDGE('',*,*,#17290,.F.);
#17290 = EDGE_CURVE('',#17291,#17282,#17293,.T.);
#17291 = VERTEX_POINT('',#17292);
#17292 = CARTESIAN_POINT('',(1.28189,15.565808,0.));
#17293 = LINE('',#17294,#17295);
#17294 = CARTESIAN_POINT('',(1.28189,15.565808,0.));
#17295 = VECTOR('',#17296,1.);
#17296 = DIRECTION('',(0.,0.,1.));
#17297 = ORIENTED_EDGE('',*,*,#17298,.F.);
#17298 = EDGE_CURVE('',#17227,#17291,#17299,.T.);
#17299 = CIRCLE('',#17300,1.100000281209);
#17300 = AXIS2_PLACEMENT_3D('',#17301,#17302,#17303);
#17301 = CARTESIAN_POINT('',(0.1949855,15.735039281209,0.));
#17302 = DIRECTION('',(0.,0.,1.));
#17303 = DIRECTION('',(-0.988094747399,-0.153846579951,0.));
#17304 = CYLINDRICAL_SURFACE('',#17305,1.100000281209);
#17305 = AXIS2_PLACEMENT_3D('',#17306,#17307,#17308);
#17306 = CARTESIAN_POINT('',(0.1949855,15.735039281209,0.));
#17307 = DIRECTION('',(-0.,-0.,-1.));
#17308 = DIRECTION('',(-0.988094747399,-0.153846579951,0.));
#17309 = ADVANCED_FACE('',(#17310,#17497,#17508,#17519,#17530,#17541,
    #17552,#17563,#17574),#17585,.F.);
#17310 = FACE_BOUND('',#17311,.F.);
#17311 = EDGE_LOOP('',(#17312,#17313,#17314,#17323,#17332,#17341,#17349,
    #17358,#17367,#17376,#17384,#17393,#17402,#17411,#17419,#17428,
    #17437,#17446,#17454,#17463,#17472,#17481,#17489,#17496));
#17312 = ORIENTED_EDGE('',*,*,#17234,.F.);
#17313 = ORIENTED_EDGE('',*,*,#17266,.F.);
#17314 = ORIENTED_EDGE('',*,*,#17315,.F.);
#17315 = EDGE_CURVE('',#17316,#17250,#17318,.T.);
#17316 = VERTEX_POINT('',#17317);
#17317 = CARTESIAN_POINT('',(-18.71811,15.565808,0.));
#17318 = CIRCLE('',#17319,0.199894440889);
#17319 = AXIS2_PLACEMENT_3D('',#17320,#17321,#17322);
#17320 = CARTESIAN_POINT('',(-18.52058141442,15.535144579109,0.));
#17321 = DIRECTION('',(0.,0.,-1.));
#17322 = DIRECTION('',(-0.988164476672,0.153398067274,0.));
#17323 = ORIENTED_EDGE('',*,*,#17324,.F.);
#17324 = EDGE_CURVE('',#17325,#17316,#17327,.T.);
#17325 = VERTEX_POINT('',#17326);
#17326 = CARTESIAN_POINT('',(-19.635784,14.648135,0.));
#17327 = CIRCLE('',#17328,1.10003955037);
#17328 = AXIS2_PLACEMENT_3D('',#17329,#17330,#17331);
#17329 = CARTESIAN_POINT('',(-19.80504883341,15.735074017861,0.));
#17330 = DIRECTION('',(0.,0.,1.));
#17331 = DIRECTION('',(0.153871588847,-0.988090853184,0.));
#17332 = ORIENTED_EDGE('',*,*,#17333,.F.);
#17333 = EDGE_CURVE('',#17334,#17325,#17336,.T.);
#17334 = VERTEX_POINT('',#17335);
#17335 = CARTESIAN_POINT('',(-19.805015,14.450516,0.));
#17336 = CIRCLE('',#17337,0.200021488247);
#17337 = AXIS2_PLACEMENT_3D('',#17338,#17339,#17340);
#17338 = CARTESIAN_POINT('',(-19.60499351259,14.450497600588,0.));
#17339 = DIRECTION('',(0.,0.,-1.));
#17340 = DIRECTION('',(-0.999999995769,9.198717443624E-05,0.));
#17341 = ORIENTED_EDGE('',*,*,#17342,.F.);
#17342 = EDGE_CURVE('',#17343,#17334,#17345,.T.);
#17343 = VERTEX_POINT('',#17344);
#17344 = CARTESIAN_POINT('',(-19.805015,-2.980438,0.));
#17345 = LINE('',#17346,#17347);
#17346 = CARTESIAN_POINT('',(-19.805015,-2.980438,0.));
#17347 = VECTOR('',#17348,1.);
#17348 = DIRECTION('',(0.,1.,0.));
#17349 = ORIENTED_EDGE('',*,*,#17350,.F.);
#17350 = EDGE_CURVE('',#17351,#17343,#17353,.T.);
#17351 = VERTEX_POINT('',#17352);
#17352 = CARTESIAN_POINT('',(-19.635784,-3.178057,0.));
#17353 = CIRCLE('',#17354,0.200158373418);
#17354 = AXIS2_PLACEMENT_3D('',#17355,#17356,#17357);
#17355 = CARTESIAN_POINT('',(-19.6048566725,-2.980302417592,0.));
#17356 = DIRECTION('',(0.,0.,-1.));
#17357 = DIRECTION('',(-0.154514282715,-0.987990554832,-0.));
#17358 = ORIENTED_EDGE('',*,*,#17359,.F.);
#17359 = EDGE_CURVE('',#17360,#17351,#17362,.T.);
#17360 = VERTEX_POINT('',#17361);
#17361 = CARTESIAN_POINT('',(-18.71811,-4.09573,0.));
#17362 = CIRCLE('',#17363,1.099808271391);
#17363 = AXIS2_PLACEMENT_3D('',#17364,#17365,#17366);
#17364 = CARTESIAN_POINT('',(-19.80484629457,-4.264793478808,0.));
#17365 = DIRECTION('',(0.,0.,1.));
#17366 = DIRECTION('',(0.988114313055,0.153720864996,-0.));
#17367 = ORIENTED_EDGE('',*,*,#17368,.F.);
#17368 = EDGE_CURVE('',#17369,#17360,#17371,.T.);
#17369 = VERTEX_POINT('',#17370);
#17370 = CARTESIAN_POINT('',(-18.520492,-4.264961,0.));
#17371 = CIRCLE('',#17372,0.200009488461);
#17372 = AXIS2_PLACEMENT_3D('',#17373,#17374,#17375);
#17373 = CARTESIAN_POINT('',(-18.52048287601,-4.064951511747,0.));
#17374 = DIRECTION('',(0.,0.,-1.));
#17375 = DIRECTION('',(-4.561777099498E-05,-0.99999999896,-0.));
#17376 = ORIENTED_EDGE('',*,*,#17377,.F.);
#17377 = EDGE_CURVE('',#17378,#17369,#17380,.T.);
#17378 = VERTEX_POINT('',#17379);
#17379 = CARTESIAN_POINT('',(-1.089538,-4.264961,0.));
#17380 = LINE('',#17381,#17382);
#17381 = CARTESIAN_POINT('',(-1.089538,-4.264961,0.));
#17382 = VECTOR('',#17383,1.);
#17383 = DIRECTION('',(-1.,0.,0.));
#17384 = ORIENTED_EDGE('',*,*,#17385,.F.);
#17385 = EDGE_CURVE('',#17386,#17378,#17388,.T.);
#17386 = VERTEX_POINT('',#17387);
#17387 = CARTESIAN_POINT('',(-0.891919,-4.09573,0.));
#17388 = CIRCLE('',#17389,0.200135030689);
#17389 = AXIS2_PLACEMENT_3D('',#17390,#17391,#17392);
#17390 = CARTESIAN_POINT('',(-1.089653603597,-4.064826002699,0.));
#17391 = DIRECTION('',(0.,0.,-1.));
#17392 = DIRECTION('',(0.988005962356,-0.154415732192,0.));
#17393 = ORIENTED_EDGE('',*,*,#17394,.F.);
#17394 = EDGE_CURVE('',#17395,#17386,#17397,.T.);
#17395 = VERTEX_POINT('',#17396);
#17396 = CARTESIAN_POINT('',(1.28189,-4.09573,0.));
#17397 = CIRCLE('',#17398,1.099999917574);
#17398 = AXIS2_PLACEMENT_3D('',#17399,#17400,#17401);
#17399 = CARTESIAN_POINT('',(0.1949855,-4.264958917574,0.));
#17400 = DIRECTION('',(0.,0.,1.));
#17401 = DIRECTION('',(0.98809507404,0.15384448205,-0.));
#17402 = ORIENTED_EDGE('',*,*,#17403,.F.);
#17403 = EDGE_CURVE('',#17404,#17395,#17406,.T.);
#17404 = VERTEX_POINT('',#17405);
#17405 = CARTESIAN_POINT('',(1.479508,-4.264961,0.));
#17406 = CIRCLE('',#17407,0.200009488461);
#17407 = AXIS2_PLACEMENT_3D('',#17408,#17409,#17410);
#17408 = CARTESIAN_POINT('',(1.479517123987,-4.064951511747,0.));
#17409 = DIRECTION('',(0.,0.,-1.));
#17410 = DIRECTION('',(-4.561777099275E-05,-0.99999999896,-0.));
#17411 = ORIENTED_EDGE('',*,*,#17412,.F.);
#17412 = EDGE_CURVE('',#17413,#17404,#17415,.T.);
#17413 = VERTEX_POINT('',#17414);
#17414 = CARTESIAN_POINT('',(18.910462,-4.264961,0.));
#17415 = LINE('',#17416,#17417);
#17416 = CARTESIAN_POINT('',(18.910462,-4.264961,0.));
#17417 = VECTOR('',#17418,1.);
#17418 = DIRECTION('',(-1.,0.,0.));
#17419 = ORIENTED_EDGE('',*,*,#17420,.F.);
#17420 = EDGE_CURVE('',#17421,#17413,#17423,.T.);
#17421 = VERTEX_POINT('',#17422);
#17422 = CARTESIAN_POINT('',(19.108081,-4.09573,0.));
#17423 = CIRCLE('',#17424,0.200050283286);
#17424 = AXIS2_PLACEMENT_3D('',#17425,#17426,#17427);
#17425 = CARTESIAN_POINT('',(18.910418945204,-4.064910721347,0.));
#17426 = DIRECTION('',(0.,0.,-1.));
#17427 = DIRECTION('',(0.988061858994,-0.154057660639,0.));
#17428 = ORIENTED_EDGE('',*,*,#17429,.F.);
#17429 = EDGE_CURVE('',#17430,#17421,#17432,.T.);
#17430 = VERTEX_POINT('',#17431);
#17431 = CARTESIAN_POINT('',(20.025754,-3.178057,0.));
#17432 = CIRCLE('',#17433,1.100072577217);
#17433 = AXIS2_PLACEMENT_3D('',#17434,#17435,#17436);
#17434 = CARTESIAN_POINT('',(20.195048779145,-4.265024779145,0.));
#17435 = DIRECTION('',(0.,0.,1.));
#17436 = DIRECTION('',(-0.153894190848,0.988087333196,0.));
#17437 = ORIENTED_EDGE('',*,*,#17438,.F.);
#17438 = EDGE_CURVE('',#17439,#17430,#17441,.T.);
#17439 = VERTEX_POINT('',#17440);
#17440 = CARTESIAN_POINT('',(20.194985,-2.980438,0.));
#17441 = CIRCLE('',#17442,0.19995947084);
#17442 = AXIS2_PLACEMENT_3D('',#17443,#17444,#17445);
#17443 = CARTESIAN_POINT('',(19.995025532173,-2.980472711041,0.));
#17444 = DIRECTION('',(0.,0.,-1.));
#17445 = DIRECTION('',(0.999999984933,1.735903812259E-04,0.));
#17446 = ORIENTED_EDGE('',*,*,#17447,.F.);
#17447 = EDGE_CURVE('',#17448,#17439,#17450,.T.);
#17448 = VERTEX_POINT('',#17449);
#17449 = CARTESIAN_POINT('',(20.194985,14.450516,0.));
#17450 = LINE('',#17451,#17452);
#17451 = CARTESIAN_POINT('',(20.194985,14.450516,0.));
#17452 = VECTOR('',#17453,1.);
#17453 = DIRECTION('',(0.,-1.,0.));
#17454 = ORIENTED_EDGE('',*,*,#17455,.F.);
#17455 = EDGE_CURVE('',#17456,#17448,#17458,.T.);
#17456 = VERTEX_POINT('',#17457);
#17457 = CARTESIAN_POINT('',(20.025754,14.648135,0.));
#17458 = CIRCLE('',#17459,0.200145352157);
#17459 = AXIS2_PLACEMENT_3D('',#17460,#17461,#17462);
#17460 = CARTESIAN_POINT('',(19.994839686527,14.45039156215,0.));
#17461 = DIRECTION('',(0.,0.,-1.));
#17462 = DIRECTION('',(0.154459312395,0.987999150209,0.));
#17463 = ORIENTED_EDGE('',*,*,#17464,.F.);
#17464 = EDGE_CURVE('',#17465,#17456,#17467,.T.);
#17465 = VERTEX_POINT('',#17466);
#17466 = CARTESIAN_POINT('',(19.108081,15.565808,0.));
#17467 = CIRCLE('',#17468,1.10019421119);
#17468 = AXIS2_PLACEMENT_3D('',#17469,#17470,#17471);
#17469 = CARTESIAN_POINT('',(20.195155287335,15.735209287335,0.));
#17470 = DIRECTION('',(0.,0.,1.));
#17471 = DIRECTION('',(-0.988074901939,-0.153973985331,0.));
#17472 = ORIENTED_EDGE('',*,*,#17473,.F.);
#17473 = EDGE_CURVE('',#17474,#17465,#17476,.T.);
#17474 = VERTEX_POINT('',#17475);
#17475 = CARTESIAN_POINT('',(18.910462,15.735039,0.));
#17476 = CIRCLE('',#17477,0.19996940797);
#17477 = AXIS2_PLACEMENT_3D('',#17478,#17479,#17480);
#17478 = CARTESIAN_POINT('',(18.910488200271,15.535069593747,0.));
#17479 = DIRECTION('',(0.,0.,-1.));
#17480 = DIRECTION('',(-1.310213952612E-04,0.999999991417,0.));
#17481 = ORIENTED_EDGE('',*,*,#17482,.F.);
#17482 = EDGE_CURVE('',#17483,#17474,#17485,.T.);
#17483 = VERTEX_POINT('',#17484);
#17484 = CARTESIAN_POINT('',(1.479508,15.735039,0.));
#17485 = LINE('',#17486,#17487);
#17486 = CARTESIAN_POINT('',(1.479508,15.735039,0.));
#17487 = VECTOR('',#17488,1.);
#17488 = DIRECTION('',(1.,0.,0.));
#17489 = ORIENTED_EDGE('',*,*,#17490,.F.);
#17490 = EDGE_CURVE('',#17291,#17483,#17491,.T.);
#17491 = CIRCLE('',#17492,0.199894440889);
#17492 = AXIS2_PLACEMENT_3D('',#17493,#17494,#17495);
#17493 = CARTESIAN_POINT('',(1.479418585571,15.535144579109,0.));
#17494 = DIRECTION('',(0.,0.,-1.));
#17495 = DIRECTION('',(-0.988164476672,0.153398067274,0.));
#17496 = ORIENTED_EDGE('',*,*,#17298,.F.);
#17497 = FACE_BOUND('',#17498,.F.);
#17498 = EDGE_LOOP('',(#17499));
#17499 = ORIENTED_EDGE('',*,*,#17500,.T.);
#17500 = EDGE_CURVE('',#17501,#17501,#17503,.T.);
#17501 = VERTEX_POINT('',#17502);
#17502 = CARTESIAN_POINT('',(-10.82,-0.19,0.));
#17503 = CIRCLE('',#17504,0.4);
#17504 = AXIS2_PLACEMENT_3D('',#17505,#17506,#17507);
#17505 = CARTESIAN_POINT('',(-10.82,0.21,0.));
#17506 = DIRECTION('',(-0.,0.,-1.));
#17507 = DIRECTION('',(-0.,-1.,0.));
#17508 = FACE_BOUND('',#17509,.F.);
#17509 = EDGE_LOOP('',(#17510));
#17510 = ORIENTED_EDGE('',*,*,#17511,.T.);
#17511 = EDGE_CURVE('',#17512,#17512,#17514,.T.);
#17512 = VERTEX_POINT('',#17513);
#17513 = CARTESIAN_POINT('',(-8.32,-0.19,0.));
#17514 = CIRCLE('',#17515,0.4);
#17515 = AXIS2_PLACEMENT_3D('',#17516,#17517,#17518);
#17516 = CARTESIAN_POINT('',(-8.32,0.21,0.));
#17517 = DIRECTION('',(-0.,0.,-1.));
#17518 = DIRECTION('',(-0.,-1.,0.));
#17519 = FACE_BOUND('',#17520,.F.);
#17520 = EDGE_LOOP('',(#17521));
#17521 = ORIENTED_EDGE('',*,*,#17522,.T.);
#17522 = EDGE_CURVE('',#17523,#17523,#17525,.T.);
#17523 = VERTEX_POINT('',#17524);
#17524 = CARTESIAN_POINT('',(-16.98,2.99,0.));
#17525 = CIRCLE('',#17526,0.5);
#17526 = AXIS2_PLACEMENT_3D('',#17527,#17528,#17529);
#17527 = CARTESIAN_POINT('',(-16.98,3.49,0.));
#17528 = DIRECTION('',(-0.,0.,-1.));
#17529 = DIRECTION('',(-0.,-1.,0.));
#17530 = FACE_BOUND('',#17531,.F.);
#17531 = EDGE_LOOP('',(#17532));
#17532 = ORIENTED_EDGE('',*,*,#17533,.T.);
#17533 = EDGE_CURVE('',#17534,#17534,#17536,.T.);
#17534 = VERTEX_POINT('',#17535);
#17535 = CARTESIAN_POINT('',(17.135,2.68,0.));
#17536 = CIRCLE('',#17537,0.5);
#17537 = AXIS2_PLACEMENT_3D('',#17538,#17539,#17540);
#17538 = CARTESIAN_POINT('',(17.135,3.18,0.));
#17539 = DIRECTION('',(-0.,0.,-1.));
#17540 = DIRECTION('',(-0.,-1.,0.));
#17541 = FACE_BOUND('',#17542,.F.);
#17542 = EDGE_LOOP('',(#17543));
#17543 = ORIENTED_EDGE('',*,*,#17544,.T.);
#17544 = EDGE_CURVE('',#17545,#17545,#17547,.T.);
#17545 = VERTEX_POINT('',#17546);
#17546 = CARTESIAN_POINT('',(-16.98,5.49,0.));
#17547 = CIRCLE('',#17548,0.5);
#17548 = AXIS2_PLACEMENT_3D('',#17549,#17550,#17551);
#17549 = CARTESIAN_POINT('',(-16.98,5.99,0.));
#17550 = DIRECTION('',(-0.,0.,-1.));
#17551 = DIRECTION('',(-0.,-1.,0.));
#17552 = FACE_BOUND('',#17553,.F.);
#17553 = EDGE_LOOP('',(#17554));
#17554 = ORIENTED_EDGE('',*,*,#17555,.T.);
#17555 = EDGE_CURVE('',#17556,#17556,#17558,.T.);
#17556 = VERTEX_POINT('',#17557);
#17557 = CARTESIAN_POINT('',(17.105,5.61,0.));
#17558 = CIRCLE('',#17559,0.5);
#17559 = AXIS2_PLACEMENT_3D('',#17560,#17561,#17562);
#17560 = CARTESIAN_POINT('',(17.105,6.11,0.));
#17561 = DIRECTION('',(-0.,0.,-1.));
#17562 = DIRECTION('',(-0.,-1.,0.));
#17563 = FACE_BOUND('',#17564,.F.);
#17564 = EDGE_LOOP('',(#17565));
#17565 = ORIENTED_EDGE('',*,*,#17566,.T.);
#17566 = EDGE_CURVE('',#17567,#17567,#17569,.T.);
#17567 = VERTEX_POINT('',#17568);
#17568 = CARTESIAN_POINT('',(3.903959,8.29,0.));
#17569 = CIRCLE('',#17570,0.6);
#17570 = AXIS2_PLACEMENT_3D('',#17571,#17572,#17573);
#17571 = CARTESIAN_POINT('',(3.903959,8.89,0.));
#17572 = DIRECTION('',(-0.,0.,-1.));
#17573 = DIRECTION('',(-0.,-1.,0.));
#17574 = FACE_BOUND('',#17575,.F.);
#17575 = EDGE_LOOP('',(#17576));
#17576 = ORIENTED_EDGE('',*,*,#17577,.T.);
#17577 = EDGE_CURVE('',#17578,#17578,#17580,.T.);
#17578 = VERTEX_POINT('',#17579);
#17579 = CARTESIAN_POINT('',(8.903959,8.29,0.));
#17580 = CIRCLE('',#17581,0.6);
#17581 = AXIS2_PLACEMENT_3D('',#17582,#17583,#17584);
#17582 = CARTESIAN_POINT('',(8.903959,8.89,0.));
#17583 = DIRECTION('',(-0.,0.,-1.));
#17584 = DIRECTION('',(-0.,-1.,0.));
#17585 = PLANE('',#17586);
#17586 = AXIS2_PLACEMENT_3D('',#17587,#17588,#17589);
#17587 = CARTESIAN_POINT('',(0.,0.,0.));
#17588 = DIRECTION('',(0.,0.,1.));
#17589 = DIRECTION('',(1.,0.,-0.));
#17590 = ADVANCED_FACE('',(#17591,#17778,#17789,#17800,#17811,#17822,
    #17833,#17844,#17855),#17866,.T.);
#17591 = FACE_BOUND('',#17592,.T.);
#17592 = EDGE_LOOP('',(#17593,#17594,#17595,#17604,#17613,#17622,#17630,
    #17639,#17648,#17657,#17665,#17674,#17683,#17692,#17700,#17709,
    #17718,#17727,#17735,#17744,#17753,#17762,#17770,#17777));
#17593 = ORIENTED_EDGE('',*,*,#17217,.F.);
#17594 = ORIENTED_EDGE('',*,*,#17259,.F.);
#17595 = ORIENTED_EDGE('',*,*,#17596,.F.);
#17596 = EDGE_CURVE('',#17597,#17252,#17599,.T.);
#17597 = VERTEX_POINT('',#17598);
#17598 = CARTESIAN_POINT('',(-18.71811,15.565808,1.51));
#17599 = CIRCLE('',#17600,0.199894440889);
#17600 = AXIS2_PLACEMENT_3D('',#17601,#17602,#17603);
#17601 = CARTESIAN_POINT('',(-18.52058141442,15.535144579109,1.51));
#17602 = DIRECTION('',(0.,0.,-1.));
#17603 = DIRECTION('',(-0.988164476672,0.153398067274,0.));
#17604 = ORIENTED_EDGE('',*,*,#17605,.F.);
#17605 = EDGE_CURVE('',#17606,#17597,#17608,.T.);
#17606 = VERTEX_POINT('',#17607);
#17607 = CARTESIAN_POINT('',(-19.635784,14.648135,1.51));
#17608 = CIRCLE('',#17609,1.10003955037);
#17609 = AXIS2_PLACEMENT_3D('',#17610,#17611,#17612);
#17610 = CARTESIAN_POINT('',(-19.80504883341,15.735074017861,1.51));
#17611 = DIRECTION('',(0.,0.,1.));
#17612 = DIRECTION('',(0.153871588847,-0.988090853184,0.));
#17613 = ORIENTED_EDGE('',*,*,#17614,.F.);
#17614 = EDGE_CURVE('',#17615,#17606,#17617,.T.);
#17615 = VERTEX_POINT('',#17616);
#17616 = CARTESIAN_POINT('',(-19.805015,14.450516,1.51));
#17617 = CIRCLE('',#17618,0.200021488247);
#17618 = AXIS2_PLACEMENT_3D('',#17619,#17620,#17621);
#17619 = CARTESIAN_POINT('',(-19.60499351259,14.450497600588,1.51));
#17620 = DIRECTION('',(0.,0.,-1.));
#17621 = DIRECTION('',(-0.999999995769,9.198717443624E-05,0.));
#17622 = ORIENTED_EDGE('',*,*,#17623,.F.);
#17623 = EDGE_CURVE('',#17624,#17615,#17626,.T.);
#17624 = VERTEX_POINT('',#17625);
#17625 = CARTESIAN_POINT('',(-19.805015,-2.980438,1.51));
#17626 = LINE('',#17627,#17628);
#17627 = CARTESIAN_POINT('',(-19.805015,-2.980438,1.51));
#17628 = VECTOR('',#17629,1.);
#17629 = DIRECTION('',(0.,1.,0.));
#17630 = ORIENTED_EDGE('',*,*,#17631,.F.);
#17631 = EDGE_CURVE('',#17632,#17624,#17634,.T.);
#17632 = VERTEX_POINT('',#17633);
#17633 = CARTESIAN_POINT('',(-19.635784,-3.178057,1.51));
#17634 = CIRCLE('',#17635,0.200158373418);
#17635 = AXIS2_PLACEMENT_3D('',#17636,#17637,#17638);
#17636 = CARTESIAN_POINT('',(-19.6048566725,-2.980302417592,1.51));
#17637 = DIRECTION('',(0.,0.,-1.));
#17638 = DIRECTION('',(-0.154514282715,-0.987990554832,-0.));
#17639 = ORIENTED_EDGE('',*,*,#17640,.F.);
#17640 = EDGE_CURVE('',#17641,#17632,#17643,.T.);
#17641 = VERTEX_POINT('',#17642);
#17642 = CARTESIAN_POINT('',(-18.71811,-4.09573,1.51));
#17643 = CIRCLE('',#17644,1.099808271391);
#17644 = AXIS2_PLACEMENT_3D('',#17645,#17646,#17647);
#17645 = CARTESIAN_POINT('',(-19.80484629457,-4.264793478808,1.51));
#17646 = DIRECTION('',(0.,0.,1.));
#17647 = DIRECTION('',(0.988114313055,0.153720864996,-0.));
#17648 = ORIENTED_EDGE('',*,*,#17649,.F.);
#17649 = EDGE_CURVE('',#17650,#17641,#17652,.T.);
#17650 = VERTEX_POINT('',#17651);
#17651 = CARTESIAN_POINT('',(-18.520492,-4.264961,1.51));
#17652 = CIRCLE('',#17653,0.200009488461);
#17653 = AXIS2_PLACEMENT_3D('',#17654,#17655,#17656);
#17654 = CARTESIAN_POINT('',(-18.52048287601,-4.064951511747,1.51));
#17655 = DIRECTION('',(0.,0.,-1.));
#17656 = DIRECTION('',(-4.561777099498E-05,-0.99999999896,-0.));
#17657 = ORIENTED_EDGE('',*,*,#17658,.F.);
#17658 = EDGE_CURVE('',#17659,#17650,#17661,.T.);
#17659 = VERTEX_POINT('',#17660);
#17660 = CARTESIAN_POINT('',(-1.089538,-4.264961,1.51));
#17661 = LINE('',#17662,#17663);
#17662 = CARTESIAN_POINT('',(-1.089538,-4.264961,1.51));
#17663 = VECTOR('',#17664,1.);
#17664 = DIRECTION('',(-1.,0.,0.));
#17665 = ORIENTED_EDGE('',*,*,#17666,.F.);
#17666 = EDGE_CURVE('',#17667,#17659,#17669,.T.);
#17667 = VERTEX_POINT('',#17668);
#17668 = CARTESIAN_POINT('',(-0.891919,-4.09573,1.51));
#17669 = CIRCLE('',#17670,0.200135030689);
#17670 = AXIS2_PLACEMENT_3D('',#17671,#17672,#17673);
#17671 = CARTESIAN_POINT('',(-1.089653603597,-4.064826002699,1.51));
#17672 = DIRECTION('',(0.,0.,-1.));
#17673 = DIRECTION('',(0.988005962356,-0.154415732192,0.));
#17674 = ORIENTED_EDGE('',*,*,#17675,.F.);
#17675 = EDGE_CURVE('',#17676,#17667,#17678,.T.);
#17676 = VERTEX_POINT('',#17677);
#17677 = CARTESIAN_POINT('',(1.28189,-4.09573,1.51));
#17678 = CIRCLE('',#17679,1.099999917574);
#17679 = AXIS2_PLACEMENT_3D('',#17680,#17681,#17682);
#17680 = CARTESIAN_POINT('',(0.1949855,-4.264958917574,1.51));
#17681 = DIRECTION('',(0.,0.,1.));
#17682 = DIRECTION('',(0.98809507404,0.15384448205,-0.));
#17683 = ORIENTED_EDGE('',*,*,#17684,.F.);
#17684 = EDGE_CURVE('',#17685,#17676,#17687,.T.);
#17685 = VERTEX_POINT('',#17686);
#17686 = CARTESIAN_POINT('',(1.479508,-4.264961,1.51));
#17687 = CIRCLE('',#17688,0.200009488461);
#17688 = AXIS2_PLACEMENT_3D('',#17689,#17690,#17691);
#17689 = CARTESIAN_POINT('',(1.479517123987,-4.064951511747,1.51));
#17690 = DIRECTION('',(0.,0.,-1.));
#17691 = DIRECTION('',(-4.561777099275E-05,-0.99999999896,-0.));
#17692 = ORIENTED_EDGE('',*,*,#17693,.F.);
#17693 = EDGE_CURVE('',#17694,#17685,#17696,.T.);
#17694 = VERTEX_POINT('',#17695);
#17695 = CARTESIAN_POINT('',(18.910462,-4.264961,1.51));
#17696 = LINE('',#17697,#17698);
#17697 = CARTESIAN_POINT('',(18.910462,-4.264961,1.51));
#17698 = VECTOR('',#17699,1.);
#17699 = DIRECTION('',(-1.,0.,0.));
#17700 = ORIENTED_EDGE('',*,*,#17701,.F.);
#17701 = EDGE_CURVE('',#17702,#17694,#17704,.T.);
#17702 = VERTEX_POINT('',#17703);
#17703 = CARTESIAN_POINT('',(19.108081,-4.09573,1.51));
#17704 = CIRCLE('',#17705,0.200050283286);
#17705 = AXIS2_PLACEMENT_3D('',#17706,#17707,#17708);
#17706 = CARTESIAN_POINT('',(18.910418945204,-4.064910721347,1.51));
#17707 = DIRECTION('',(0.,0.,-1.));
#17708 = DIRECTION('',(0.988061858994,-0.154057660639,0.));
#17709 = ORIENTED_EDGE('',*,*,#17710,.F.);
#17710 = EDGE_CURVE('',#17711,#17702,#17713,.T.);
#17711 = VERTEX_POINT('',#17712);
#17712 = CARTESIAN_POINT('',(20.025754,-3.178057,1.51));
#17713 = CIRCLE('',#17714,1.100072577217);
#17714 = AXIS2_PLACEMENT_3D('',#17715,#17716,#17717);
#17715 = CARTESIAN_POINT('',(20.195048779145,-4.265024779145,1.51));
#17716 = DIRECTION('',(0.,0.,1.));
#17717 = DIRECTION('',(-0.153894190848,0.988087333196,0.));
#17718 = ORIENTED_EDGE('',*,*,#17719,.F.);
#17719 = EDGE_CURVE('',#17720,#17711,#17722,.T.);
#17720 = VERTEX_POINT('',#17721);
#17721 = CARTESIAN_POINT('',(20.194985,-2.980438,1.51));
#17722 = CIRCLE('',#17723,0.19995947084);
#17723 = AXIS2_PLACEMENT_3D('',#17724,#17725,#17726);
#17724 = CARTESIAN_POINT('',(19.995025532173,-2.980472711041,1.51));
#17725 = DIRECTION('',(0.,0.,-1.));
#17726 = DIRECTION('',(0.999999984933,1.735903812259E-04,0.));
#17727 = ORIENTED_EDGE('',*,*,#17728,.F.);
#17728 = EDGE_CURVE('',#17729,#17720,#17731,.T.);
#17729 = VERTEX_POINT('',#17730);
#17730 = CARTESIAN_POINT('',(20.194985,14.450516,1.51));
#17731 = LINE('',#17732,#17733);
#17732 = CARTESIAN_POINT('',(20.194985,14.450516,1.51));
#17733 = VECTOR('',#17734,1.);
#17734 = DIRECTION('',(0.,-1.,0.));
#17735 = ORIENTED_EDGE('',*,*,#17736,.F.);
#17736 = EDGE_CURVE('',#17737,#17729,#17739,.T.);
#17737 = VERTEX_POINT('',#17738);
#17738 = CARTESIAN_POINT('',(20.025754,14.648135,1.51));
#17739 = CIRCLE('',#17740,0.200145352157);
#17740 = AXIS2_PLACEMENT_3D('',#17741,#17742,#17743);
#17741 = CARTESIAN_POINT('',(19.994839686527,14.45039156215,1.51));
#17742 = DIRECTION('',(0.,0.,-1.));
#17743 = DIRECTION('',(0.154459312395,0.987999150209,0.));
#17744 = ORIENTED_EDGE('',*,*,#17745,.F.);
#17745 = EDGE_CURVE('',#17746,#17737,#17748,.T.);
#17746 = VERTEX_POINT('',#17747);
#17747 = CARTESIAN_POINT('',(19.108081,15.565808,1.51));
#17748 = CIRCLE('',#17749,1.10019421119);
#17749 = AXIS2_PLACEMENT_3D('',#17750,#17751,#17752);
#17750 = CARTESIAN_POINT('',(20.195155287335,15.735209287335,1.51));
#17751 = DIRECTION('',(0.,0.,1.));
#17752 = DIRECTION('',(-0.988074901939,-0.153973985331,0.));
#17753 = ORIENTED_EDGE('',*,*,#17754,.F.);
#17754 = EDGE_CURVE('',#17755,#17746,#17757,.T.);
#17755 = VERTEX_POINT('',#17756);
#17756 = CARTESIAN_POINT('',(18.910462,15.735039,1.51));
#17757 = CIRCLE('',#17758,0.19996940797);
#17758 = AXIS2_PLACEMENT_3D('',#17759,#17760,#17761);
#17759 = CARTESIAN_POINT('',(18.910488200271,15.535069593747,1.51));
#17760 = DIRECTION('',(0.,0.,-1.));
#17761 = DIRECTION('',(-1.310213952612E-04,0.999999991417,0.));
#17762 = ORIENTED_EDGE('',*,*,#17763,.F.);
#17763 = EDGE_CURVE('',#17764,#17755,#17766,.T.);
#17764 = VERTEX_POINT('',#17765);
#17765 = CARTESIAN_POINT('',(1.479508,15.735039,1.51));
#17766 = LINE('',#17767,#17768);
#17767 = CARTESIAN_POINT('',(1.479508,15.735039,1.51));
#17768 = VECTOR('',#17769,1.);
#17769 = DIRECTION('',(1.,0.,0.));
#17770 = ORIENTED_EDGE('',*,*,#17771,.F.);
#17771 = EDGE_CURVE('',#17282,#17764,#17772,.T.);
#17772 = CIRCLE('',#17773,0.199894440889);
#17773 = AXIS2_PLACEMENT_3D('',#17774,#17775,#17776);
#17774 = CARTESIAN_POINT('',(1.479418585571,15.535144579109,1.51));
#17775 = DIRECTION('',(0.,0.,-1.));
#17776 = DIRECTION('',(-0.988164476672,0.153398067274,0.));
#17777 = ORIENTED_EDGE('',*,*,#17281,.F.);
#17778 = FACE_BOUND('',#17779,.T.);
#17779 = EDGE_LOOP('',(#17780));
#17780 = ORIENTED_EDGE('',*,*,#17781,.T.);
#17781 = EDGE_CURVE('',#17782,#17782,#17784,.T.);
#17782 = VERTEX_POINT('',#17783);
#17783 = CARTESIAN_POINT('',(-10.82,-0.19,1.51));
#17784 = CIRCLE('',#17785,0.4);
#17785 = AXIS2_PLACEMENT_3D('',#17786,#17787,#17788);
#17786 = CARTESIAN_POINT('',(-10.82,0.21,1.51));
#17787 = DIRECTION('',(-0.,0.,-1.));
#17788 = DIRECTION('',(-0.,-1.,0.));
#17789 = FACE_BOUND('',#17790,.T.);
#17790 = EDGE_LOOP('',(#17791));
#17791 = ORIENTED_EDGE('',*,*,#17792,.T.);
#17792 = EDGE_CURVE('',#17793,#17793,#17795,.T.);
#17793 = VERTEX_POINT('',#17794);
#17794 = CARTESIAN_POINT('',(-8.32,-0.19,1.51));
#17795 = CIRCLE('',#17796,0.4);
#17796 = AXIS2_PLACEMENT_3D('',#17797,#17798,#17799);
#17797 = CARTESIAN_POINT('',(-8.32,0.21,1.51));
#17798 = DIRECTION('',(-0.,0.,-1.));
#17799 = DIRECTION('',(-0.,-1.,0.));
#17800 = FACE_BOUND('',#17801,.T.);
#17801 = EDGE_LOOP('',(#17802));
#17802 = ORIENTED_EDGE('',*,*,#17803,.T.);
#17803 = EDGE_CURVE('',#17804,#17804,#17806,.T.);
#17804 = VERTEX_POINT('',#17805);
#17805 = CARTESIAN_POINT('',(-16.98,2.99,1.51));
#17806 = CIRCLE('',#17807,0.5);
#17807 = AXIS2_PLACEMENT_3D('',#17808,#17809,#17810);
#17808 = CARTESIAN_POINT('',(-16.98,3.49,1.51));
#17809 = DIRECTION('',(-0.,0.,-1.));
#17810 = DIRECTION('',(-0.,-1.,0.));
#17811 = FACE_BOUND('',#17812,.T.);
#17812 = EDGE_LOOP('',(#17813));
#17813 = ORIENTED_EDGE('',*,*,#17814,.T.);
#17814 = EDGE_CURVE('',#17815,#17815,#17817,.T.);
#17815 = VERTEX_POINT('',#17816);
#17816 = CARTESIAN_POINT('',(17.135,2.68,1.51));
#17817 = CIRCLE('',#17818,0.5);
#17818 = AXIS2_PLACEMENT_3D('',#17819,#17820,#17821);
#17819 = CARTESIAN_POINT('',(17.135,3.18,1.51));
#17820 = DIRECTION('',(-0.,0.,-1.));
#17821 = DIRECTION('',(-0.,-1.,0.));
#17822 = FACE_BOUND('',#17823,.T.);
#17823 = EDGE_LOOP('',(#17824));
#17824 = ORIENTED_EDGE('',*,*,#17825,.T.);
#17825 = EDGE_CURVE('',#17826,#17826,#17828,.T.);
#17826 = VERTEX_POINT('',#17827);
#17827 = CARTESIAN_POINT('',(-16.98,5.49,1.51));
#17828 = CIRCLE('',#17829,0.5);
#17829 = AXIS2_PLACEMENT_3D('',#17830,#17831,#17832);
#17830 = CARTESIAN_POINT('',(-16.98,5.99,1.51));
#17831 = DIRECTION('',(-0.,0.,-1.));
#17832 = DIRECTION('',(-0.,-1.,0.));
#17833 = FACE_BOUND('',#17834,.T.);
#17834 = EDGE_LOOP('',(#17835));
#17835 = ORIENTED_EDGE('',*,*,#17836,.T.);
#17836 = EDGE_CURVE('',#17837,#17837,#17839,.T.);
#17837 = VERTEX_POINT('',#17838);
#17838 = CARTESIAN_POINT('',(17.105,5.61,1.51));
#17839 = CIRCLE('',#17840,0.5);
#17840 = AXIS2_PLACEMENT_3D('',#17841,#17842,#17843);
#17841 = CARTESIAN_POINT('',(17.105,6.11,1.51));
#17842 = DIRECTION('',(-0.,0.,-1.));
#17843 = DIRECTION('',(-0.,-1.,0.));
#17844 = FACE_BOUND('',#17845,.T.);
#17845 = EDGE_LOOP('',(#17846));
#17846 = ORIENTED_EDGE('',*,*,#17847,.T.);
#17847 = EDGE_CURVE('',#17848,#17848,#17850,.T.);
#17848 = VERTEX_POINT('',#17849);
#17849 = CARTESIAN_POINT('',(3.903959,8.29,1.51));
#17850 = CIRCLE('',#17851,0.6);
#17851 = AXIS2_PLACEMENT_3D('',#17852,#17853,#17854);
#17852 = CARTESIAN_POINT('',(3.903959,8.89,1.51));
#17853 = DIRECTION('',(-0.,0.,-1.));
#17854 = DIRECTION('',(-0.,-1.,0.));
#17855 = FACE_BOUND('',#17856,.T.);
#17856 = EDGE_LOOP('',(#17857));
#17857 = ORIENTED_EDGE('',*,*,#17858,.T.);
#17858 = EDGE_CURVE('',#17859,#17859,#17861,.T.);
#17859 = VERTEX_POINT('',#17860);
#17860 = CARTESIAN_POINT('',(8.903959,8.29,1.51));
#17861 = CIRCLE('',#17862,0.6);
#17862 = AXIS2_PLACEMENT_3D('',#17863,#17864,#17865);
#17863 = CARTESIAN_POINT('',(8.903959,8.89,1.51));
#17864 = DIRECTION('',(-0.,0.,-1.));
#17865 = DIRECTION('',(-0.,-1.,0.));
#17866 = PLANE('',#17867);
#17867 = AXIS2_PLACEMENT_3D('',#17868,#17869,#17870);
#17868 = CARTESIAN_POINT('',(0.,0.,1.51));
#17869 = DIRECTION('',(0.,0.,1.));
#17870 = DIRECTION('',(1.,0.,-0.));
#17871 = ADVANCED_FACE('',(#17872),#17883,.T.);
#17872 = FACE_BOUND('',#17873,.T.);
#17873 = EDGE_LOOP('',(#17874,#17880,#17881,#17882));
#17874 = ORIENTED_EDGE('',*,*,#17875,.T.);
#17875 = EDGE_CURVE('',#17316,#17597,#17876,.T.);
#17876 = LINE('',#17877,#17878);
#17877 = CARTESIAN_POINT('',(-18.71811,15.565808,0.));
#17878 = VECTOR('',#17879,1.);
#17879 = DIRECTION('',(0.,0.,1.));
#17880 = ORIENTED_EDGE('',*,*,#17596,.T.);
#17881 = ORIENTED_EDGE('',*,*,#17249,.F.);
#17882 = ORIENTED_EDGE('',*,*,#17315,.F.);
#17883 = CYLINDRICAL_SURFACE('',#17884,0.199894440889);
#17884 = AXIS2_PLACEMENT_3D('',#17885,#17886,#17887);
#17885 = CARTESIAN_POINT('',(-18.52058141442,15.535144579109,0.));
#17886 = DIRECTION('',(0.,0.,-1.));
#17887 = DIRECTION('',(-0.988164476672,0.153398067274,0.));
#17888 = ADVANCED_FACE('',(#17889),#17900,.T.);
#17889 = FACE_BOUND('',#17890,.T.);
#17890 = EDGE_LOOP('',(#17891,#17892,#17893,#17899));
#17891 = ORIENTED_EDGE('',*,*,#17290,.T.);
#17892 = ORIENTED_EDGE('',*,*,#17771,.T.);
#17893 = ORIENTED_EDGE('',*,*,#17894,.F.);
#17894 = EDGE_CURVE('',#17483,#17764,#17895,.T.);
#17895 = LINE('',#17896,#17897);
#17896 = CARTESIAN_POINT('',(1.479508,15.735039,0.));
#17897 = VECTOR('',#17898,1.);
#17898 = DIRECTION('',(0.,0.,1.));
#17899 = ORIENTED_EDGE('',*,*,#17490,.F.);
#17900 = CYLINDRICAL_SURFACE('',#17901,0.199894440889);
#17901 = AXIS2_PLACEMENT_3D('',#17902,#17903,#17904);
#17902 = CARTESIAN_POINT('',(1.479418585571,15.535144579109,0.));
#17903 = DIRECTION('',(0.,0.,-1.));
#17904 = DIRECTION('',(-0.988164476672,0.153398067274,0.));
#17905 = ADVANCED_FACE('',(#17906),#17917,.F.);
#17906 = FACE_BOUND('',#17907,.T.);
#17907 = EDGE_LOOP('',(#17908,#17914,#17915,#17916));
#17908 = ORIENTED_EDGE('',*,*,#17909,.T.);
#17909 = EDGE_CURVE('',#17325,#17606,#17910,.T.);
#17910 = LINE('',#17911,#17912);
#17911 = CARTESIAN_POINT('',(-19.635784,14.648135,0.));
#17912 = VECTOR('',#17913,1.);
#17913 = DIRECTION('',(0.,0.,1.));
#17914 = ORIENTED_EDGE('',*,*,#17605,.T.);
#17915 = ORIENTED_EDGE('',*,*,#17875,.F.);
#17916 = ORIENTED_EDGE('',*,*,#17324,.F.);
#17917 = CYLINDRICAL_SURFACE('',#17918,1.10003955037);
#17918 = AXIS2_PLACEMENT_3D('',#17919,#17920,#17921);
#17919 = CARTESIAN_POINT('',(-19.80504883341,15.735074017861,0.));
#17920 = DIRECTION('',(-0.,-0.,-1.));
#17921 = DIRECTION('',(0.153871588847,-0.988090853184,0.));
#17922 = ADVANCED_FACE('',(#17923),#17934,.T.);
#17923 = FACE_BOUND('',#17924,.T.);
#17924 = EDGE_LOOP('',(#17925,#17926,#17927,#17933));
#17925 = ORIENTED_EDGE('',*,*,#17894,.T.);
#17926 = ORIENTED_EDGE('',*,*,#17763,.T.);
#17927 = ORIENTED_EDGE('',*,*,#17928,.F.);
#17928 = EDGE_CURVE('',#17474,#17755,#17929,.T.);
#17929 = LINE('',#17930,#17931);
#17930 = CARTESIAN_POINT('',(18.910462,15.735039,0.));
#17931 = VECTOR('',#17932,1.);
#17932 = DIRECTION('',(0.,0.,1.));
#17933 = ORIENTED_EDGE('',*,*,#17482,.F.);
#17934 = PLANE('',#17935);
#17935 = AXIS2_PLACEMENT_3D('',#17936,#17937,#17938);
#17936 = CARTESIAN_POINT('',(1.479508,15.735039,0.));
#17937 = DIRECTION('',(0.,1.,0.));
#17938 = DIRECTION('',(1.,0.,0.));
#17939 = ADVANCED_FACE('',(#17940),#17951,.T.);
#17940 = FACE_BOUND('',#17941,.T.);
#17941 = EDGE_LOOP('',(#17942,#17948,#17949,#17950));
#17942 = ORIENTED_EDGE('',*,*,#17943,.T.);
#17943 = EDGE_CURVE('',#17334,#17615,#17944,.T.);
#17944 = LINE('',#17945,#17946);
#17945 = CARTESIAN_POINT('',(-19.805015,14.450516,0.));
#17946 = VECTOR('',#17947,1.);
#17947 = DIRECTION('',(0.,0.,1.));
#17948 = ORIENTED_EDGE('',*,*,#17614,.T.);
#17949 = ORIENTED_EDGE('',*,*,#17909,.F.);
#17950 = ORIENTED_EDGE('',*,*,#17333,.F.);
#17951 = CYLINDRICAL_SURFACE('',#17952,0.200021488247);
#17952 = AXIS2_PLACEMENT_3D('',#17953,#17954,#17955);
#17953 = CARTESIAN_POINT('',(-19.60499351259,14.450497600588,0.));
#17954 = DIRECTION('',(0.,0.,-1.));
#17955 = DIRECTION('',(-0.999999995769,9.198717443624E-05,0.));
#17956 = ADVANCED_FACE('',(#17957),#17968,.T.);
#17957 = FACE_BOUND('',#17958,.T.);
#17958 = EDGE_LOOP('',(#17959,#17960,#17961,#17967));
#17959 = ORIENTED_EDGE('',*,*,#17928,.T.);
#17960 = ORIENTED_EDGE('',*,*,#17754,.T.);
#17961 = ORIENTED_EDGE('',*,*,#17962,.F.);
#17962 = EDGE_CURVE('',#17465,#17746,#17963,.T.);
#17963 = LINE('',#17964,#17965);
#17964 = CARTESIAN_POINT('',(19.108081,15.565808,0.));
#17965 = VECTOR('',#17966,1.);
#17966 = DIRECTION('',(0.,0.,1.));
#17967 = ORIENTED_EDGE('',*,*,#17473,.F.);
#17968 = CYLINDRICAL_SURFACE('',#17969,0.19996940797);
#17969 = AXIS2_PLACEMENT_3D('',#17970,#17971,#17972);
#17970 = CARTESIAN_POINT('',(18.910488200271,15.535069593747,0.));
#17971 = DIRECTION('',(0.,0.,-1.));
#17972 = DIRECTION('',(-1.310213952612E-04,0.999999991417,0.));
#17973 = ADVANCED_FACE('',(#17974),#17985,.T.);
#17974 = FACE_BOUND('',#17975,.T.);
#17975 = EDGE_LOOP('',(#17976,#17982,#17983,#17984));
#17976 = ORIENTED_EDGE('',*,*,#17977,.T.);
#17977 = EDGE_CURVE('',#17343,#17624,#17978,.T.);
#17978 = LINE('',#17979,#17980);
#17979 = CARTESIAN_POINT('',(-19.805015,-2.980438,0.));
#17980 = VECTOR('',#17981,1.);
#17981 = DIRECTION('',(0.,0.,1.));
#17982 = ORIENTED_EDGE('',*,*,#17623,.T.);
#17983 = ORIENTED_EDGE('',*,*,#17943,.F.);
#17984 = ORIENTED_EDGE('',*,*,#17342,.F.);
#17985 = PLANE('',#17986);
#17986 = AXIS2_PLACEMENT_3D('',#17987,#17988,#17989);
#17987 = CARTESIAN_POINT('',(-19.805015,-2.980438,0.));
#17988 = DIRECTION('',(-1.,0.,0.));
#17989 = DIRECTION('',(0.,1.,0.));
#17990 = ADVANCED_FACE('',(#17991),#18002,.F.);
#17991 = FACE_BOUND('',#17992,.T.);
#17992 = EDGE_LOOP('',(#17993,#17994,#17995,#18001));
#17993 = ORIENTED_EDGE('',*,*,#17962,.T.);
#17994 = ORIENTED_EDGE('',*,*,#17745,.T.);
#17995 = ORIENTED_EDGE('',*,*,#17996,.F.);
#17996 = EDGE_CURVE('',#17456,#17737,#17997,.T.);
#17997 = LINE('',#17998,#17999);
#17998 = CARTESIAN_POINT('',(20.025754,14.648135,0.));
#17999 = VECTOR('',#18000,1.);
#18000 = DIRECTION('',(0.,0.,1.));
#18001 = ORIENTED_EDGE('',*,*,#17464,.F.);
#18002 = CYLINDRICAL_SURFACE('',#18003,1.10019421119);
#18003 = AXIS2_PLACEMENT_3D('',#18004,#18005,#18006);
#18004 = CARTESIAN_POINT('',(20.195155287335,15.735209287335,0.));
#18005 = DIRECTION('',(-0.,-0.,-1.));
#18006 = DIRECTION('',(-0.988074901939,-0.153973985331,0.));
#18007 = ADVANCED_FACE('',(#18008),#18019,.T.);
#18008 = FACE_BOUND('',#18009,.T.);
#18009 = EDGE_LOOP('',(#18010,#18016,#18017,#18018));
#18010 = ORIENTED_EDGE('',*,*,#18011,.T.);
#18011 = EDGE_CURVE('',#17351,#17632,#18012,.T.);
#18012 = LINE('',#18013,#18014);
#18013 = CARTESIAN_POINT('',(-19.635784,-3.178057,0.));
#18014 = VECTOR('',#18015,1.);
#18015 = DIRECTION('',(0.,0.,1.));
#18016 = ORIENTED_EDGE('',*,*,#17631,.T.);
#18017 = ORIENTED_EDGE('',*,*,#17977,.F.);
#18018 = ORIENTED_EDGE('',*,*,#17350,.F.);
#18019 = CYLINDRICAL_SURFACE('',#18020,0.200158373418);
#18020 = AXIS2_PLACEMENT_3D('',#18021,#18022,#18023);
#18021 = CARTESIAN_POINT('',(-19.6048566725,-2.980302417592,0.));
#18022 = DIRECTION('',(0.,0.,-1.));
#18023 = DIRECTION('',(-0.154514282715,-0.987990554832,-0.));
#18024 = ADVANCED_FACE('',(#18025),#18036,.T.);
#18025 = FACE_BOUND('',#18026,.T.);
#18026 = EDGE_LOOP('',(#18027,#18028,#18029,#18035));
#18027 = ORIENTED_EDGE('',*,*,#17996,.T.);
#18028 = ORIENTED_EDGE('',*,*,#17736,.T.);
#18029 = ORIENTED_EDGE('',*,*,#18030,.F.);
#18030 = EDGE_CURVE('',#17448,#17729,#18031,.T.);
#18031 = LINE('',#18032,#18033);
#18032 = CARTESIAN_POINT('',(20.194985,14.450516,0.));
#18033 = VECTOR('',#18034,1.);
#18034 = DIRECTION('',(0.,0.,1.));
#18035 = ORIENTED_EDGE('',*,*,#17455,.F.);
#18036 = CYLINDRICAL_SURFACE('',#18037,0.200145352157);
#18037 = AXIS2_PLACEMENT_3D('',#18038,#18039,#18040);
#18038 = CARTESIAN_POINT('',(19.994839686527,14.45039156215,0.));
#18039 = DIRECTION('',(0.,0.,-1.));
#18040 = DIRECTION('',(0.154459312395,0.987999150209,0.));
#18041 = ADVANCED_FACE('',(#18042),#18053,.F.);
#18042 = FACE_BOUND('',#18043,.T.);
#18043 = EDGE_LOOP('',(#18044,#18050,#18051,#18052));
#18044 = ORIENTED_EDGE('',*,*,#18045,.T.);
#18045 = EDGE_CURVE('',#17360,#17641,#18046,.T.);
#18046 = LINE('',#18047,#18048);
#18047 = CARTESIAN_POINT('',(-18.71811,-4.09573,0.));
#18048 = VECTOR('',#18049,1.);
#18049 = DIRECTION('',(0.,0.,1.));
#18050 = ORIENTED_EDGE('',*,*,#17640,.T.);
#18051 = ORIENTED_EDGE('',*,*,#18011,.F.);
#18052 = ORIENTED_EDGE('',*,*,#17359,.F.);
#18053 = CYLINDRICAL_SURFACE('',#18054,1.099808271391);
#18054 = AXIS2_PLACEMENT_3D('',#18055,#18056,#18057);
#18055 = CARTESIAN_POINT('',(-19.80484629457,-4.264793478808,0.));
#18056 = DIRECTION('',(-0.,-0.,-1.));
#18057 = DIRECTION('',(0.988114313055,0.153720864996,-0.));
#18058 = ADVANCED_FACE('',(#18059),#18070,.T.);
#18059 = FACE_BOUND('',#18060,.T.);
#18060 = EDGE_LOOP('',(#18061,#18062,#18063,#18069));
#18061 = ORIENTED_EDGE('',*,*,#18030,.T.);
#18062 = ORIENTED_EDGE('',*,*,#17728,.T.);
#18063 = ORIENTED_EDGE('',*,*,#18064,.F.);
#18064 = EDGE_CURVE('',#17439,#17720,#18065,.T.);
#18065 = LINE('',#18066,#18067);
#18066 = CARTESIAN_POINT('',(20.194985,-2.980438,0.));
#18067 = VECTOR('',#18068,1.);
#18068 = DIRECTION('',(0.,0.,1.));
#18069 = ORIENTED_EDGE('',*,*,#17447,.F.);
#18070 = PLANE('',#18071);
#18071 = AXIS2_PLACEMENT_3D('',#18072,#18073,#18074);
#18072 = CARTESIAN_POINT('',(20.194985,14.450516,0.));
#18073 = DIRECTION('',(1.,0.,-0.));
#18074 = DIRECTION('',(0.,-1.,0.));
#18075 = ADVANCED_FACE('',(#18076),#18087,.T.);
#18076 = FACE_BOUND('',#18077,.T.);
#18077 = EDGE_LOOP('',(#18078,#18084,#18085,#18086));
#18078 = ORIENTED_EDGE('',*,*,#18079,.T.);
#18079 = EDGE_CURVE('',#17369,#17650,#18080,.T.);
#18080 = LINE('',#18081,#18082);
#18081 = CARTESIAN_POINT('',(-18.520492,-4.264961,0.));
#18082 = VECTOR('',#18083,1.);
#18083 = DIRECTION('',(0.,0.,1.));
#18084 = ORIENTED_EDGE('',*,*,#17649,.T.);
#18085 = ORIENTED_EDGE('',*,*,#18045,.F.);
#18086 = ORIENTED_EDGE('',*,*,#17368,.F.);
#18087 = CYLINDRICAL_SURFACE('',#18088,0.200009488461);
#18088 = AXIS2_PLACEMENT_3D('',#18089,#18090,#18091);
#18089 = CARTESIAN_POINT('',(-18.52048287601,-4.064951511747,0.));
#18090 = DIRECTION('',(0.,0.,-1.));
#18091 = DIRECTION('',(-4.561777099498E-05,-0.99999999896,-0.));
#18092 = ADVANCED_FACE('',(#18093),#18104,.T.);
#18093 = FACE_BOUND('',#18094,.T.);
#18094 = EDGE_LOOP('',(#18095,#18096,#18097,#18103));
#18095 = ORIENTED_EDGE('',*,*,#18064,.T.);
#18096 = ORIENTED_EDGE('',*,*,#17719,.T.);
#18097 = ORIENTED_EDGE('',*,*,#18098,.F.);
#18098 = EDGE_CURVE('',#17430,#17711,#18099,.T.);
#18099 = LINE('',#18100,#18101);
#18100 = CARTESIAN_POINT('',(20.025754,-3.178057,0.));
#18101 = VECTOR('',#18102,1.);
#18102 = DIRECTION('',(0.,0.,1.));
#18103 = ORIENTED_EDGE('',*,*,#17438,.F.);
#18104 = CYLINDRICAL_SURFACE('',#18105,0.19995947084);
#18105 = AXIS2_PLACEMENT_3D('',#18106,#18107,#18108);
#18106 = CARTESIAN_POINT('',(19.995025532173,-2.980472711041,0.));
#18107 = DIRECTION('',(0.,0.,-1.));
#18108 = DIRECTION('',(0.999999984933,1.735903812259E-04,0.));
#18109 = ADVANCED_FACE('',(#18110),#18121,.T.);
#18110 = FACE_BOUND('',#18111,.T.);
#18111 = EDGE_LOOP('',(#18112,#18118,#18119,#18120));
#18112 = ORIENTED_EDGE('',*,*,#18113,.T.);
#18113 = EDGE_CURVE('',#17378,#17659,#18114,.T.);
#18114 = LINE('',#18115,#18116);
#18115 = CARTESIAN_POINT('',(-1.089538,-4.264961,0.));
#18116 = VECTOR('',#18117,1.);
#18117 = DIRECTION('',(0.,0.,1.));
#18118 = ORIENTED_EDGE('',*,*,#17658,.T.);
#18119 = ORIENTED_EDGE('',*,*,#18079,.F.);
#18120 = ORIENTED_EDGE('',*,*,#17377,.F.);
#18121 = PLANE('',#18122);
#18122 = AXIS2_PLACEMENT_3D('',#18123,#18124,#18125);
#18123 = CARTESIAN_POINT('',(-1.089538,-4.264961,0.));
#18124 = DIRECTION('',(0.,-1.,0.));
#18125 = DIRECTION('',(-1.,0.,0.));
#18126 = ADVANCED_FACE('',(#18127),#18138,.F.);
#18127 = FACE_BOUND('',#18128,.T.);
#18128 = EDGE_LOOP('',(#18129,#18130,#18131,#18137));
#18129 = ORIENTED_EDGE('',*,*,#18098,.T.);
#18130 = ORIENTED_EDGE('',*,*,#17710,.T.);
#18131 = ORIENTED_EDGE('',*,*,#18132,.F.);
#18132 = EDGE_CURVE('',#17421,#17702,#18133,.T.);
#18133 = LINE('',#18134,#18135);
#18134 = CARTESIAN_POINT('',(19.108081,-4.09573,0.));
#18135 = VECTOR('',#18136,1.);
#18136 = DIRECTION('',(0.,0.,1.));
#18137 = ORIENTED_EDGE('',*,*,#17429,.F.);
#18138 = CYLINDRICAL_SURFACE('',#18139,1.100072577217);
#18139 = AXIS2_PLACEMENT_3D('',#18140,#18141,#18142);
#18140 = CARTESIAN_POINT('',(20.195048779145,-4.265024779145,0.));
#18141 = DIRECTION('',(-0.,-0.,-1.));
#18142 = DIRECTION('',(-0.153894190848,0.988087333196,0.));
#18143 = ADVANCED_FACE('',(#18144),#18155,.T.);
#18144 = FACE_BOUND('',#18145,.T.);
#18145 = EDGE_LOOP('',(#18146,#18152,#18153,#18154));
#18146 = ORIENTED_EDGE('',*,*,#18147,.T.);
#18147 = EDGE_CURVE('',#17386,#17667,#18148,.T.);
#18148 = LINE('',#18149,#18150);
#18149 = CARTESIAN_POINT('',(-0.891919,-4.09573,0.));
#18150 = VECTOR('',#18151,1.);
#18151 = DIRECTION('',(0.,0.,1.));
#18152 = ORIENTED_EDGE('',*,*,#17666,.T.);
#18153 = ORIENTED_EDGE('',*,*,#18113,.F.);
#18154 = ORIENTED_EDGE('',*,*,#17385,.F.);
#18155 = CYLINDRICAL_SURFACE('',#18156,0.200135030689);
#18156 = AXIS2_PLACEMENT_3D('',#18157,#18158,#18159);
#18157 = CARTESIAN_POINT('',(-1.089653603597,-4.064826002699,0.));
#18158 = DIRECTION('',(0.,0.,-1.));
#18159 = DIRECTION('',(0.988005962356,-0.154415732192,0.));
#18160 = ADVANCED_FACE('',(#18161),#18172,.T.);
#18161 = FACE_BOUND('',#18162,.T.);
#18162 = EDGE_LOOP('',(#18163,#18164,#18165,#18171));
#18163 = ORIENTED_EDGE('',*,*,#18132,.T.);
#18164 = ORIENTED_EDGE('',*,*,#17701,.T.);
#18165 = ORIENTED_EDGE('',*,*,#18166,.F.);
#18166 = EDGE_CURVE('',#17413,#17694,#18167,.T.);
#18167 = LINE('',#18168,#18169);
#18168 = CARTESIAN_POINT('',(18.910462,-4.264961,0.));
#18169 = VECTOR('',#18170,1.);
#18170 = DIRECTION('',(0.,0.,1.));
#18171 = ORIENTED_EDGE('',*,*,#17420,.F.);
#18172 = CYLINDRICAL_SURFACE('',#18173,0.200050283286);
#18173 = AXIS2_PLACEMENT_3D('',#18174,#18175,#18176);
#18174 = CARTESIAN_POINT('',(18.910418945204,-4.064910721347,0.));
#18175 = DIRECTION('',(0.,0.,-1.));
#18176 = DIRECTION('',(0.988061858994,-0.154057660639,0.));
#18177 = ADVANCED_FACE('',(#18178),#18189,.F.);
#18178 = FACE_BOUND('',#18179,.T.);
#18179 = EDGE_LOOP('',(#18180,#18186,#18187,#18188));
#18180 = ORIENTED_EDGE('',*,*,#18181,.T.);
#18181 = EDGE_CURVE('',#17395,#17676,#18182,.T.);
#18182 = LINE('',#18183,#18184);
#18183 = CARTESIAN_POINT('',(1.28189,-4.09573,0.));
#18184 = VECTOR('',#18185,1.);
#18185 = DIRECTION('',(0.,0.,1.));
#18186 = ORIENTED_EDGE('',*,*,#17675,.T.);
#18187 = ORIENTED_EDGE('',*,*,#18147,.F.);
#18188 = ORIENTED_EDGE('',*,*,#17394,.F.);
#18189 = CYLINDRICAL_SURFACE('',#18190,1.099999917574);
#18190 = AXIS2_PLACEMENT_3D('',#18191,#18192,#18193);
#18191 = CARTESIAN_POINT('',(0.1949855,-4.264958917574,0.));
#18192 = DIRECTION('',(-0.,-0.,-1.));
#18193 = DIRECTION('',(0.98809507404,0.15384448205,-0.));
#18194 = ADVANCED_FACE('',(#18195),#18206,.T.);
#18195 = FACE_BOUND('',#18196,.T.);
#18196 = EDGE_LOOP('',(#18197,#18198,#18199,#18205));
#18197 = ORIENTED_EDGE('',*,*,#18166,.T.);
#18198 = ORIENTED_EDGE('',*,*,#17693,.T.);
#18199 = ORIENTED_EDGE('',*,*,#18200,.F.);
#18200 = EDGE_CURVE('',#17404,#17685,#18201,.T.);
#18201 = LINE('',#18202,#18203);
#18202 = CARTESIAN_POINT('',(1.479508,-4.264961,0.));
#18203 = VECTOR('',#18204,1.);
#18204 = DIRECTION('',(0.,0.,1.));
#18205 = ORIENTED_EDGE('',*,*,#17412,.F.);
#18206 = PLANE('',#18207);
#18207 = AXIS2_PLACEMENT_3D('',#18208,#18209,#18210);
#18208 = CARTESIAN_POINT('',(18.910462,-4.264961,0.));
#18209 = DIRECTION('',(0.,-1.,0.));
#18210 = DIRECTION('',(-1.,0.,0.));
#18211 = ADVANCED_FACE('',(#18212),#18218,.T.);
#18212 = FACE_BOUND('',#18213,.T.);
#18213 = EDGE_LOOP('',(#18214,#18215,#18216,#18217));
#18214 = ORIENTED_EDGE('',*,*,#18200,.T.);
#18215 = ORIENTED_EDGE('',*,*,#17684,.T.);
#18216 = ORIENTED_EDGE('',*,*,#18181,.F.);
#18217 = ORIENTED_EDGE('',*,*,#17403,.F.);
#18218 = CYLINDRICAL_SURFACE('',#18219,0.200009488461);
#18219 = AXIS2_PLACEMENT_3D('',#18220,#18221,#18222);
#18220 = CARTESIAN_POINT('',(1.479517123987,-4.064951511747,0.));
#18221 = DIRECTION('',(0.,0.,-1.));
#18222 = DIRECTION('',(-4.561777099275E-05,-0.99999999896,-0.));
#18223 = ADVANCED_FACE('',(#18224),#18235,.F.);
#18224 = FACE_BOUND('',#18225,.T.);
#18225 = EDGE_LOOP('',(#18226,#18227,#18233,#18234));
#18226 = ORIENTED_EDGE('',*,*,#17500,.T.);
#18227 = ORIENTED_EDGE('',*,*,#18228,.T.);
#18228 = EDGE_CURVE('',#17501,#17782,#18229,.T.);
#18229 = LINE('',#18230,#18231);
#18230 = CARTESIAN_POINT('',(-10.82,-0.19,-4.6E-02));
#18231 = VECTOR('',#18232,1.);
#18232 = DIRECTION('',(0.,0.,1.));
#18233 = ORIENTED_EDGE('',*,*,#17781,.F.);
#18234 = ORIENTED_EDGE('',*,*,#18228,.F.);
#18235 = CYLINDRICAL_SURFACE('',#18236,0.4);
#18236 = AXIS2_PLACEMENT_3D('',#18237,#18238,#18239);
#18237 = CARTESIAN_POINT('',(-10.82,0.21,-4.6E-02));
#18238 = DIRECTION('',(-0.,-0.,-1.));
#18239 = DIRECTION('',(-0.,-1.,0.));
#18240 = ADVANCED_FACE('',(#18241),#18252,.F.);
#18241 = FACE_BOUND('',#18242,.T.);
#18242 = EDGE_LOOP('',(#18243,#18244,#18250,#18251));
#18243 = ORIENTED_EDGE('',*,*,#17511,.T.);
#18244 = ORIENTED_EDGE('',*,*,#18245,.T.);
#18245 = EDGE_CURVE('',#17512,#17793,#18246,.T.);
#18246 = LINE('',#18247,#18248);
#18247 = CARTESIAN_POINT('',(-8.32,-0.19,-4.6E-02));
#18248 = VECTOR('',#18249,1.);
#18249 = DIRECTION('',(0.,0.,1.));
#18250 = ORIENTED_EDGE('',*,*,#17792,.F.);
#18251 = ORIENTED_EDGE('',*,*,#18245,.F.);
#18252 = CYLINDRICAL_SURFACE('',#18253,0.4);
#18253 = AXIS2_PLACEMENT_3D('',#18254,#18255,#18256);
#18254 = CARTESIAN_POINT('',(-8.32,0.21,-4.6E-02));
#18255 = DIRECTION('',(-0.,-0.,-1.));
#18256 = DIRECTION('',(-0.,-1.,0.));
#18257 = ADVANCED_FACE('',(#18258),#18269,.F.);
#18258 = FACE_BOUND('',#18259,.T.);
#18259 = EDGE_LOOP('',(#18260,#18261,#18267,#18268));
#18260 = ORIENTED_EDGE('',*,*,#17522,.T.);
#18261 = ORIENTED_EDGE('',*,*,#18262,.T.);
#18262 = EDGE_CURVE('',#17523,#17804,#18263,.T.);
#18263 = LINE('',#18264,#18265);
#18264 = CARTESIAN_POINT('',(-16.98,2.99,-4.6E-02));
#18265 = VECTOR('',#18266,1.);
#18266 = DIRECTION('',(0.,0.,1.));
#18267 = ORIENTED_EDGE('',*,*,#17803,.F.);
#18268 = ORIENTED_EDGE('',*,*,#18262,.F.);
#18269 = CYLINDRICAL_SURFACE('',#18270,0.5);
#18270 = AXIS2_PLACEMENT_3D('',#18271,#18272,#18273);
#18271 = CARTESIAN_POINT('',(-16.98,3.49,-4.6E-02));
#18272 = DIRECTION('',(-0.,-0.,-1.));
#18273 = DIRECTION('',(-0.,-1.,0.));
#18274 = ADVANCED_FACE('',(#18275),#18286,.F.);
#18275 = FACE_BOUND('',#18276,.T.);
#18276 = EDGE_LOOP('',(#18277,#18278,#18284,#18285));
#18277 = ORIENTED_EDGE('',*,*,#17533,.T.);
#18278 = ORIENTED_EDGE('',*,*,#18279,.T.);
#18279 = EDGE_CURVE('',#17534,#17815,#18280,.T.);
#18280 = LINE('',#18281,#18282);
#18281 = CARTESIAN_POINT('',(17.135,2.68,-4.6E-02));
#18282 = VECTOR('',#18283,1.);
#18283 = DIRECTION('',(0.,0.,1.));
#18284 = ORIENTED_EDGE('',*,*,#17814,.F.);
#18285 = ORIENTED_EDGE('',*,*,#18279,.F.);
#18286 = CYLINDRICAL_SURFACE('',#18287,0.5);
#18287 = AXIS2_PLACEMENT_3D('',#18288,#18289,#18290);
#18288 = CARTESIAN_POINT('',(17.135,3.18,-4.6E-02));
#18289 = DIRECTION('',(-0.,-0.,-1.));
#18290 = DIRECTION('',(-0.,-1.,0.));
#18291 = ADVANCED_FACE('',(#18292),#18303,.F.);
#18292 = FACE_BOUND('',#18293,.T.);
#18293 = EDGE_LOOP('',(#18294,#18295,#18301,#18302));
#18294 = ORIENTED_EDGE('',*,*,#17544,.T.);
#18295 = ORIENTED_EDGE('',*,*,#18296,.T.);
#18296 = EDGE_CURVE('',#17545,#17826,#18297,.T.);
#18297 = LINE('',#18298,#18299);
#18298 = CARTESIAN_POINT('',(-16.98,5.49,-4.6E-02));
#18299 = VECTOR('',#18300,1.);
#18300 = DIRECTION('',(0.,0.,1.));
#18301 = ORIENTED_EDGE('',*,*,#17825,.F.);
#18302 = ORIENTED_EDGE('',*,*,#18296,.F.);
#18303 = CYLINDRICAL_SURFACE('',#18304,0.5);
#18304 = AXIS2_PLACEMENT_3D('',#18305,#18306,#18307);
#18305 = CARTESIAN_POINT('',(-16.98,5.99,-4.6E-02));
#18306 = DIRECTION('',(-0.,-0.,-1.));
#18307 = DIRECTION('',(-0.,-1.,0.));
#18308 = ADVANCED_FACE('',(#18309),#18320,.F.);
#18309 = FACE_BOUND('',#18310,.T.);
#18310 = EDGE_LOOP('',(#18311,#18312,#18318,#18319));
#18311 = ORIENTED_EDGE('',*,*,#17555,.T.);
#18312 = ORIENTED_EDGE('',*,*,#18313,.T.);
#18313 = EDGE_CURVE('',#17556,#17837,#18314,.T.);
#18314 = LINE('',#18315,#18316);
#18315 = CARTESIAN_POINT('',(17.105,5.61,-4.6E-02));
#18316 = VECTOR('',#18317,1.);
#18317 = DIRECTION('',(0.,0.,1.));
#18318 = ORIENTED_EDGE('',*,*,#17836,.F.);
#18319 = ORIENTED_EDGE('',*,*,#18313,.F.);
#18320 = CYLINDRICAL_SURFACE('',#18321,0.5);
#18321 = AXIS2_PLACEMENT_3D('',#18322,#18323,#18324);
#18322 = CARTESIAN_POINT('',(17.105,6.11,-4.6E-02));
#18323 = DIRECTION('',(-0.,-0.,-1.));
#18324 = DIRECTION('',(-0.,-1.,0.));
#18325 = ADVANCED_FACE('',(#18326),#18337,.F.);
#18326 = FACE_BOUND('',#18327,.T.);
#18327 = EDGE_LOOP('',(#18328,#18329,#18335,#18336));
#18328 = ORIENTED_EDGE('',*,*,#17566,.T.);
#18329 = ORIENTED_EDGE('',*,*,#18330,.T.);
#18330 = EDGE_CURVE('',#17567,#17848,#18331,.T.);
#18331 = LINE('',#18332,#18333);
#18332 = CARTESIAN_POINT('',(3.903959,8.29,-4.6E-02));
#18333 = VECTOR('',#18334,1.);
#18334 = DIRECTION('',(0.,0.,1.));
#18335 = ORIENTED_EDGE('',*,*,#17847,.F.);
#18336 = ORIENTED_EDGE('',*,*,#18330,.F.);
#18337 = CYLINDRICAL_SURFACE('',#18338,0.6);
#18338 = AXIS2_PLACEMENT_3D('',#18339,#18340,#18341);
#18339 = CARTESIAN_POINT('',(3.903959,8.89,-4.6E-02));
#18340 = DIRECTION('',(-0.,-0.,-1.));
#18341 = DIRECTION('',(-0.,-1.,0.));
#18342 = ADVANCED_FACE('',(#18343),#18354,.F.);
#18343 = FACE_BOUND('',#18344,.T.);
#18344 = EDGE_LOOP('',(#18345,#18346,#18352,#18353));
#18345 = ORIENTED_EDGE('',*,*,#17577,.T.);
#18346 = ORIENTED_EDGE('',*,*,#18347,.T.);
#18347 = EDGE_CURVE('',#17578,#17859,#18348,.T.);
#18348 = LINE('',#18349,#18350);
#18349 = CARTESIAN_POINT('',(8.903959,8.29,-4.6E-02));
#18350 = VECTOR('',#18351,1.);
#18351 = DIRECTION('',(0.,0.,1.));
#18352 = ORIENTED_EDGE('',*,*,#17858,.F.);
#18353 = ORIENTED_EDGE('',*,*,#18347,.F.);
#18354 = CYLINDRICAL_SURFACE('',#18355,0.6);
#18355 = AXIS2_PLACEMENT_3D('',#18356,#18357,#18358);
#18356 = CARTESIAN_POINT('',(8.903959,8.89,-4.6E-02));
#18357 = DIRECTION('',(-0.,-0.,-1.));
#18358 = DIRECTION('',(-0.,-1.,0.));
#18359 = ( GEOMETRIC_REPRESENTATION_CONTEXT(3) 
GLOBAL_UNCERTAINTY_ASSIGNED_CONTEXT((#18363)) 
GLOBAL_UNIT_ASSIGNED_CONTEXT((#18360,#18361,#18362)) 
REPRESENTATION_CONTEXT('Context #1',
  '3D Context with UNIT and UNCERTAINTY') );
#18360 = ( LENGTH_UNIT() NAMED_UNIT(*) SI_UNIT(.MILLI.,.METRE.) );
#18361 = ( NAMED_UNIT(*) PLANE_ANGLE_UNIT() SI_UNIT($,.RADIAN.) );
#18362 = ( NAMED_UNIT(*) SI_UNIT($,.STERADIAN.) SOLID_ANGLE_UNIT() );
#18363 = UNCERTAINTY_MEASURE_WITH_UNIT(LENGTH_MEASURE(1.E-07),#18360,
  'distance_accuracy_value','confusion accuracy');
#18364 = CONTEXT_DEPENDENT_SHAPE_REPRESENTATION(#18365,#18367);
#18365 = ( REPRESENTATION_RELATIONSHIP('','',#17200,#10) 
REPRESENTATION_RELATIONSHIP_WITH_TRANSFORMATION(#18366) 
SHAPE_REPRESENTATION_RELATIONSHIP() );
#18366 = ITEM_DEFINED_TRANSFORMATION('','',#11,#71);
#18367 = PRODUCT_DEFINITION_SHAPE('Placement','Placement of an item',
  #18368);
#18368 = NEXT_ASSEMBLY_USAGE_OCCURRENCE('15','=>[0:1:1:12]','',#5,#17195
  ,$);
#18369 = PRODUCT_RELATED_PRODUCT_CATEGORY('part',$,(#17197));
#18370 = MECHANICAL_DESIGN_GEOMETRIC_PRESENTATION_REPRESENTATION('',(
    #18371),#18359);
#18371 = STYLED_ITEM('color',(#18372),#17201);
#18372 = PRESENTATION_STYLE_ASSIGNMENT((#18373));
#18373 = SURFACE_STYLE_USAGE(.BOTH.,#18374);
#18374 = SURFACE_SIDE_STYLE('',(#18375));
#18375 = SURFACE_STYLE_FILL_AREA(#18376);
#18376 = FILL_AREA_STYLE('',(#18377));
#18377 = FILL_AREA_STYLE_COLOUR('',#18378);
#18378 = COLOUR_RGB('',0.313304153717,0.484529207832,0.410020903123);
ENDSEC;
END-ISO-10303-21;
